0 verbose cli /usr/local/bin/node /usr/local/bin/npm
1 info using npm@11.6.2
2 info using node@v24.12.0
3 silly config load:file:/usr/local/lib/node_modules/npm/npmrc
4 silly config load:file:/private/var/folders/8w/6bt0s6791sgfprqd3lwk_26r0000gn/T/rncli-init-template-7Y6e6l/.npmrc
5 silly config load:file:/Users/li/.npmrc
6 silly config load:file:/usr/local/etc/npmrc
7 verbose title npm install react-native@0.74.5
8 verbose argv "install" "--save" "--save-exact" "react-native@0.74.5"
9 verbose logfile logs-max:10 dir:/Users/li/voting_management_system/mobile/.npm-cache/_logs/2026-06-08T19_28_29_340Z-
10 verbose logfile /Users/li/voting_management_system/mobile/.npm-cache/_logs/2026-06-08T19_28_29_340Z-debug-0.log
11 silly logfile start cleaning logs, removing 1 files
12 silly packumentCache heap:4496293888 maxSize:1124073472 maxEntrySize:562036736
13 silly logfile done cleaning log files
14 silly idealTree buildDeps
15 silly fetch manifest react-native@0.74.5
16 silly packumentCache full:https://registry.npmjs.org/react-native cache-miss
17 http fetch GET 200 https://registry.npmjs.org/react-native 654ms (cache revalidated)
18 silly packumentCache full:https://registry.npmjs.org/react-native set size:15342453 disposed:false
19 silly fetch manifest @types/react@^18.2.6
20 silly packumentCache full:https://registry.npmjs.org/@types%2freact cache-miss
21 http fetch GET 200 https://registry.npmjs.org/@types%2freact 350ms (cache revalidated)
22 silly packumentCache full:https://registry.npmjs.org/@types%2freact set size:2632776 disposed:false
23 silly fetch manifest react@18.2.0
24 silly packumentCache full:https://registry.npmjs.org/react cache-miss
25 http fetch GET 200 https://registry.npmjs.org/react 110ms (cache revalidated)
26 silly packumentCache full:https://registry.npmjs.org/react set size:6693019 disposed:false
27 silly placeDep ROOT react-native@0.74.5 OK for: rncli-init-template-7y6e6l@1.0.0 want: 0.74.5
28 silly placeDep ROOT react@18.2.0 OK for: react-native@0.74.5 want: 18.2.0
29 silly fetch manifest ws@^6.2.2
30 silly packumentCache full:https://registry.npmjs.org/ws cache-miss
31 silly fetch manifest anser@^1.4.9
32 silly packumentCache full:https://registry.npmjs.org/anser cache-miss
33 silly fetch manifest chalk@^4.0.0
34 silly packumentCache full:https://registry.npmjs.org/chalk cache-miss
35 silly fetch manifest yargs@^17.6.2
36 silly packumentCache full:https://registry.npmjs.org/yargs cache-miss
37 silly fetch manifest mkdirp@^0.5.1
38 silly packumentCache full:https://registry.npmjs.org/mkdirp cache-miss
39 silly fetch manifest promise@^8.3.0
40 silly packumentCache full:https://registry.npmjs.org/promise cache-miss
41 silly fetch manifest base64-js@^1.5.1
42 silly packumentCache full:https://registry.npmjs.org/base64-js cache-miss
43 silly fetch manifest invariant@^2.2.4
44 silly packumentCache full:https://registry.npmjs.org/invariant cache-miss
45 silly fetch manifest scheduler@0.24.0-canary-efb381bbf-20230505
46 silly packumentCache full:https://registry.npmjs.org/scheduler cache-miss
47 silly fetch manifest ansi-regex@^5.0.0
48 silly packumentCache full:https://registry.npmjs.org/ansi-regex cache-miss
49 silly fetch manifest nullthrows@^1.1.1
50 silly packumentCache full:https://registry.npmjs.org/nullthrows cache-miss
51 silly fetch manifest jsc-android@^250231.0.0
52 silly packumentCache full:https://registry.npmjs.org/jsc-android cache-miss
53 silly fetch manifest memoize-one@^5.0.0
54 silly packumentCache full:https://registry.npmjs.org/memoize-one cache-miss
55 silly fetch manifest whatwg-fetch@^3.0.0
56 silly packumentCache full:https://registry.npmjs.org/whatwg-fetch cache-miss
57 silly fetch manifest metro-runtime@^0.80.3
58 silly packumentCache full:https://registry.npmjs.org/metro-runtime cache-miss
59 http fetch GET 200 https://registry.npmjs.org/nullthrows 320ms (cache revalidated)
60 silly packumentCache full:https://registry.npmjs.org/nullthrows set size:14885 disposed:false
61 silly fetch manifest pretty-format@^26.5.2
62 silly packumentCache full:https://registry.npmjs.org/pretty-format cache-miss
63 http fetch GET 200 https://registry.npmjs.org/promise 326ms (cache revalidated)
64 silly packumentCache full:https://registry.npmjs.org/promise set size:112704 disposed:false
65 silly fetch manifest react-refresh@^0.14.0
66 silly packumentCache full:https://registry.npmjs.org/react-refresh cache-miss
67 http fetch GET 200 https://registry.npmjs.org/chalk 331ms (cache revalidated)
68 silly packumentCache full:https://registry.npmjs.org/chalk set size:117861 disposed:false
69 silly fetch manifest abort-controller@^3.0.0
70 silly packumentCache full:https://registry.npmjs.org/abort-controller cache-miss
71 http fetch GET 200 https://registry.npmjs.org/ws 356ms (cache revalidated)
72 silly packumentCache full:https://registry.npmjs.org/ws set size:427091 disposed:false
73 silly fetch manifest metro-source-map@^0.80.3
74 silly packumentCache full:https://registry.npmjs.org/metro-source-map cache-miss
75 http fetch GET 200 https://registry.npmjs.org/invariant 374ms (cache revalidated)
76 silly packumentCache full:https://registry.npmjs.org/invariant set size:22008 disposed:false
77 silly fetch manifest event-target-shim@^5.0.1
78 silly packumentCache full:https://registry.npmjs.org/event-target-shim cache-miss
79 http fetch GET 200 https://registry.npmjs.org/anser 407ms (cache revalidated)
80 silly packumentCache full:https://registry.npmjs.org/anser set size:109321 disposed:false
81 silly fetch manifest stacktrace-parser@^0.1.10
82 silly packumentCache full:https://registry.npmjs.org/stacktrace-parser cache-miss
83 http fetch GET 200 https://registry.npmjs.org/yargs 411ms (cache revalidated)
84 silly packumentCache full:https://registry.npmjs.org/yargs set size:743056 disposed:false
85 silly fetch manifest flow-enums-runtime@^0.0.6
86 silly packumentCache full:https://registry.npmjs.org/flow-enums-runtime cache-miss
87 http fetch GET 200 https://registry.npmjs.org/metro-runtime 429ms (cache revalidated)
88 silly packumentCache full:https://registry.npmjs.org/metro-runtime set size:217103 disposed:false
89 silly fetch manifest react-devtools-core@^5.0.0
90 silly packumentCache full:https://registry.npmjs.org/react-devtools-core cache-miss
91 http fetch GET 200 https://registry.npmjs.org/base64-js 442ms (cache revalidated)
92 silly packumentCache full:https://registry.npmjs.org/base64-js set size:41270 disposed:false
93 silly fetch manifest regenerator-runtime@^0.13.2
94 silly packumentCache full:https://registry.npmjs.org/regenerator-runtime cache-miss
95 http fetch GET 200 https://registry.npmjs.org/mkdirp 446ms (cache revalidated)
96 silly packumentCache full:https://registry.npmjs.org/mkdirp set size:116431 disposed:false
97 silly fetch manifest @react-native/codegen@0.74.87
98 silly packumentCache full:https://registry.npmjs.org/@react-native%2fcodegen cache-miss
99 http fetch GET 200 https://registry.npmjs.org/whatwg-fetch 445ms (cache revalidated)
100 silly packumentCache full:https://registry.npmjs.org/whatwg-fetch set size:120970 disposed:false
101 silly fetch manifest jest-environment-node@^29.6.3
102 silly packumentCache full:https://registry.npmjs.org/jest-environment-node cache-miss
103 http fetch GET 200 https://registry.npmjs.org/scheduler 462ms (cache revalidated)
104 silly packumentCache full:https://registry.npmjs.org/scheduler set size:5534560 disposed:false
105 silly fetch manifest react-shallow-renderer@^16.15.0
106 silly packumentCache full:https://registry.npmjs.org/react-shallow-renderer cache-miss
107 http fetch GET 200 https://registry.npmjs.org/react-refresh 203ms (cache revalidated)
108 silly packumentCache full:https://registry.npmjs.org/react-refresh set size:6363009 disposed:false
109 silly fetch manifest @react-native/js-polyfills@0.74.87
110 silly packumentCache full:https://registry.npmjs.org/@react-native%2fjs-polyfills cache-miss
111 http fetch GET 200 https://registry.npmjs.org/metro-source-map 235ms (cache revalidated)
112 silly packumentCache full:https://registry.npmjs.org/metro-source-map set size:424782 disposed:false
113 silly fetch manifest @react-native-community/cli@13.6.9
114 silly packumentCache full:https://registry.npmjs.org/@react-native-community%2fcli cache-miss
115 http fetch GET 200 https://registry.npmjs.org/ansi-regex 630ms (cache revalidated)
116 silly packumentCache full:https://registry.npmjs.org/ansi-regex set size:43572 disposed:false
117 silly fetch manifest @react-native/gradle-plugin@0.74.87
118 silly packumentCache full:https://registry.npmjs.org/@react-native%2fgradle-plugin cache-miss
119 http fetch GET 200 https://registry.npmjs.org/memoize-one 640ms (cache revalidated)
120 silly packumentCache full:https://registry.npmjs.org/memoize-one set size:217155 disposed:false
121 silly fetch manifest @react-native/assets-registry@0.74.87
122 silly packumentCache full:https://registry.npmjs.org/@react-native%2fassets-registry cache-miss
123 http fetch GET 200 https://registry.npmjs.org/jsc-android 645ms (cache revalidated)
124 silly packumentCache full:https://registry.npmjs.org/jsc-android set size:162390 disposed:false
125 silly fetch manifest @react-native/normalize-colors@0.74.87
126 silly packumentCache full:https://registry.npmjs.org/@react-native%2fnormalize-colors cache-miss
127 http fetch GET 200 https://registry.npmjs.org/abort-controller 323ms (cache revalidated)
128 silly packumentCache full:https://registry.npmjs.org/abort-controller set size:47272 disposed:false
129 silly fetch manifest @jest/create-cache-key-function@^29.6.3
130 silly packumentCache full:https://registry.npmjs.org/@jest%2fcreate-cache-key-function cache-miss
131 http fetch GET 200 https://registry.npmjs.org/pretty-format 359ms (cache revalidated)
132 silly packumentCache full:https://registry.npmjs.org/pretty-format set size:598313 disposed:false
133 silly fetch manifest @react-native/virtualized-lists@0.74.87
134 silly packumentCache full:https://registry.npmjs.org/@react-native%2fvirtualized-lists cache-miss
135 http fetch GET 200 https://registry.npmjs.org/event-target-shim 332ms (cache revalidated)
136 silly packumentCache full:https://registry.npmjs.org/event-target-shim set size:103601 disposed:false
137 silly fetch manifest @react-native/community-cli-plugin@0.74.87
138 silly packumentCache full:https://registry.npmjs.org/@react-native%2fcommunity-cli-plugin cache-miss
139 http fetch GET 200 https://registry.npmjs.org/jest-environment-node 260ms (cache revalidated)
140 silly packumentCache full:https://registry.npmjs.org/jest-environment-node set size:648735 disposed:false
141 silly fetch manifest @react-native-community/cli-platform-ios@13.6.9
142 silly packumentCache full:https://registry.npmjs.org/@react-native-community%2fcli-platform-ios cache-miss
143 http fetch GET 200 https://registry.npmjs.org/regenerator-runtime 280ms (cache revalidated)
144 silly packumentCache full:https://registry.npmjs.org/regenerator-runtime set size:59671 disposed:false
145 silly fetch manifest @react-native-community/cli-platform-android@13.6.9
146 silly packumentCache full:https://registry.npmjs.org/@react-native-community%2fcli-platform-android cache-miss
147 http fetch GET 200 https://registry.npmjs.org/react-devtools-core 286ms (cache revalidated)
148 silly packumentCache full:https://registry.npmjs.org/react-devtools-core set size:459848 disposed:false
149 silly fetch manifest loose-envify@^1.1.0
150 silly packumentCache full:https://registry.npmjs.org/loose-envify cache-miss
151 http fetch GET 200 https://registry.npmjs.org/loose-envify 93ms (cache revalidated)
152 silly packumentCache full:https://registry.npmjs.org/loose-envify set size:12559 disposed:false
153 http fetch GET 200 https://registry.npmjs.org/stacktrace-parser 516ms (cache revalidated)
154 silly packumentCache full:https://registry.npmjs.org/stacktrace-parser set size:31168 disposed:false
155 http fetch GET 200 https://registry.npmjs.org/flow-enums-runtime 503ms (cache revalidated)
156 silly packumentCache full:https://registry.npmjs.org/flow-enums-runtime set size:20749 disposed:false
157 http fetch GET 200 https://registry.npmjs.org/@react-native%2fassets-registry 306ms (cache revalidated)
158 silly packumentCache full:https://registry.npmjs.org/@react-native%2fassets-registry set size:1886180 disposed:false
159 http fetch GET 200 https://registry.npmjs.org/react-shallow-renderer 452ms (cache revalidated)
160 silly packumentCache full:https://registry.npmjs.org/react-shallow-renderer set size:37224 disposed:false
161 http fetch GET 200 https://registry.npmjs.org/@react-native%2fvirtualized-lists 308ms (cache revalidated)
162 silly packumentCache full:https://registry.npmjs.org/@react-native%2fvirtualized-lists set size:2334448 disposed:false
163 http fetch GET 200 https://registry.npmjs.org/@react-native-community%2fcli 543ms (cache revalidated)
164 silly packumentCache full:https://registry.npmjs.org/@react-native-community%2fcli set size:1033361 disposed:false
165 http fetch GET 200 https://registry.npmjs.org/@react-native%2fjs-polyfills 623ms (cache revalidated)
166 silly packumentCache full:https://registry.npmjs.org/@react-native%2fjs-polyfills set size:1881125 disposed:false
167 http fetch GET 200 https://registry.npmjs.org/@react-native%2fcodegen 788ms (cache revalidated)
168 silly packumentCache full:https://registry.npmjs.org/@react-native%2fcodegen set size:2867591 disposed:false
169 http fetch GET 200 https://registry.npmjs.org/@react-native%2fgradle-plugin 641ms (cache revalidated)
170 silly packumentCache full:https://registry.npmjs.org/@react-native%2fgradle-plugin set size:2032877 disposed:false
171 http fetch GET 200 https://registry.npmjs.org/@react-native%2fnormalize-colors 647ms (cache revalidated)
172 silly packumentCache full:https://registry.npmjs.org/@react-native%2fnormalize-colors set size:1893590 disposed:false
173 http fetch GET 200 https://registry.npmjs.org/@react-native%2fcommunity-cli-plugin 608ms (cache revalidated)
174 silly packumentCache full:https://registry.npmjs.org/@react-native%2fcommunity-cli-plugin set size:2513016 disposed:false
175 http fetch GET 200 https://registry.npmjs.org/@jest%2fcreate-cache-key-function 767ms (cache revalidated)
176 silly packumentCache full:https://registry.npmjs.org/@jest%2fcreate-cache-key-function set size:231656 disposed:false
177 http fetch GET 200 https://registry.npmjs.org/@react-native-community%2fcli-platform-ios 787ms (cache revalidated)
178 silly packumentCache full:https://registry.npmjs.org/@react-native-community%2fcli-platform-ios set size:894444 disposed:false
179 http fetch GET 200 https://registry.npmjs.org/@react-native-community%2fcli-platform-android 828ms (cache revalidated)
180 silly packumentCache full:https://registry.npmjs.org/@react-native-community%2fcli-platform-android set size:959773 disposed:false
181 silly placeDep ROOT loose-envify@1.4.0 OK for: react@18.2.0 want: ^1.1.0
182 silly fetch manifest js-tokens@^3.0.0 || ^4.0.0
183 silly packumentCache full:https://registry.npmjs.org/js-tokens cache-miss
184 http fetch GET 200 https://registry.npmjs.org/js-tokens 102ms (cache revalidated)
185 silly packumentCache full:https://registry.npmjs.org/js-tokens set size:41947 disposed:false
186 silly placeDep ROOT js-tokens@4.0.0 OK for: loose-envify@1.4.0 want: ^3.0.0 || ^4.0.0
187 silly fetch manifest @babel/preset-env@^7.1.6
188 silly packumentCache full:https://registry.npmjs.org/@babel%2fpreset-env cache-miss
189 http fetch GET 200 https://registry.npmjs.org/@babel%2fpreset-env 101ms (cache revalidated)
190 silly packumentCache full:https://registry.npmjs.org/@babel%2fpreset-env set size:1191601 disposed:false
191 silly fetch manifest @babel/core@^7.0.0-0
192 silly packumentCache full:https://registry.npmjs.org/@babel%2fcore cache-miss
193 http fetch GET 200 https://registry.npmjs.org/@babel%2fcore 349ms (cache revalidated)
194 silly packumentCache full:https://registry.npmjs.org/@babel%2fcore set size:779631 disposed:false
195 silly fetch manifest react-native@*
196 silly packumentCache full:https://registry.npmjs.org/react-native cache-miss
197 http cache https://registry.npmjs.org/react-native 58ms (cache hit)
198 silly packumentCache full:https://registry.npmjs.org/react-native set size:15342453 disposed:false
199 silly fetch manifest @react-native/jest-preset@0.85.3
200 silly packumentCache full:https://registry.npmjs.org/@react-native%2fjest-preset cache-miss
201 http fetch GET 200 https://registry.npmjs.org/@react-native%2fjest-preset 375ms (cache revalidated)
202 silly packumentCache full:https://registry.npmjs.org/@react-native%2fjest-preset set size:194992 disposed:false
203 silly fetch manifest react@^19.2.3
204 silly packumentCache full:https://registry.npmjs.org/react cache-miss
205 http cache https://registry.npmjs.org/react 18ms (cache hit)
206 silly packumentCache full:https://registry.npmjs.org/react set size:6693019 disposed:false
207 silly fetch manifest @types/react@^19.1.1
208 silly packumentCache full:https://registry.npmjs.org/@types%2freact cache-miss
209 http cache https://registry.npmjs.org/@types%2freact 10ms (cache hit)
210 silly packumentCache full:https://registry.npmjs.org/@types%2freact set size:2632776 disposed:false
211 silly placeDep ROOT @jest/create-cache-key-function@29.7.0 OK for: react-native@0.74.5 want: ^29.6.3
212 silly placeDep ROOT @react-native-community/cli@13.6.9 OK for: react-native@0.74.5 want: 13.6.9
213 silly placeDep ROOT @react-native-community/cli-platform-android@13.6.9 OK for: react-native@0.74.5 want: 13.6.9
214 silly placeDep ROOT @react-native-community/cli-platform-ios@13.6.9 OK for: react-native@0.74.5 want: 13.6.9
215 silly placeDep ROOT @react-native/assets-registry@0.74.87 OK for: react-native@0.74.5 want: 0.74.87
216 silly placeDep ROOT @react-native/codegen@0.74.87 OK for: react-native@0.74.5 want: 0.74.87
217 silly placeDep ROOT @babel/preset-env@7.29.7 OK for: @react-native/codegen@0.74.87 want: ^7.1.6
218 silly placeDep ROOT @babel/core@7.29.7 OK for: @babel/preset-env@7.29.7 want: ^7.0.0-0
219 silly placeDep ROOT @react-native/community-cli-plugin@0.74.87 OK for: react-native@0.74.5 want: 0.74.87
220 silly placeDep ROOT @react-native/gradle-plugin@0.74.87 OK for: react-native@0.74.5 want: 0.74.87
221 silly placeDep ROOT @react-native/js-polyfills@0.74.87 OK for: react-native@0.74.5 want: 0.74.87
222 silly placeDep ROOT @react-native/normalize-colors@0.74.87 OK for: react-native@0.74.5 want: 0.74.87
223 silly placeDep ROOT @react-native/virtualized-lists@0.74.87 OK for: react-native@0.74.5 want: 0.74.87
224 silly placeDep ROOT abort-controller@3.0.0 OK for: react-native@0.74.5 want: ^3.0.0
225 silly placeDep ROOT anser@1.4.10 OK for: react-native@0.74.5 want: ^1.4.9
226 silly placeDep ROOT ansi-regex@5.0.1 OK for: react-native@0.74.5 want: ^5.0.0
227 silly placeDep ROOT base64-js@1.5.1 OK for: react-native@0.74.5 want: ^1.5.1
228 silly placeDep ROOT chalk@4.1.2 OK for: react-native@0.74.5 want: ^4.0.0
229 silly placeDep ROOT event-target-shim@5.0.1 OK for: react-native@0.74.5 want: ^5.0.1
230 silly placeDep ROOT flow-enums-runtime@0.0.6 OK for: react-native@0.74.5 want: ^0.0.6
231 silly placeDep ROOT invariant@2.2.4 OK for: react-native@0.74.5 want: ^2.2.4
232 silly placeDep ROOT jest-environment-node@29.7.0 OK for: react-native@0.74.5 want: ^29.6.3
233 silly placeDep ROOT jsc-android@250231.0.0 OK for: react-native@0.74.5 want: ^250231.0.0
234 silly placeDep ROOT memoize-one@5.2.1 OK for: react-native@0.74.5 want: ^5.0.0
235 silly placeDep ROOT metro-runtime@0.80.12 OK for: react-native@0.74.5 want: ^0.80.3
236 silly placeDep ROOT metro-source-map@0.80.12 OK for: react-native@0.74.5 want: ^0.80.3
237 silly placeDep ROOT mkdirp@0.5.6 OK for: react-native@0.74.5 want: ^0.5.1
238 silly placeDep ROOT nullthrows@1.1.1 OK for: react-native@0.74.5 want: ^1.1.1
239 silly placeDep ROOT pretty-format@26.6.2 OK for: react-native@0.74.5 want: ^26.5.2
240 silly placeDep ROOT promise@8.3.0 OK for: react-native@0.74.5 want: ^8.3.0
241 silly placeDep ROOT react-devtools-core@5.3.2 OK for: react-native@0.74.5 want: ^5.0.0
242 silly placeDep ROOT react-refresh@0.14.2 OK for: react-native@0.74.5 want: ^0.14.0
243 silly placeDep ROOT react-shallow-renderer@16.15.0 OK for: react-native@0.74.5 want: ^16.15.0
244 silly placeDep ROOT regenerator-runtime@0.13.11 OK for: react-native@0.74.5 want: ^0.13.2
245 silly placeDep ROOT scheduler@0.24.0-canary-efb381bbf-20230505 OK for: react-native@0.74.5 want: 0.24.0-canary-efb381bbf-20230505
246 silly placeDep ROOT stacktrace-parser@0.1.11 OK for: react-native@0.74.5 want: ^0.1.10
247 silly placeDep ROOT whatwg-fetch@3.6.20 OK for: react-native@0.74.5 want: ^3.0.0
248 silly placeDep ROOT ws@6.2.4 OK for: react-native@0.74.5 want: ^6.2.2
249 silly placeDep ROOT yargs@17.7.2 OK for: react-native@0.74.5 want: ^17.6.2
250 silly fetch manifest @jest/types@^29.6.3
251 silly packumentCache full:https://registry.npmjs.org/@jest%2ftypes cache-miss
252 silly fetch manifest chalk@^4.1.2
253 silly packumentCache full:https://registry.npmjs.org/chalk cache-hit
254 silly fetch manifest execa@^5.0.0
255 silly packumentCache full:https://registry.npmjs.org/execa cache-miss
256 silly fetch manifest semver@^7.5.2
257 silly packumentCache full:https://registry.npmjs.org/semver cache-miss
258 silly fetch manifest find-up@^4.1.0
259 silly packumentCache full:https://registry.npmjs.org/find-up cache-miss
260 silly fetch manifest prompts@^2.4.2
261 silly packumentCache full:https://registry.npmjs.org/prompts cache-miss
262 silly fetch manifest fs-extra@^8.1.0
263 silly packumentCache full:https://registry.npmjs.org/fs-extra cache-miss
264 silly fetch manifest commander@^9.4.1
265 silly packumentCache full:https://registry.npmjs.org/commander cache-miss
266 silly fetch manifest deepmerge@^4.3.0
267 silly packumentCache full:https://registry.npmjs.org/deepmerge cache-miss
268 silly fetch manifest graceful-fs@^4.1.3
269 silly packumentCache full:https://registry.npmjs.org/graceful-fs cache-miss
270 silly fetch manifest @react-native-community/cli-clean@13.6.9
271 silly packumentCache full:https://registry.npmjs.org/@react-native-community%2fcli-clean cache-miss
272 silly fetch manifest @react-native-community/cli-tools@13.6.9
273 silly packumentCache full:https://registry.npmjs.org/@react-native-community%2fcli-tools cache-miss
274 silly fetch manifest @react-native-community/cli-types@13.6.9
275 silly packumentCache full:https://registry.npmjs.org/@react-native-community%2fcli-types cache-miss
276 silly fetch manifest @react-native-community/cli-config@13.6.9
277 silly packumentCache full:https://registry.npmjs.org/@react-native-community%2fcli-config cache-miss
278 silly fetch manifest @react-native-community/cli-doctor@13.6.9
279 silly packumentCache full:https://registry.npmjs.org/@react-native-community%2fcli-doctor cache-miss
280 silly fetch manifest @react-native-community/cli-hermes@13.6.9
281 silly packumentCache full:https://registry.npmjs.org/@react-native-community%2fcli-hermes cache-miss
282 http fetch GET 200 https://registry.npmjs.org/prompts 90ms (cache revalidated)
283 silly packumentCache full:https://registry.npmjs.org/prompts set size:115896 disposed:false
284 silly fetch manifest @react-native-community/cli-server-api@13.6.9
285 silly packumentCache full:https://registry.npmjs.org/@react-native-community%2fcli-server-api cache-miss
286 http fetch GET 200 https://registry.npmjs.org/semver 95ms (cache revalidated)
287 silly packumentCache full:https://registry.npmjs.org/semver set size:240899 disposed:false
288 silly fetch manifest @react-native-community/cli-debugger-ui@13.6.9
289 silly packumentCache full:https://registry.npmjs.org/@react-native-community%2fcli-debugger-ui cache-miss
290 http fetch GET 200 https://registry.npmjs.org/graceful-fs 101ms (cache revalidated)
291 silly packumentCache full:https://registry.npmjs.org/graceful-fs set size:124285 disposed:false
292 silly fetch manifest execa@^5.0.0
293 silly packumentCache full:https://registry.npmjs.org/execa cache-miss
294 http fetch GET 200 https://registry.npmjs.org/execa 108ms (cache revalidated)
295 silly packumentCache full:https://registry.npmjs.org/execa set size:181234 disposed:false
296 silly fetch manifest logkitty@^0.7.1
297 silly packumentCache full:https://registry.npmjs.org/logkitty cache-miss
298 http fetch GET 200 https://registry.npmjs.org/commander 111ms (cache revalidated)
299 silly packumentCache full:https://registry.npmjs.org/commander set size:353115 disposed:false
300 silly fetch manifest fast-glob@^3.3.2
301 silly packumentCache full:https://registry.npmjs.org/fast-glob cache-miss
302 http fetch GET 200 https://registry.npmjs.org/fs-extra 127ms (cache revalidated)
303 silly packumentCache full:https://registry.npmjs.org/fs-extra set size:234923 disposed:false
304 silly fetch manifest fast-xml-parser@^4.2.4
305 silly packumentCache full:https://registry.npmjs.org/fast-xml-parser cache-miss
306 http fetch GET 200 https://registry.npmjs.org/deepmerge 132ms (cache revalidated)
307 silly packumentCache full:https://registry.npmjs.org/deepmerge set size:101897 disposed:false
308 silly fetch manifest @react-native-community/cli-tools@13.6.9
309 silly packumentCache full:https://registry.npmjs.org/@react-native-community%2fcli-tools cache-miss
310 http fetch GET 200 https://registry.npmjs.org/@jest%2ftypes 138ms (cache revalidated)
311 silly packumentCache full:https://registry.npmjs.org/@jest%2ftypes set size:292365 disposed:false
312 silly fetch manifest @react-native-community/cli-platform-apple@13.6.9
313 silly packumentCache full:https://registry.npmjs.org/@react-native-community%2fcli-platform-apple cache-miss
314 http cache https://registry.npmjs.org/execa 39ms (cache hit)
315 silly packumentCache full:https://registry.npmjs.org/execa set size:181234 disposed:false
316 silly packumentCache full:https://registry.npmjs.org/execa dispose
317 silly fetch manifest glob@^7.1.1
318 silly packumentCache full:https://registry.npmjs.org/glob cache-miss
319 http fetch GET 200 https://registry.npmjs.org/glob 105ms (cache revalidated)
320 silly packumentCache full:https://registry.npmjs.org/glob set size:469465 disposed:false
321 silly fetch manifest jscodeshift@^0.14.0
322 silly packumentCache full:https://registry.npmjs.org/jscodeshift cache-miss
323 http fetch GET 200 https://registry.npmjs.org/find-up 356ms (cache revalidated)
324 silly packumentCache full:https://registry.npmjs.org/find-up set size:42620 disposed:false
325 silly fetch manifest @babel/parser@^7.20.0
326 silly packumentCache full:https://registry.npmjs.org/@babel%2fparser cache-miss
327 http fetch GET 200 https://registry.npmjs.org/fast-glob 335ms (cache revalidated)
328 silly packumentCache full:https://registry.npmjs.org/fast-glob set size:220556 disposed:false
329 silly fetch manifest hermes-parser@0.19.1
330 silly packumentCache full:https://registry.npmjs.org/hermes-parser cache-miss
331 http fetch GET 200 https://registry.npmjs.org/logkitty 361ms (cache revalidated)
332 silly packumentCache full:https://registry.npmjs.org/logkitty set size:68390 disposed:false
333 silly fetch manifest @babel/compat-data@^7.29.7
334 silly packumentCache full:https://registry.npmjs.org/@babel%2fcompat-data cache-miss
335 http fetch GET 200 https://registry.npmjs.org/@babel%2fparser 118ms (cache revalidated)
336 silly packumentCache full:https://registry.npmjs.org/@babel%2fparser set size:730539 disposed:false
337 silly fetch manifest @babel/helper-compilation-targets@^7.29.7
338 silly packumentCache full:https://registry.npmjs.org/@babel%2fhelper-compilation-targets cache-miss
339 http fetch GET 200 https://registry.npmjs.org/fast-xml-parser 358ms (cache revalidated)
340 silly packumentCache full:https://registry.npmjs.org/fast-xml-parser set size:595297 disposed:false
341 silly fetch manifest @babel/helper-plugin-utils@^7.29.7
342 silly packumentCache full:https://registry.npmjs.org/@babel%2fhelper-plugin-utils cache-miss
343 http fetch GET 200 https://registry.npmjs.org/hermes-parser 90ms (cache revalidated)
344 silly packumentCache full:https://registry.npmjs.org/hermes-parser set size:170002 disposed:false
345 silly fetch manifest @babel/helper-validator-option@^7.29.7
346 silly packumentCache full:https://registry.npmjs.org/@babel%2fhelper-validator-option cache-miss
347 http fetch GET 200 https://registry.npmjs.org/@babel%2fcompat-data 128ms (cache revalidated)
348 silly packumentCache full:https://registry.npmjs.org/@babel%2fcompat-data set size:316558 disposed:false
349 silly fetch manifest @babel/plugin-bugfix-firefox-class-in-computed-class-key@^7.29.7
350 silly packumentCache full:https://registry.npmjs.org/@babel%2fplugin-bugfix-firefox-class-in-computed-class-key cache-miss
351 http fetch GET 200 https://registry.npmjs.org/@babel%2fhelper-compilation-targets 134ms (cache revalidated)
352 silly packumentCache full:https://registry.npmjs.org/@babel%2fhelper-compilation-targets set size:227372 disposed:false
353 silly fetch manifest @babel/plugin-bugfix-safari-class-field-initializer-scope@^7.29.7
354 silly packumentCache full:https://registry.npmjs.org/@babel%2fplugin-bugfix-safari-class-field-initializer-scope cache-miss
355 http fetch GET 200 https://registry.npmjs.org/jscodeshift 369ms (cache revalidated)
356 silly packumentCache full:https://registry.npmjs.org/jscodeshift set size:193919 disposed:false
357 silly fetch manifest @babel/plugin-bugfix-safari-id-destructuring-collision-in-function-expression@^7.29.7
358 silly packumentCache full:https://registry.npmjs.org/@babel%2fplugin-bugfix-safari-id-destructuring-collision-in-function-expression cache-miss
359 http fetch GET 200 https://registry.npmjs.org/@babel%2fhelper-validator-option 96ms (cache revalidated)
360 silly packumentCache full:https://registry.npmjs.org/@babel%2fhelper-validator-option set size:99449 disposed:false
361 silly fetch manifest @babel/plugin-bugfix-safari-rest-destructuring-rhs-array@^7.29.7
362 silly packumentCache full:https://registry.npmjs.org/@babel%2fplugin-bugfix-safari-rest-destructuring-rhs-array cache-miss
363 http fetch GET 200 https://registry.npmjs.org/@babel%2fplugin-bugfix-safari-class-field-initializer-scope 122ms (cache revalidated)
364 silly packumentCache full:https://registry.npmjs.org/@babel%2fplugin-bugfix-safari-class-field-initializer-scope set size:51093 disposed:false
365 silly fetch manifest @babel/plugin-bugfix-v8-spread-parameters-in-optional-chaining@^7.29.7
366 silly packumentCache full:https://registry.npmjs.org/@babel%2fplugin-bugfix-v8-spread-parameters-in-optional-chaining cache-miss
367 http fetch GET 200 https://registry.npmjs.org/@babel%2fplugin-bugfix-safari-id-destructuring-collision-in-function-expression 111ms (cache revalidated)
368 silly packumentCache full:https://registry.npmjs.org/@babel%2fplugin-bugfix-safari-id-destructuring-collision-in-function-expression set size:129177 disposed:false
369 silly fetch manifest @babel/plugin-bugfix-v8-static-class-fields-redefine-readonly@^7.29.7
370 silly packumentCache full:https://registry.npmjs.org/@babel%2fplugin-bugfix-v8-static-class-fields-redefine-readonly cache-miss
371 http fetch GET 200 https://registry.npmjs.org/@react-native-community%2fcli-tools 801ms (cache revalidated)
372 silly packumentCache full:https://registry.npmjs.org/@react-native-community%2fcli-tools set size:723471 disposed:false
373 silly fetch manifest @babel/plugin-proposal-private-property-in-object@7.21.0-placeholder-for-preset-env.2
374 silly packumentCache full:https://registry.npmjs.org/@babel%2fplugin-proposal-private-property-in-object cache-miss
375 http fetch GET 200 https://registry.npmjs.org/@react-native-community%2fcli-tools 683ms (cache revalidated)
376 silly packumentCache full:https://registry.npmjs.org/@react-native-community%2fcli-tools set size:723471 disposed:false
377 silly packumentCache full:https://registry.npmjs.org/@react-native-community%2fcli-tools dispose
378 silly fetch manifest @babel/plugin-syntax-import-assertions@^7.29.7
379 silly packumentCache full:https://registry.npmjs.org/@babel%2fplugin-syntax-import-assertions cache-miss
380 http fetch GET 200 https://registry.npmjs.org/@react-native-community%2fcli-hermes 821ms (cache revalidated)
381 silly packumentCache full:https://registry.npmjs.org/@react-native-community%2fcli-hermes set size:544375 disposed:false
382 silly fetch manifest @babel/plugin-syntax-import-attributes@^7.29.7
383 silly packumentCache full:https://registry.npmjs.org/@babel%2fplugin-syntax-import-attributes cache-miss
384 http fetch GET 200 https://registry.npmjs.org/@react-native-community%2fcli-clean 848ms (cache revalidated)
385 silly packumentCache full:https://registry.npmjs.org/@react-native-community%2fcli-clean set size:510494 disposed:false
386 silly fetch manifest @babel/plugin-syntax-unicode-sets-regex@^7.18.6
387 silly packumentCache full:https://registry.npmjs.org/@babel%2fplugin-syntax-unicode-sets-regex cache-miss
388 http fetch GET 200 https://registry.npmjs.org/@babel%2fhelper-plugin-utils 356ms (cache revalidated)
389 silly packumentCache full:https://registry.npmjs.org/@babel%2fhelper-plugin-utils set size:171581 disposed:false
390 silly fetch manifest @babel/plugin-transform-arrow-functions@^7.29.7
391 silly packumentCache full:https://registry.npmjs.org/@babel%2fplugin-transform-arrow-functions cache-miss
392 http fetch GET 200 https://registry.npmjs.org/@react-native-community%2fcli-types 859ms (cache revalidated)
393 silly packumentCache full:https://registry.npmjs.org/@react-native-community%2fcli-types set size:526443 disposed:false
394 silly fetch manifest @babel/plugin-transform-async-generator-functions@^7.29.7
395 silly packumentCache full:https://registry.npmjs.org/@babel%2fplugin-transform-async-generator-functions cache-miss
396 http fetch GET 200 https://registry.npmjs.org/@react-native-community%2fcli-config 867ms (cache revalidated)
397 silly packumentCache full:https://registry.npmjs.org/@react-native-community%2fcli-config set size:564621 disposed:false
398 silly fetch manifest @babel/plugin-transform-async-to-generator@^7.29.7
399 silly packumentCache full:https://registry.npmjs.org/@babel%2fplugin-transform-async-to-generator cache-miss
400 http fetch GET 200 https://registry.npmjs.org/@react-native-community%2fcli-doctor 881ms (cache revalidated)
401 silly packumentCache full:https://registry.npmjs.org/@react-native-community%2fcli-doctor set size:693926 disposed:false
402 silly fetch manifest @babel/plugin-transform-block-scoped-functions@^7.29.7
403 silly packumentCache full:https://registry.npmjs.org/@babel%2fplugin-transform-block-scoped-functions cache-miss
404 http fetch GET 200 https://registry.npmjs.org/@babel%2fplugin-proposal-private-property-in-object 109ms (cache revalidated)
405 silly packumentCache full:https://registry.npmjs.org/@babel%2fplugin-proposal-private-property-in-object set size:80252 disposed:false
406 silly fetch manifest @babel/plugin-transform-block-scoping@^7.29.7
407 silly packumentCache full:https://registry.npmjs.org/@babel%2fplugin-transform-block-scoping cache-miss
408 http fetch GET 200 https://registry.npmjs.org/@react-native-community%2fcli-platform-apple 783ms (cache revalidated)
409 silly packumentCache full:https://registry.npmjs.org/@react-native-community%2fcli-platform-apple set size:240894 disposed:false
410 silly fetch manifest @babel/plugin-transform-class-properties@^7.29.7
411 silly packumentCache full:https://registry.npmjs.org/@babel%2fplugin-transform-class-properties cache-miss
412 http fetch GET 200 https://registry.npmjs.org/@babel%2fplugin-bugfix-firefox-class-in-computed-class-key 323ms (cache revalidated)
413 silly packumentCache full:https://registry.npmjs.org/@babel%2fplugin-bugfix-firefox-class-in-computed-class-key set size:74124 disposed:false
414 silly fetch manifest @babel/plugin-transform-class-static-block@^7.29.7
415 silly packumentCache full:https://registry.npmjs.org/@babel%2fplugin-transform-class-static-block cache-miss
416 http fetch GET 200 https://registry.npmjs.org/@babel%2fplugin-syntax-import-attributes 106ms (cache revalidated)
417 silly packumentCache full:https://registry.npmjs.org/@babel%2fplugin-syntax-import-attributes set size:73361 disposed:false
418 silly fetch manifest @babel/plugin-transform-classes@^7.29.7
419 silly packumentCache full:https://registry.npmjs.org/@babel%2fplugin-transform-classes cache-miss
420 http fetch GET 200 https://registry.npmjs.org/@react-native-community%2fcli-debugger-ui 868ms (cache revalidated)
421 silly packumentCache full:https://registry.npmjs.org/@react-native-community%2fcli-debugger-ui set size:466578 disposed:false
422 silly fetch manifest @babel/plugin-transform-computed-properties@^7.29.7
423 silly packumentCache full:https://registry.npmjs.org/@babel%2fplugin-transform-computed-properties cache-miss
424 http fetch GET 200 https://registry.npmjs.org/@babel%2fplugin-transform-async-generator-functions 106ms (cache revalidated)
425 silly packumentCache full:https://registry.npmjs.org/@babel%2fplugin-transform-async-generator-functions set size:125257 disposed:false
426 silly fetch manifest @babel/plugin-transform-destructuring@^7.29.7
427 silly packumentCache full:https://registry.npmjs.org/@babel%2fplugin-transform-destructuring cache-miss
428 http fetch GET 200 https://registry.npmjs.org/@babel%2fplugin-transform-async-to-generator 109ms (cache revalidated)
429 silly packumentCache full:https://registry.npmjs.org/@babel%2fplugin-transform-async-to-generator set size:244269 disposed:false
430 silly fetch manifest @babel/plugin-transform-dotall-regex@^7.29.7
431 silly packumentCache full:https://registry.npmjs.org/@babel%2fplugin-transform-dotall-regex cache-miss
432 http fetch GET 200 https://registry.npmjs.org/@react-native-community%2fcli-server-api 936ms (cache revalidated)
433 silly packumentCache full:https://registry.npmjs.org/@react-native-community%2fcli-server-api set size:628186 disposed:false
434 silly fetch manifest @babel/plugin-transform-duplicate-keys@^7.29.7
435 silly packumentCache full:https://registry.npmjs.org/@babel%2fplugin-transform-duplicate-keys cache-miss
436 http fetch GET 200 https://registry.npmjs.org/@babel%2fplugin-transform-classes 114ms (cache revalidated)
437 silly packumentCache full:https://registry.npmjs.org/@babel%2fplugin-transform-classes set size:335338 disposed:false
438 silly fetch manifest @babel/plugin-transform-duplicate-named-capturing-groups-regex@^7.29.7
439 silly packumentCache full:https://registry.npmjs.org/@babel%2fplugin-transform-duplicate-named-capturing-groups-regex cache-miss
440 http fetch GET 200 https://registry.npmjs.org/@babel%2fplugin-transform-computed-properties 89ms (cache revalidated)
441 silly packumentCache full:https://registry.npmjs.org/@babel%2fplugin-transform-computed-properties set size:222043 disposed:false
442 silly fetch manifest @babel/plugin-transform-dynamic-import@^7.29.7
443 silly packumentCache full:https://registry.npmjs.org/@babel%2fplugin-transform-dynamic-import cache-miss
444 http fetch GET 200 https://registry.npmjs.org/@babel%2fplugin-bugfix-v8-spread-parameters-in-optional-chaining 333ms (cache revalidated)
445 silly packumentCache full:https://registry.npmjs.org/@babel%2fplugin-bugfix-v8-spread-parameters-in-optional-chaining set size:144194 disposed:false
446 silly fetch manifest @babel/plugin-transform-explicit-resource-management@^7.29.7
447 silly packumentCache full:https://registry.npmjs.org/@babel%2fplugin-transform-explicit-resource-management cache-miss
448 http fetch GET 200 https://registry.npmjs.org/@babel%2fplugin-bugfix-v8-static-class-fields-redefine-readonly 348ms (cache revalidated)
449 silly packumentCache full:https://registry.npmjs.org/@babel%2fplugin-bugfix-v8-static-class-fields-redefine-readonly set size:83744 disposed:false
450 silly fetch manifest @babel/plugin-transform-exponentiation-operator@^7.29.7
451 silly packumentCache full:https://registry.npmjs.org/@babel%2fplugin-transform-exponentiation-operator cache-miss
452 http fetch GET 200 https://registry.npmjs.org/@babel%2fplugin-transform-duplicate-keys 95ms (cache revalidated)
453 silly packumentCache full:https://registry.npmjs.org/@babel%2fplugin-transform-duplicate-keys set size:208440 disposed:false
454 silly fetch manifest @babel/plugin-transform-export-namespace-from@^7.29.7
455 silly packumentCache full:https://registry.npmjs.org/@babel%2fplugin-transform-export-namespace-from cache-miss
456 http fetch GET 200 https://registry.npmjs.org/@babel%2fplugin-syntax-import-assertions 336ms (cache revalidated)
457 silly packumentCache full:https://registry.npmjs.org/@babel%2fplugin-syntax-import-assertions set size:105198 disposed:false
458 silly fetch manifest @babel/plugin-transform-for-of@^7.29.7
459 silly packumentCache full:https://registry.npmjs.org/@babel%2fplugin-transform-for-of cache-miss
460 http fetch GET 200 https://registry.npmjs.org/@babel%2fplugin-transform-arrow-functions 344ms (cache revalidated)
461 silly packumentCache full:https://registry.npmjs.org/@babel%2fplugin-transform-arrow-functions set size:214540 disposed:false
462 silly fetch manifest @babel/plugin-transform-function-name@^7.29.7
463 silly packumentCache full:https://registry.npmjs.org/@babel%2fplugin-transform-function-name cache-miss
464 http fetch GET 200 https://registry.npmjs.org/@babel%2fplugin-syntax-unicode-sets-regex 358ms (cache revalidated)
465 silly packumentCache full:https://registry.npmjs.org/@babel%2fplugin-syntax-unicode-sets-regex set size:22903 disposed:false
466 silly fetch manifest @babel/plugin-transform-json-strings@^7.29.7
467 silly packumentCache full:https://registry.npmjs.org/@babel%2fplugin-transform-json-strings cache-miss
468 http fetch GET 200 https://registry.npmjs.org/@babel%2fplugin-bugfix-safari-rest-destructuring-rhs-array 588ms (cache revalidated)
469 silly packumentCache full:https://registry.npmjs.org/@babel%2fplugin-bugfix-safari-rest-destructuring-rhs-array set size:17043 disposed:false
470 silly fetch manifest @babel/plugin-transform-literals@^7.29.7
471 silly packumentCache full:https://registry.npmjs.org/@babel%2fplugin-transform-literals cache-miss
472 http fetch GET 200 https://registry.npmjs.org/@babel%2fplugin-transform-block-scoping 344ms (cache revalidated)
473 silly packumentCache full:https://registry.npmjs.org/@babel%2fplugin-transform-block-scoping set size:321499 disposed:false
474 silly fetch manifest @babel/plugin-transform-logical-assignment-operators@^7.29.7
475 silly packumentCache full:https://registry.npmjs.org/@babel%2fplugin-transform-logical-assignment-operators cache-miss
476 http fetch GET 200 https://registry.npmjs.org/@babel%2fplugin-transform-block-scoped-functions 362ms (cache revalidated)
477 silly packumentCache full:https://registry.npmjs.org/@babel%2fplugin-transform-block-scoped-functions set size:208939 disposed:false
478 silly fetch manifest @babel/plugin-transform-member-expression-literals@^7.29.7
479 silly packumentCache full:https://registry.npmjs.org/@babel%2fplugin-transform-member-expression-literals cache-miss
480 http fetch GET 200 https://registry.npmjs.org/@babel%2fplugin-transform-function-name 97ms (cache revalidated)
481 silly packumentCache full:https://registry.npmjs.org/@babel%2fplugin-transform-function-name set size:225730 disposed:false
482 silly fetch manifest @babel/plugin-transform-modules-amd@^7.29.7
483 silly packumentCache full:https://registry.npmjs.org/@babel%2fplugin-transform-modules-amd cache-miss
484 http fetch GET 200 https://registry.npmjs.org/@babel%2fplugin-transform-class-static-block 378ms (cache revalidated)
485 silly packumentCache full:https://registry.npmjs.org/@babel%2fplugin-transform-class-static-block set size:104829 disposed:false
486 silly fetch manifest @babel/plugin-transform-modules-commonjs@^7.29.7
487 silly packumentCache full:https://registry.npmjs.org/@babel%2fplugin-transform-modules-commonjs cache-miss
488 http fetch GET 200 https://registry.npmjs.org/@babel%2fplugin-transform-json-strings 112ms (cache revalidated)
489 silly packumentCache full:https://registry.npmjs.org/@babel%2fplugin-transform-json-strings set size:89279 disposed:false
490 silly fetch manifest @babel/plugin-transform-modules-systemjs@^7.29.7
491 silly packumentCache full:https://registry.npmjs.org/@babel%2fplugin-transform-modules-systemjs cache-miss
492 http fetch GET 200 https://registry.npmjs.org/@babel%2fplugin-transform-destructuring 356ms (cache revalidated)
493 silly packumentCache full:https://registry.npmjs.org/@babel%2fplugin-transform-destructuring set size:297249 disposed:false
494 silly fetch manifest @babel/plugin-transform-modules-umd@^7.29.7
495 silly packumentCache full:https://registry.npmjs.org/@babel%2fplugin-transform-modules-umd cache-miss
496 http fetch GET 200 https://registry.npmjs.org/@babel%2fplugin-transform-literals 100ms (cache revalidated)
497 silly packumentCache full:https://registry.npmjs.org/@babel%2fplugin-transform-literals set size:203802 disposed:false
498 silly fetch manifest @babel/plugin-transform-named-capturing-groups-regex@^7.29.7
499 silly packumentCache full:https://registry.npmjs.org/@babel%2fplugin-transform-named-capturing-groups-regex cache-miss
500 http fetch GET 200 https://registry.npmjs.org/@babel%2fplugin-transform-duplicate-named-capturing-groups-regex 348ms (cache revalidated)
501 silly packumentCache full:https://registry.npmjs.org/@babel%2fplugin-transform-duplicate-named-capturing-groups-regex set size:59471 disposed:false
502 silly fetch manifest @babel/plugin-transform-new-target@^7.29.7
503 silly packumentCache full:https://registry.npmjs.org/@babel%2fplugin-transform-new-target cache-miss
504 http fetch GET 200 https://registry.npmjs.org/@babel%2fplugin-transform-modules-amd 102ms (cache revalidated)
505 silly packumentCache full:https://registry.npmjs.org/@babel%2fplugin-transform-modules-amd set size:247319 disposed:false
506 silly fetch manifest @babel/plugin-transform-nullish-coalescing-operator@^7.29.7
507 silly packumentCache full:https://registry.npmjs.org/@babel%2fplugin-transform-nullish-coalescing-operator cache-miss
508 http fetch GET 200 https://registry.npmjs.org/@babel%2fplugin-transform-modules-commonjs 105ms (cache revalidated)
509 silly packumentCache full:https://registry.npmjs.org/@babel%2fplugin-transform-modules-commonjs set size:308786 disposed:false
510 silly fetch manifest @babel/plugin-transform-numeric-separator@^7.29.7
511 silly packumentCache full:https://registry.npmjs.org/@babel%2fplugin-transform-numeric-separator cache-miss
512 http fetch GET 200 https://registry.npmjs.org/@babel%2fplugin-transform-explicit-resource-management 343ms (cache revalidated)
513 silly packumentCache full:https://registry.npmjs.org/@babel%2fplugin-transform-explicit-resource-management set size:32675 disposed:false
514 silly fetch manifest @babel/plugin-transform-object-rest-spread@^7.29.7
515 silly packumentCache full:https://registry.npmjs.org/@babel%2fplugin-transform-object-rest-spread cache-miss
516 http fetch GET 200 https://registry.npmjs.org/@babel%2fplugin-transform-exponentiation-operator 335ms (cache revalidated)
517 silly packumentCache full:https://registry.npmjs.org/@babel%2fplugin-transform-exponentiation-operator set size:218984 disposed:false
518 silly fetch manifest @babel/plugin-transform-object-super@^7.29.7
519 silly packumentCache full:https://registry.npmjs.org/@babel%2fplugin-transform-object-super cache-miss
520 http fetch GET 200 https://registry.npmjs.org/@babel%2fplugin-transform-modules-systemjs 111ms (cache revalidated)
521 silly packumentCache full:https://registry.npmjs.org/@babel%2fplugin-transform-modules-systemjs set size:306054 disposed:false
522 silly fetch manifest @babel/plugin-transform-optional-catch-binding@^7.29.7
523 silly packumentCache full:https://registry.npmjs.org/@babel%2fplugin-transform-optional-catch-binding cache-miss
524 http fetch GET 200 https://registry.npmjs.org/@babel%2fplugin-transform-named-capturing-groups-regex 106ms (cache revalidated)
525 silly packumentCache full:https://registry.npmjs.org/@babel%2fplugin-transform-named-capturing-groups-regex set size:192019 disposed:false
526 silly fetch manifest @babel/plugin-transform-optional-chaining@^7.29.7
527 silly packumentCache full:https://registry.npmjs.org/@babel%2fplugin-transform-optional-chaining cache-miss
528 http fetch GET 200 https://registry.npmjs.org/@babel%2fplugin-transform-export-namespace-from 422ms (cache revalidated)
529 silly packumentCache full:https://registry.npmjs.org/@babel%2fplugin-transform-export-namespace-from set size:88484 disposed:false
530 silly fetch manifest @babel/plugin-transform-parameters@^7.29.7
531 silly packumentCache full:https://registry.npmjs.org/@babel%2fplugin-transform-parameters cache-miss
532 http fetch GET 200 https://registry.npmjs.org/@babel%2fplugin-transform-nullish-coalescing-operator 154ms (cache revalidated)
533 silly packumentCache full:https://registry.npmjs.org/@babel%2fplugin-transform-nullish-coalescing-operator set size:96281 disposed:false
534 silly fetch manifest @babel/plugin-transform-private-methods@^7.29.7
535 silly packumentCache full:https://registry.npmjs.org/@babel%2fplugin-transform-private-methods cache-miss
536 http fetch GET 200 https://registry.npmjs.org/@babel%2fplugin-transform-class-properties 640ms (cache revalidated)
537 silly packumentCache full:https://registry.npmjs.org/@babel%2fplugin-transform-class-properties set size:90519 disposed:false
538 silly fetch manifest @babel/plugin-transform-private-property-in-object@^7.29.7
539 silly packumentCache full:https://registry.npmjs.org/@babel%2fplugin-transform-private-property-in-object cache-miss
540 http fetch GET 200 https://registry.npmjs.org/@babel%2fplugin-transform-object-rest-spread 143ms (cache revalidated)
541 silly packumentCache full:https://registry.npmjs.org/@babel%2fplugin-transform-object-rest-spread set size:113367 disposed:false
542 silly fetch manifest @babel/plugin-transform-property-literals@^7.29.7
543 silly packumentCache full:https://registry.npmjs.org/@babel%2fplugin-transform-property-literals cache-miss
544 http fetch GET 200 https://registry.npmjs.org/@babel%2fplugin-transform-for-of 408ms (cache revalidated)
545 silly packumentCache full:https://registry.npmjs.org/@babel%2fplugin-transform-for-of set size:241562 disposed:false
546 silly fetch manifest @babel/plugin-transform-regenerator@^7.29.7
547 silly packumentCache full:https://registry.npmjs.org/@babel%2fplugin-transform-regenerator cache-miss
548 http fetch GET 200 https://registry.npmjs.org/@babel%2fplugin-transform-numeric-separator 156ms (cache revalidated)
549 silly packumentCache full:https://registry.npmjs.org/@babel%2fplugin-transform-numeric-separator set size:93499 disposed:false
550 silly fetch manifest @babel/plugin-transform-regexp-modifiers@^7.29.7
551 silly packumentCache full:https://registry.npmjs.org/@babel%2fplugin-transform-regexp-modifiers cache-miss
552 http fetch GET 200 https://registry.npmjs.org/@babel%2fplugin-transform-optional-catch-binding 140ms (cache revalidated)
553 silly packumentCache full:https://registry.npmjs.org/@babel%2fplugin-transform-optional-catch-binding set size:90658 disposed:false
554 silly fetch manifest @babel/plugin-transform-reserved-words@^7.29.7
555 silly packumentCache full:https://registry.npmjs.org/@babel%2fplugin-transform-reserved-words cache-miss
556 http fetch GET 200 https://registry.npmjs.org/@babel%2fplugin-transform-dotall-regex 597ms (cache revalidated)
557 silly packumentCache full:https://registry.npmjs.org/@babel%2fplugin-transform-dotall-regex set size:222498 disposed:false
558 silly fetch manifest @babel/plugin-transform-shorthand-properties@^7.29.7
559 silly packumentCache full:https://registry.npmjs.org/@babel%2fplugin-transform-shorthand-properties cache-miss
560 http fetch GET 200 https://registry.npmjs.org/@babel%2fplugin-transform-logical-assignment-operators 326ms (cache revalidated)
561 silly packumentCache full:https://registry.npmjs.org/@babel%2fplugin-transform-logical-assignment-operators set size:99903 disposed:false
562 silly fetch manifest @babel/plugin-transform-spread@^7.29.7
563 silly packumentCache full:https://registry.npmjs.org/@babel%2fplugin-transform-spread cache-miss
564 http fetch GET 200 https://registry.npmjs.org/@babel%2fplugin-transform-dynamic-import 561ms (cache revalidated)
565 silly packumentCache full:https://registry.npmjs.org/@babel%2fplugin-transform-dynamic-import set size:82469 disposed:false
566 silly fetch manifest @babel/plugin-transform-sticky-regex@^7.29.7
567 silly packumentCache full:https://registry.npmjs.org/@babel%2fplugin-transform-sticky-regex cache-miss
568 http fetch GET 200 https://registry.npmjs.org/@babel%2fplugin-transform-member-expression-literals 349ms (cache revalidated)
569 silly packumentCache full:https://registry.npmjs.org/@babel%2fplugin-transform-member-expression-literals set size:207367 disposed:false
570 silly fetch manifest @babel/plugin-transform-template-literals@^7.29.7
571 silly packumentCache full:https://registry.npmjs.org/@babel%2fplugin-transform-template-literals cache-miss
572 http fetch GET 200 https://registry.npmjs.org/@babel%2fplugin-transform-regenerator 100ms (cache revalidated)
573 silly packumentCache full:https://registry.npmjs.org/@babel%2fplugin-transform-regenerator set size:274955 disposed:false
574 silly fetch manifest @babel/plugin-transform-typeof-symbol@^7.29.7
575 silly packumentCache full:https://registry.npmjs.org/@babel%2fplugin-transform-typeof-symbol cache-miss
576 http fetch GET 200 https://registry.npmjs.org/@babel%2fplugin-transform-spread 86ms (cache revalidated)
577 silly packumentCache full:https://registry.npmjs.org/@babel%2fplugin-transform-spread set size:228407 disposed:false
578 silly fetch manifest @babel/plugin-transform-unicode-escapes@^7.29.7
579 silly packumentCache full:https://registry.npmjs.org/@babel%2fplugin-transform-unicode-escapes cache-miss
580 http fetch GET 200 https://registry.npmjs.org/@babel%2fplugin-transform-private-property-in-object 118ms (cache revalidated)
581 silly packumentCache full:https://registry.npmjs.org/@babel%2fplugin-transform-private-property-in-object set size:100320 disposed:false
582 silly fetch manifest @babel/plugin-transform-unicode-property-regex@^7.29.7
583 silly packumentCache full:https://registry.npmjs.org/@babel%2fplugin-transform-unicode-property-regex cache-miss
584 http fetch GET 200 https://registry.npmjs.org/@babel%2fplugin-transform-property-literals 117ms (cache revalidated)
585 silly packumentCache full:https://registry.npmjs.org/@babel%2fplugin-transform-property-literals set size:202291 disposed:false
586 silly fetch manifest @babel/plugin-transform-unicode-regex@^7.29.7
587 silly packumentCache full:https://registry.npmjs.org/@babel%2fplugin-transform-unicode-regex cache-miss
588 http fetch GET 200 https://registry.npmjs.org/@babel%2fplugin-transform-private-methods 128ms (cache revalidated)
589 silly packumentCache full:https://registry.npmjs.org/@babel%2fplugin-transform-private-methods set size:87208 disposed:false
590 silly fetch manifest @babel/plugin-transform-unicode-sets-regex@^7.29.7
591 silly packumentCache full:https://registry.npmjs.org/@babel%2fplugin-transform-unicode-sets-regex cache-miss
592 http fetch GET 200 https://registry.npmjs.org/@babel%2fplugin-transform-modules-umd 363ms (cache revalidated)
593 silly packumentCache full:https://registry.npmjs.org/@babel%2fplugin-transform-modules-umd set size:224637 disposed:false
594 silly fetch manifest @babel/preset-modules@0.1.6-no-external-plugins
595 silly packumentCache full:https://registry.npmjs.org/@babel%2fpreset-modules cache-miss
596 http fetch GET 200 https://registry.npmjs.org/@babel%2fplugin-transform-shorthand-properties 120ms (cache revalidated)
597 silly packumentCache full:https://registry.npmjs.org/@babel%2fplugin-transform-shorthand-properties set size:202489 disposed:false
598 silly fetch manifest babel-plugin-polyfill-corejs2@^0.4.15
599 silly packumentCache full:https://registry.npmjs.org/babel-plugin-polyfill-corejs2 cache-miss
600 http fetch GET 200 https://registry.npmjs.org/@babel%2fplugin-transform-reserved-words 128ms (cache revalidated)
601 silly packumentCache full:https://registry.npmjs.org/@babel%2fplugin-transform-reserved-words set size:201267 disposed:false
602 silly fetch manifest babel-plugin-polyfill-corejs3@^0.14.0
603 silly packumentCache full:https://registry.npmjs.org/babel-plugin-polyfill-corejs3 cache-miss
604 http fetch GET 200 https://registry.npmjs.org/@babel%2fplugin-transform-sticky-regex 106ms (cache revalidated)
605 silly packumentCache full:https://registry.npmjs.org/@babel%2fplugin-transform-sticky-regex set size:203294 disposed:false
606 silly fetch manifest babel-plugin-polyfill-regenerator@^0.6.6
607 silly packumentCache full:https://registry.npmjs.org/babel-plugin-polyfill-regenerator cache-miss
608 http fetch GET 200 https://registry.npmjs.org/@babel%2fplugin-transform-new-target 362ms (cache revalidated)
609 silly packumentCache full:https://registry.npmjs.org/@babel%2fplugin-transform-new-target set size:219388 disposed:false
610 silly fetch manifest core-js-compat@^3.48.0
611 silly packumentCache full:https://registry.npmjs.org/core-js-compat cache-miss
612 http fetch GET 200 https://registry.npmjs.org/@babel%2fplugin-transform-object-super 341ms (cache revalidated)
613 silly packumentCache full:https://registry.npmjs.org/@babel%2fplugin-transform-object-super set size:207579 disposed:false
614 silly fetch manifest semver@^6.3.1
615 silly packumentCache full:https://registry.npmjs.org/semver cache-hit
616 silly fetch manifest @babel/code-frame@^7.29.7
617 silly packumentCache full:https://registry.npmjs.org/@babel%2fcode-frame cache-miss
618 http fetch GET 200 https://registry.npmjs.org/@babel%2fplugin-transform-optional-chaining 336ms (cache revalidated)
619 silly packumentCache full:https://registry.npmjs.org/@babel%2fplugin-transform-optional-chaining set size:113941 disposed:false
620 silly fetch manifest @babel/generator@^7.29.7
621 silly packumentCache full:https://registry.npmjs.org/@babel%2fgenerator cache-miss
622 http fetch GET 200 https://registry.npmjs.org/@babel%2fplugin-transform-typeof-symbol 108ms (cache revalidated)
623 silly packumentCache full:https://registry.npmjs.org/@babel%2fplugin-transform-typeof-symbol set size:231746 disposed:false
624 silly fetch manifest @babel/helper-module-transforms@^7.29.7
625 silly packumentCache full:https://registry.npmjs.org/@babel%2fhelper-module-transforms cache-miss
626 http fetch GET 200 https://registry.npmjs.org/@babel%2fplugin-transform-unicode-regex 111ms (cache revalidated)
627 silly packumentCache full:https://registry.npmjs.org/@babel%2fplugin-transform-unicode-regex set size:216398 disposed:false
628 silly fetch manifest @babel/helpers@^7.29.7
629 silly packumentCache full:https://registry.npmjs.org/@babel%2fhelpers cache-miss
630 http fetch GET 200 https://registry.npmjs.org/@babel%2fplugin-transform-unicode-property-regex 120ms (cache revalidated)
631 silly packumentCache full:https://registry.npmjs.org/@babel%2fplugin-transform-unicode-property-regex set size:93452 disposed:false
632 silly fetch manifest @babel/parser@^7.29.7
633 silly packumentCache full:https://registry.npmjs.org/@babel%2fparser cache-hit
634 silly fetch manifest @babel/template@^7.29.7
635 silly packumentCache full:https://registry.npmjs.org/@babel%2ftemplate cache-miss
636 http fetch GET 200 https://registry.npmjs.org/babel-plugin-polyfill-corejs3 97ms (cache revalidated)
637 silly packumentCache full:https://registry.npmjs.org/babel-plugin-polyfill-corejs3 set size:150424 disposed:false
638 silly fetch manifest @babel/traverse@^7.29.7
639 silly packumentCache full:https://registry.npmjs.org/@babel%2ftraverse cache-miss
640 http fetch GET 200 https://registry.npmjs.org/babel-plugin-polyfill-corejs2 110ms (cache revalidated)
641 silly packumentCache full:https://registry.npmjs.org/babel-plugin-polyfill-corejs2 set size:116417 disposed:false
642 silly fetch manifest @babel/types@^7.29.7
643 silly packumentCache full:https://registry.npmjs.org/@babel%2ftypes cache-miss
644 http fetch GET 200 https://registry.npmjs.org/babel-plugin-polyfill-regenerator 88ms (cache revalidated)
645 silly packumentCache full:https://registry.npmjs.org/babel-plugin-polyfill-regenerator set size:98875 disposed:false
646 silly fetch manifest @jridgewell/remapping@^2.3.5
647 silly packumentCache full:https://registry.npmjs.org/@jridgewell%2fremapping cache-miss
648 http fetch GET 200 https://registry.npmjs.org/@babel%2fgenerator 85ms (cache revalidated)
649 silly packumentCache full:https://registry.npmjs.org/@babel%2fgenerator set size:518214 disposed:false
650 silly fetch manifest convert-source-map@^2.0.0
651 silly packumentCache full:https://registry.npmjs.org/convert-source-map cache-miss
652 http fetch GET 200 https://registry.npmjs.org/core-js-compat 117ms (cache revalidated)
653 silly packumentCache full:https://registry.npmjs.org/core-js-compat set size:345744 disposed:false
654 silly fetch manifest debug@^4.1.0
655 silly packumentCache full:https://registry.npmjs.org/debug cache-miss
656 http fetch GET 200 https://registry.npmjs.org/@babel%2fcode-frame 115ms (cache revalidated)
657 silly packumentCache full:https://registry.npmjs.org/@babel%2fcode-frame set size:204481 disposed:false
658 silly fetch manifest gensync@^1.0.0-beta.2
659 silly packumentCache full:https://registry.npmjs.org/gensync cache-miss
660 http fetch GET 200 https://registry.npmjs.org/@babel%2fhelpers 103ms (cache revalidated)
661 silly packumentCache full:https://registry.npmjs.org/@babel%2fhelpers set size:396351 disposed:false
662 silly fetch manifest json5@^2.2.3
663 silly packumentCache full:https://registry.npmjs.org/json5 cache-miss
664 http fetch GET 200 https://registry.npmjs.org/@babel%2fplugin-transform-regexp-modifiers 347ms (cache revalidated)
665 silly packumentCache full:https://registry.npmjs.org/@babel%2fplugin-transform-regexp-modifiers set size:44800 disposed:false
666 silly fetch manifest execa@^5.1.1
667 silly packumentCache full:https://registry.npmjs.org/execa cache-hit
668 silly fetch manifest metro@^0.80.3
669 silly packumentCache full:https://registry.npmjs.org/metro cache-miss
670 http fetch GET 200 https://registry.npmjs.org/@babel%2ftypes 106ms (cache revalidated)
671 silly packumentCache full:https://registry.npmjs.org/@babel%2ftypes set size:496342 disposed:false
672 silly fetch manifest readline@^1.3.0
673 silly packumentCache full:https://registry.npmjs.org/readline cache-miss
674 http fetch GET 200 https://registry.npmjs.org/@babel%2fplugin-transform-template-literals 344ms (cache revalidated)
675 silly packumentCache full:https://registry.npmjs.org/@babel%2fplugin-transform-template-literals set size:225143 disposed:false
676 silly fetch manifest metro-core@^0.80.3
677 silly packumentCache full:https://registry.npmjs.org/metro-core cache-miss
678 http fetch GET 200 https://registry.npmjs.org/debug 96ms (cache revalidated)
679 silly packumentCache full:https://registry.npmjs.org/debug set size:195840 disposed:false
680 silly fetch manifest node-fetch@^2.2.0
681 silly packumentCache full:https://registry.npmjs.org/node-fetch cache-miss
682 http fetch GET 200 https://registry.npmjs.org/gensync 97ms (cache revalidated)
683 silly packumentCache full:https://registry.npmjs.org/gensync set size:15068 disposed:false
684 silly fetch manifest querystring@^0.2.1
685 silly packumentCache full:https://registry.npmjs.org/querystring cache-miss
686 http fetch GET 200 https://registry.npmjs.org/json5 88ms (cache revalidated)
687 silly packumentCache full:https://registry.npmjs.org/json5 set size:86136 disposed:false
688 silly fetch manifest metro-config@^0.80.3
689 silly packumentCache full:https://registry.npmjs.org/metro-config cache-miss
690 http fetch GET 200 https://registry.npmjs.org/metro 83ms (cache revalidated)
691 silly packumentCache full:https://registry.npmjs.org/metro set size:725588 disposed:false
692 silly fetch manifest @react-native/dev-middleware@0.74.87
693 silly packumentCache full:https://registry.npmjs.org/@react-native%2fdev-middleware cache-miss
694 http fetch GET 200 https://registry.npmjs.org/@babel%2fplugin-transform-unicode-escapes 338ms (cache revalidated)
695 silly packumentCache full:https://registry.npmjs.org/@babel%2fplugin-transform-unicode-escapes set size:125724 disposed:false
696 silly fetch manifest @react-native/metro-babel-transformer@0.74.87
697 silly packumentCache full:https://registry.npmjs.org/@react-native%2fmetro-babel-transformer cache-miss
698 http fetch GET 200 https://registry.npmjs.org/@babel%2fplugin-transform-unicode-sets-regex 347ms (cache revalidated)
699 silly packumentCache full:https://registry.npmjs.org/@babel%2fplugin-transform-unicode-sets-regex set size:95832 disposed:false
700 silly fetch manifest event-target-shim@^5.0.0
701 silly packumentCache full:https://registry.npmjs.org/event-target-shim cache-hit
702 silly fetch manifest ansi-styles@^4.1.0
703 silly packumentCache full:https://registry.npmjs.org/ansi-styles cache-miss
704 http fetch GET 200 https://registry.npmjs.org/metro-core 93ms (cache revalidated)
705 silly packumentCache full:https://registry.npmjs.org/metro-core set size:389842 disposed:false
706 silly fetch manifest supports-color@^7.1.0
707 silly packumentCache full:https://registry.npmjs.org/supports-color cache-miss
708 http fetch GET 200 https://registry.npmjs.org/metro-config 92ms (cache revalidated)
709 silly packumentCache full:https://registry.npmjs.org/metro-config set size:330908 disposed:false
710 silly fetch manifest jest-mock@^29.7.0
711 silly packumentCache full:https://registry.npmjs.org/jest-mock cache-miss
712 http fetch GET 200 https://registry.npmjs.org/node-fetch 109ms (cache revalidated)
713 silly packumentCache full:https://registry.npmjs.org/node-fetch set size:896010 disposed:false
714 silly fetch manifest jest-util@^29.7.0
715 silly packumentCache full:https://registry.npmjs.org/jest-util cache-miss
716 http fetch GET 200 https://registry.npmjs.org/@babel%2fhelper-module-transforms 322ms (cache revalidated)
717 silly packumentCache full:https://registry.npmjs.org/@babel%2fhelper-module-transforms set size:342070 disposed:false
718 silly fetch manifest @types/node@*
719 silly packumentCache full:https://registry.npmjs.org/@types%2fnode cache-miss
720 http fetch GET 200 https://registry.npmjs.org/ansi-styles 88ms (cache revalidated)
721 silly packumentCache full:https://registry.npmjs.org/ansi-styles set size:63233 disposed:false
722 silly fetch manifest @jest/environment@^29.7.0
723 silly packumentCache full:https://registry.npmjs.org/@jest%2fenvironment cache-miss
724 http fetch GET 200 https://registry.npmjs.org/@babel%2ftemplate 350ms (cache revalidated)
725 silly packumentCache full:https://registry.npmjs.org/@babel%2ftemplate set size:235045 disposed:false
726 silly fetch manifest @jest/fake-timers@^29.7.0
727 silly packumentCache full:https://registry.npmjs.org/@jest%2ffake-timers cache-miss
728 http fetch GET 200 https://registry.npmjs.org/@babel%2ftraverse 352ms (cache revalidated)
729 silly packumentCache full:https://registry.npmjs.org/@babel%2ftraverse set size:557773 disposed:false
730 silly fetch manifest @babel/runtime@^7.25.0
731 silly packumentCache full:https://registry.npmjs.org/@babel%2fruntime cache-miss
732 http fetch GET 200 https://registry.npmjs.org/@babel%2fplugin-transform-parameters 612ms (cache revalidated)
733 silly packumentCache full:https://registry.npmjs.org/@babel%2fplugin-transform-parameters set size:277891 disposed:false
734 silly fetch manifest ob1@0.80.12
735 silly packumentCache full:https://registry.npmjs.org/ob1 cache-miss
736 http fetch GET 200 https://registry.npmjs.org/convert-source-map 324ms (cache revalidated)
737 silly packumentCache full:https://registry.npmjs.org/convert-source-map set size:66997 disposed:false
738 silly fetch manifest vlq@^1.0.0
739 silly packumentCache full:https://registry.npmjs.org/vlq cache-miss
740 http fetch GET 200 https://registry.npmjs.org/jest-util 96ms (cache revalidated)
741 silly packumentCache full:https://registry.npmjs.org/jest-util set size:587891 disposed:false
742 silly fetch manifest source-map@^0.5.6
743 silly packumentCache full:https://registry.npmjs.org/source-map cache-miss
744 http fetch GET 200 https://registry.npmjs.org/jest-mock 122ms (cache revalidated)
745 silly packumentCache full:https://registry.npmjs.org/jest-mock set size:523133 disposed:false
746 silly fetch manifest @babel/types@^7.20.0
747 silly packumentCache full:https://registry.npmjs.org/@babel%2ftypes cache-hit
748 silly fetch manifest @babel/traverse@^7.20.0
749 silly packumentCache full:https://registry.npmjs.org/@babel%2ftraverse cache-hit
750 silly fetch manifest metro-symbolicate@0.80.12
751 silly packumentCache full:https://registry.npmjs.org/metro-symbolicate cache-miss
752 http fetch GET 200 https://registry.npmjs.org/@types%2fnode 141ms (cache revalidated)
753 silly packumentCache full:https://registry.npmjs.org/@types%2fnode set size:11033538 disposed:false
754 silly fetch manifest minimist@^1.2.6
755 silly packumentCache full:https://registry.npmjs.org/minimist cache-miss
756 http fetch GET 200 https://registry.npmjs.org/readline 437ms (cache revalidated)
757 silly packumentCache full:https://registry.npmjs.org/readline set size:19652 disposed:false
758 silly fetch manifest react-is@^17.0.1
759 silly packumentCache full:https://registry.npmjs.org/react-is cache-miss
760 http fetch GET 200 https://registry.npmjs.org/ob1 198ms (cache revalidated)
761 silly packumentCache full:https://registry.npmjs.org/ob1 set size:221944 disposed:false
762 silly fetch manifest @jest/types@^26.6.2
763 silly packumentCache full:https://registry.npmjs.org/@jest%2ftypes cache-hit
764 silly fetch manifest ansi-styles@^4.0.0
765 silly packumentCache full:https://registry.npmjs.org/ansi-styles cache-hit
766 silly fetch manifest asap@~2.0.6
767 silly packumentCache full:https://registry.npmjs.org/asap cache-miss
768 http fetch GET 200 https://registry.npmjs.org/source-map 164ms (cache revalidated)
769 silly packumentCache full:https://registry.npmjs.org/source-map set size:226212 disposed:false
770 silly fetch manifest ws@^7
771 silly packumentCache full:https://registry.npmjs.org/ws cache-hit
772 silly fetch manifest shell-quote@^1.6.1
773 silly packumentCache full:https://registry.npmjs.org/shell-quote cache-miss
774 http fetch GET 200 https://registry.npmjs.org/@babel%2fpreset-modules 682ms (cache revalidated)
775 silly packumentCache full:https://registry.npmjs.org/@babel%2fpreset-modules set size:44565 disposed:false
776 silly fetch manifest object-assign@^4.1.1
777 silly packumentCache full:https://registry.npmjs.org/object-assign cache-miss
778 http fetch GET 200 https://registry.npmjs.org/vlq 179ms (cache revalidated)
779 silly packumentCache full:https://registry.npmjs.org/vlq set size:23110 disposed:false
780 silly fetch manifest react-is@^16.12.0 || ^17.0.0 || ^18.0.0
781 silly packumentCache full:https://registry.npmjs.org/react-is cache-miss
782 http fetch GET 200 https://registry.npmjs.org/querystring 386ms (cache revalidated)
783 silly packumentCache full:https://registry.npmjs.org/querystring set size:11057 disposed:false
784 silly fetch manifest type-fest@^0.7.1
785 silly packumentCache full:https://registry.npmjs.org/type-fest cache-miss
786 http fetch GET 200 https://registry.npmjs.org/supports-color 341ms (cache revalidated)
787 silly packumentCache full:https://registry.npmjs.org/supports-color set size:118680 disposed:false
788 silly fetch manifest async-limiter@~1.0.0
789 silly packumentCache full:https://registry.npmjs.org/async-limiter cache-miss
790 http fetch GET 200 https://registry.npmjs.org/@jridgewell%2fremapping 594ms (cache revalidated)
791 silly packumentCache full:https://registry.npmjs.org/@jridgewell%2fremapping set size:23809 disposed:false
792 silly fetch manifest y18n@^5.0.5
793 silly packumentCache full:https://registry.npmjs.org/y18n cache-miss
794 http fetch GET 200 https://registry.npmjs.org/@jest%2ffake-timers 300ms (cache revalidated)
795 silly packumentCache full:https://registry.npmjs.org/@jest%2ffake-timers set size:371447 disposed:false
796 silly fetch manifest cliui@^8.0.1
797 silly packumentCache full:https://registry.npmjs.org/cliui cache-miss
798 http fetch GET 200 https://registry.npmjs.org/object-assign 91ms (cache revalidated)
799 silly packumentCache full:https://registry.npmjs.org/object-assign set size:28988 disposed:false
800 silly fetch manifest escalade@^3.1.1
801 silly packumentCache full:https://registry.npmjs.org/escalade cache-miss
802 http fetch GET 200 https://registry.npmjs.org/minimist 120ms (cache revalidated)
803 silly packumentCache full:https://registry.npmjs.org/minimist set size:77063 disposed:false
804 silly fetch manifest string-width@^4.2.3
805 silly packumentCache full:https://registry.npmjs.org/string-width cache-miss
806 http fetch GET 200 https://registry.npmjs.org/type-fest 102ms (cache revalidated)
807 silly packumentCache full:https://registry.npmjs.org/type-fest set size:563278 disposed:false
808 silly fetch manifest yargs-parser@^21.1.1
809 silly packumentCache full:https://registry.npmjs.org/yargs-parser cache-miss
810 http fetch GET 200 https://registry.npmjs.org/asap 139ms (cache revalidated)
811 silly packumentCache full:https://registry.npmjs.org/asap set size:30968 disposed:false
812 silly fetch manifest get-caller-file@^2.0.5
813 silly packumentCache full:https://registry.npmjs.org/get-caller-file cache-miss
814 http fetch GET 200 https://registry.npmjs.org/y18n 98ms (cache revalidated)
815 silly packumentCache full:https://registry.npmjs.org/y18n set size:76155 disposed:false
816 silly fetch manifest require-directory@^2.1.1
817 silly packumentCache full:https://registry.npmjs.org/require-directory cache-miss
818 http fetch GET 200 https://registry.npmjs.org/@babel%2fruntime 358ms (cache revalidated)
819 silly packumentCache full:https://registry.npmjs.org/@babel%2fruntime set size:3455431 disposed:false
820 http fetch GET 200 https://registry.npmjs.org/react-is 179ms (cache revalidated)
821 silly packumentCache full:https://registry.npmjs.org/react-is set size:5415122 disposed:false
822 http fetch GET 200 https://registry.npmjs.org/react-is 260ms (cache revalidated)
823 silly packumentCache full:https://registry.npmjs.org/react-is set size:5415122 disposed:false
824 http fetch GET 200 https://registry.npmjs.org/escalade 205ms (cache revalidated)
825 silly packumentCache full:https://registry.npmjs.org/escalade set size:33724 disposed:false
826 http fetch GET 200 https://registry.npmjs.org/metro-symbolicate 455ms (cache revalidated)
827 silly packumentCache full:https://registry.npmjs.org/metro-symbolicate set size:259408 disposed:false
828 http fetch GET 200 https://registry.npmjs.org/@react-native%2fdev-middleware 670ms (cache revalidated)
829 silly packumentCache full:https://registry.npmjs.org/@react-native%2fdev-middleware set size:2421475 disposed:false
830 http fetch GET 200 https://registry.npmjs.org/shell-quote 446ms (cache revalidated)
831 silly packumentCache full:https://registry.npmjs.org/shell-quote set size:65011 disposed:false
832 http fetch GET 200 https://registry.npmjs.org/@jest%2fenvironment 694ms (cache revalidated)
833 silly packumentCache full:https://registry.npmjs.org/@jest%2fenvironment set size:366609 disposed:false
834 http fetch GET 200 https://registry.npmjs.org/require-directory 317ms (cache revalidated)
835 silly packumentCache full:https://registry.npmjs.org/require-directory set size:26866 disposed:false
836 http fetch GET 200 https://registry.npmjs.org/async-limiter 422ms (cache revalidated)
837 silly packumentCache full:https://registry.npmjs.org/async-limiter set size:12538 disposed:false
838 http fetch GET 200 https://registry.npmjs.org/string-width 351ms (cache revalidated)
839 silly packumentCache full:https://registry.npmjs.org/string-width set size:70381 disposed:false
840 http fetch GET 200 https://registry.npmjs.org/yargs-parser 343ms (cache revalidated)
841 silly packumentCache full:https://registry.npmjs.org/yargs-parser set size:238630 disposed:false
842 http fetch GET 200 https://registry.npmjs.org/@react-native%2fmetro-babel-transformer 824ms (cache revalidated)
843 silly packumentCache full:https://registry.npmjs.org/@react-native%2fmetro-babel-transformer set size:2133341 disposed:false
844 http fetch GET 200 https://registry.npmjs.org/cliui 400ms (cache revalidated)
845 silly packumentCache full:https://registry.npmjs.org/cliui set size:69089 disposed:false
846 http fetch GET 200 https://registry.npmjs.org/get-caller-file 534ms (cache revalidated)
847 silly packumentCache full:https://registry.npmjs.org/get-caller-file set size:26456 disposed:false
848 silly fetch manifest @babel/core@^7.0.0
849 silly packumentCache full:https://registry.npmjs.org/@babel%2fcore cache-hit
850 silly placeDep ROOT @babel/code-frame@7.29.7 OK for: @babel/core@7.29.7 want: ^7.29.7
851 silly placeDep ROOT @babel/generator@7.29.7 OK for: @babel/core@7.29.7 want: ^7.29.7
852 silly placeDep ROOT @babel/helper-compilation-targets@7.29.7 OK for: @babel/core@7.29.7 want: ^7.29.7
853 silly placeDep ROOT @babel/helper-module-transforms@7.29.7 OK for: @babel/core@7.29.7 want: ^7.29.7
854 silly placeDep ROOT @babel/helpers@7.29.7 OK for: @babel/core@7.29.7 want: ^7.29.7
855 silly placeDep ROOT @babel/parser@7.29.7 OK for: @babel/core@7.29.7 want: ^7.29.7
856 silly placeDep ROOT @babel/template@7.29.7 OK for: @babel/core@7.29.7 want: ^7.29.7
857 silly placeDep ROOT @babel/traverse@7.29.7 OK for: @babel/core@7.29.7 want: ^7.29.7
858 silly placeDep ROOT @babel/types@7.29.7 OK for: @babel/core@7.29.7 want: ^7.29.7
859 silly placeDep ROOT @jridgewell/remapping@2.3.5 OK for: @babel/core@7.29.7 want: ^2.3.5
860 silly placeDep ROOT convert-source-map@2.0.0 OK for: @babel/core@7.29.7 want: ^2.0.0
861 silly placeDep ROOT debug@4.4.3 OK for: @babel/core@7.29.7 want: ^4.1.0
862 silly placeDep ROOT gensync@1.0.0-beta.2 OK for: @babel/core@7.29.7 want: ^1.0.0-beta.2
863 silly placeDep ROOT json5@2.2.3 OK for: @babel/core@7.29.7 want: ^2.2.3
864 silly placeDep ROOT semver@6.3.1 OK for: @babel/core@7.29.7 want: ^6.3.1
865 silly fetch manifest @babel/helper-validator-identifier@^7.29.7
866 silly packumentCache full:https://registry.npmjs.org/@babel%2fhelper-validator-identifier cache-miss
867 silly fetch manifest picocolors@^1.1.1
868 silly packumentCache full:https://registry.npmjs.org/picocolors cache-miss
869 silly fetch manifest @jridgewell/gen-mapping@^0.3.12
870 silly packumentCache full:https://registry.npmjs.org/@jridgewell%2fgen-mapping cache-miss
871 silly fetch manifest @jridgewell/trace-mapping@^0.3.28
872 silly packumentCache full:https://registry.npmjs.org/@jridgewell%2ftrace-mapping cache-miss
873 silly fetch manifest jsesc@^3.0.2
874 silly packumentCache full:https://registry.npmjs.org/jsesc cache-miss
875 silly fetch manifest browserslist@^4.24.0
876 silly packumentCache full:https://registry.npmjs.org/browserslist cache-miss
877 silly fetch manifest lru-cache@^5.1.1
878 silly packumentCache full:https://registry.npmjs.org/lru-cache cache-miss
879 silly fetch manifest @babel/helper-module-imports@^7.29.7
880 silly packumentCache full:https://registry.npmjs.org/@babel%2fhelper-module-imports cache-miss
881 silly fetch manifest @babel/helper-validator-identifier@^7.29.7
882 silly packumentCache full:https://registry.npmjs.org/@babel%2fhelper-validator-identifier cache-miss
883 silly fetch manifest @babel/helper-globals@^7.29.7
884 silly packumentCache full:https://registry.npmjs.org/@babel%2fhelper-globals cache-miss
885 silly fetch manifest debug@^4.3.1
886 silly packumentCache full:https://registry.npmjs.org/debug cache-hit
887 silly fetch manifest @babel/helper-string-parser@^7.29.7
888 silly packumentCache full:https://registry.npmjs.org/@babel%2fhelper-string-parser cache-miss
889 silly fetch manifest @babel/helper-validator-identifier@^7.29.7
890 silly packumentCache full:https://registry.npmjs.org/@babel%2fhelper-validator-identifier cache-miss
891 silly fetch manifest @jridgewell/gen-mapping@^0.3.5
892 silly packumentCache full:https://registry.npmjs.org/@jridgewell%2fgen-mapping cache-miss
893 silly fetch manifest @jridgewell/trace-mapping@^0.3.24
894 silly packumentCache full:https://registry.npmjs.org/@jridgewell%2ftrace-mapping cache-miss
895 silly fetch manifest ms@^2.1.3
896 silly packumentCache full:https://registry.npmjs.org/ms cache-miss
897 http fetch GET 200 https://registry.npmjs.org/@babel%2fhelper-validator-identifier 128ms (cache revalidated)
898 silly packumentCache full:https://registry.npmjs.org/@babel%2fhelper-validator-identifier set size:123928 disposed:false
899 http fetch GET 200 https://registry.npmjs.org/@babel%2fhelper-module-imports 127ms (cache revalidated)
900 silly packumentCache full:https://registry.npmjs.org/@babel%2fhelper-module-imports set size:201351 disposed:false
901 http fetch GET 200 https://registry.npmjs.org/jsesc 131ms (cache revalidated)
902 silly packumentCache full:https://registry.npmjs.org/jsesc set size:61512 disposed:false
903 http fetch GET 200 https://registry.npmjs.org/ms 125ms (cache revalidated)
904 silly packumentCache full:https://registry.npmjs.org/ms set size:92208 disposed:false
905 http fetch GET 200 https://registry.npmjs.org/@babel%2fhelper-validator-identifier 137ms (cache revalidated)
906 silly packumentCache full:https://registry.npmjs.org/@babel%2fhelper-validator-identifier set size:123928 disposed:false
907 silly packumentCache full:https://registry.npmjs.org/@babel%2fhelper-validator-identifier dispose
908 http fetch GET 200 https://registry.npmjs.org/picocolors 142ms (cache revalidated)
909 silly packumentCache full:https://registry.npmjs.org/picocolors set size:16648 disposed:false
910 http fetch GET 200 https://registry.npmjs.org/@babel%2fhelper-string-parser 136ms (cache revalidated)
911 silly packumentCache full:https://registry.npmjs.org/@babel%2fhelper-string-parser set size:89614 disposed:false
912 http fetch GET 200 https://registry.npmjs.org/lru-cache 144ms (cache revalidated)
913 silly packumentCache full:https://registry.npmjs.org/lru-cache set size:456196 disposed:false
914 http fetch GET 200 https://registry.npmjs.org/browserslist 151ms (cache revalidated)
915 silly packumentCache full:https://registry.npmjs.org/browserslist set size:504681 disposed:false
916 http fetch GET 200 https://registry.npmjs.org/@babel%2fhelper-validator-identifier 154ms (cache revalidated)
917 silly packumentCache full:https://registry.npmjs.org/@babel%2fhelper-validator-identifier set size:123928 disposed:true
918 silly packumentCache full:https://registry.npmjs.org/@babel%2fhelper-validator-identifier dispose
919 http fetch GET 200 https://registry.npmjs.org/@babel%2fhelper-globals 368ms (cache revalidated)
920 silly packumentCache full:https://registry.npmjs.org/@babel%2fhelper-globals set size:23181 disposed:false
921 http fetch GET 200 https://registry.npmjs.org/@jridgewell%2ftrace-mapping 368ms (cache revalidated)
922 silly packumentCache full:https://registry.npmjs.org/@jridgewell%2ftrace-mapping set size:170909 disposed:false
923 http fetch GET 200 https://registry.npmjs.org/@jridgewell%2ftrace-mapping 378ms (cache revalidated)
924 silly packumentCache full:https://registry.npmjs.org/@jridgewell%2ftrace-mapping set size:170909 disposed:false
925 silly packumentCache full:https://registry.npmjs.org/@jridgewell%2ftrace-mapping dispose
926 http fetch GET 200 https://registry.npmjs.org/@jridgewell%2fgen-mapping 395ms (cache revalidated)
927 silly packumentCache full:https://registry.npmjs.org/@jridgewell%2fgen-mapping set size:75941 disposed:false
928 http fetch GET 200 https://registry.npmjs.org/@jridgewell%2fgen-mapping 407ms (cache revalidated)
929 silly packumentCache full:https://registry.npmjs.org/@jridgewell%2fgen-mapping set size:75941 disposed:false
930 silly packumentCache full:https://registry.npmjs.org/@jridgewell%2fgen-mapping dispose
931 silly placeDep ROOT @babel/helper-validator-identifier@7.29.7 OK for: @babel/code-frame@7.29.7 want: ^7.29.7
932 silly placeDep ROOT picocolors@1.1.1 OK for: @babel/code-frame@7.29.7 want: ^1.1.1
933 silly placeDep ROOT @jridgewell/gen-mapping@0.3.13 OK for: @babel/generator@7.29.7 want: ^0.3.12
934 silly placeDep ROOT @jridgewell/trace-mapping@0.3.31 OK for: @babel/generator@7.29.7 want: ^0.3.28
935 silly placeDep ROOT jsesc@3.1.0 OK for: @babel/generator@7.29.7 want: ^3.0.2
936 silly fetch manifest @jridgewell/sourcemap-codec@^1.5.0
937 silly packumentCache full:https://registry.npmjs.org/@jridgewell%2fsourcemap-codec cache-miss
938 silly fetch manifest @jridgewell/resolve-uri@^3.1.0
939 silly packumentCache full:https://registry.npmjs.org/@jridgewell%2fresolve-uri cache-miss
940 silly fetch manifest @jridgewell/sourcemap-codec@^1.4.14
941 silly packumentCache full:https://registry.npmjs.org/@jridgewell%2fsourcemap-codec cache-miss
942 http fetch GET 200 https://registry.npmjs.org/@jridgewell%2fresolve-uri 96ms (cache revalidated)
943 silly packumentCache full:https://registry.npmjs.org/@jridgewell%2fresolve-uri set size:57361 disposed:false
944 http fetch GET 200 https://registry.npmjs.org/@jridgewell%2fsourcemap-codec 96ms (cache revalidated)
945 silly packumentCache full:https://registry.npmjs.org/@jridgewell%2fsourcemap-codec set size:51856 disposed:false
946 http fetch GET 200 https://registry.npmjs.org/@jridgewell%2fsourcemap-codec 105ms (cache revalidated)
947 silly packumentCache full:https://registry.npmjs.org/@jridgewell%2fsourcemap-codec set size:51856 disposed:false
948 silly packumentCache full:https://registry.npmjs.org/@jridgewell%2fsourcemap-codec dispose
949 silly placeDep ROOT @babel/compat-data@7.29.7 OK for: @babel/helper-compilation-targets@7.29.7 want: ^7.29.7
950 silly placeDep ROOT @babel/helper-validator-option@7.29.7 OK for: @babel/helper-compilation-targets@7.29.7 want: ^7.29.7
951 silly placeDep ROOT browserslist@4.28.2 OK for: @babel/helper-compilation-targets@7.29.7 want: ^4.24.0
952 silly placeDep ROOT lru-cache@5.1.1 OK for: @babel/helper-compilation-targets@7.29.7 want: ^5.1.1
953 silly fetch manifest baseline-browser-mapping@^2.10.12
954 silly packumentCache full:https://registry.npmjs.org/baseline-browser-mapping cache-miss
955 silly fetch manifest caniuse-lite@^1.0.30001782
956 silly packumentCache full:https://registry.npmjs.org/caniuse-lite cache-miss
957 silly fetch manifest electron-to-chromium@^1.5.328
958 silly packumentCache full:https://registry.npmjs.org/electron-to-chromium cache-miss
959 silly fetch manifest node-releases@^2.0.36
960 silly packumentCache full:https://registry.npmjs.org/node-releases cache-miss
961 silly fetch manifest update-browserslist-db@^1.2.3
962 silly packumentCache full:https://registry.npmjs.org/update-browserslist-db cache-miss
963 silly fetch manifest yallist@^3.0.2
964 silly packumentCache full:https://registry.npmjs.org/yallist cache-miss
965 http fetch GET 200 https://registry.npmjs.org/caniuse-lite 102ms (cache revalidated)
966 silly packumentCache full:https://registry.npmjs.org/caniuse-lite set size:2295054 disposed:false
967 http fetch GET 200 https://registry.npmjs.org/yallist 122ms (cache revalidated)
968 silly packumentCache full:https://registry.npmjs.org/yallist set size:34610 disposed:false
969 http fetch GET 200 https://registry.npmjs.org/update-browserslist-db 124ms (cache revalidated)
970 silly packumentCache full:https://registry.npmjs.org/update-browserslist-db set size:62000 disposed:false
971 http fetch GET 200 https://registry.npmjs.org/node-releases 126ms (cache revalidated)
972 silly packumentCache full:https://registry.npmjs.org/node-releases set size:283168 disposed:false
973 http fetch GET 200 https://registry.npmjs.org/baseline-browser-mapping 132ms (cache revalidated)
974 silly packumentCache full:https://registry.npmjs.org/baseline-browser-mapping set size:498526 disposed:false
975 http fetch GET 200 https://registry.npmjs.org/electron-to-chromium 146ms (cache revalidated)
976 silly packumentCache full:https://registry.npmjs.org/electron-to-chromium set size:4819207 disposed:false
977 silly placeDep ROOT @babel/helper-module-imports@7.29.7 OK for: @babel/helper-module-transforms@7.29.7 want: ^7.29.7
978 silly placeDep ROOT @babel/helper-plugin-utils@7.29.7 OK for: @babel/preset-env@7.29.7 want: ^7.29.7
979 silly placeDep ROOT @babel/plugin-bugfix-firefox-class-in-computed-class-key@7.29.7 OK for: @babel/preset-env@7.29.7 want: ^7.29.7
980 silly placeDep ROOT @babel/plugin-bugfix-safari-class-field-initializer-scope@7.29.7 OK for: @babel/preset-env@7.29.7 want: ^7.29.7
981 silly placeDep ROOT @babel/plugin-bugfix-safari-id-destructuring-collision-in-function-expression@7.29.7 OK for: @babel/preset-env@7.29.7 want: ^7.29.7
982 silly placeDep ROOT @babel/plugin-bugfix-safari-rest-destructuring-rhs-array@7.29.7 OK for: @babel/preset-env@7.29.7 want: ^7.29.7
983 silly placeDep ROOT @babel/plugin-bugfix-v8-spread-parameters-in-optional-chaining@7.29.7 OK for: @babel/preset-env@7.29.7 want: ^7.29.7
984 silly placeDep ROOT @babel/plugin-bugfix-v8-static-class-fields-redefine-readonly@7.29.7 OK for: @babel/preset-env@7.29.7 want: ^7.29.7
985 silly placeDep ROOT @babel/plugin-proposal-private-property-in-object@7.21.0-placeholder-for-preset-env.2 OK for: @babel/preset-env@7.29.7 want: 7.21.0-placeholder-for-preset-env.2
986 silly placeDep ROOT @babel/plugin-syntax-import-assertions@7.29.7 OK for: @babel/preset-env@7.29.7 want: ^7.29.7
987 silly placeDep ROOT @babel/plugin-syntax-import-attributes@7.29.7 OK for: @babel/preset-env@7.29.7 want: ^7.29.7
988 silly placeDep ROOT @babel/plugin-syntax-unicode-sets-regex@7.18.6 OK for: @babel/preset-env@7.29.7 want: ^7.18.6
989 silly placeDep ROOT @babel/plugin-transform-arrow-functions@7.29.7 OK for: @babel/preset-env@7.29.7 want: ^7.29.7
990 silly placeDep ROOT @babel/plugin-transform-async-generator-functions@7.29.7 OK for: @babel/preset-env@7.29.7 want: ^7.29.7
991 silly placeDep ROOT @babel/plugin-transform-async-to-generator@7.29.7 OK for: @babel/preset-env@7.29.7 want: ^7.29.7
992 silly placeDep ROOT @babel/plugin-transform-block-scoped-functions@7.29.7 OK for: @babel/preset-env@7.29.7 want: ^7.29.7
993 silly placeDep ROOT @babel/plugin-transform-block-scoping@7.29.7 OK for: @babel/preset-env@7.29.7 want: ^7.29.7
994 silly placeDep ROOT @babel/plugin-transform-class-properties@7.29.7 OK for: @babel/preset-env@7.29.7 want: ^7.29.7
995 silly placeDep ROOT @babel/plugin-transform-class-static-block@7.29.7 OK for: @babel/preset-env@7.29.7 want: ^7.29.7
996 silly placeDep ROOT @babel/plugin-transform-classes@7.29.7 OK for: @babel/preset-env@7.29.7 want: ^7.29.7
997 silly placeDep ROOT @babel/plugin-transform-computed-properties@7.29.7 OK for: @babel/preset-env@7.29.7 want: ^7.29.7
998 silly placeDep ROOT @babel/plugin-transform-destructuring@7.29.7 OK for: @babel/preset-env@7.29.7 want: ^7.29.7
999 silly placeDep ROOT @babel/plugin-transform-dotall-regex@7.29.7 OK for: @babel/preset-env@7.29.7 want: ^7.29.7
1000 silly placeDep ROOT @babel/plugin-transform-duplicate-keys@7.29.7 OK for: @babel/preset-env@7.29.7 want: ^7.29.7
1001 silly placeDep ROOT @babel/plugin-transform-duplicate-named-capturing-groups-regex@7.29.7 OK for: @babel/preset-env@7.29.7 want: ^7.29.7
1002 silly placeDep ROOT @babel/plugin-transform-dynamic-import@7.29.7 OK for: @babel/preset-env@7.29.7 want: ^7.29.7
1003 silly placeDep ROOT @babel/plugin-transform-explicit-resource-management@7.29.7 OK for: @babel/preset-env@7.29.7 want: ^7.29.7
1004 silly placeDep ROOT @babel/plugin-transform-exponentiation-operator@7.29.7 OK for: @babel/preset-env@7.29.7 want: ^7.29.7
1005 silly placeDep ROOT @babel/plugin-transform-export-namespace-from@7.29.7 OK for: @babel/preset-env@7.29.7 want: ^7.29.7
1006 silly placeDep ROOT @babel/plugin-transform-for-of@7.29.7 OK for: @babel/preset-env@7.29.7 want: ^7.29.7
1007 silly placeDep ROOT @babel/plugin-transform-function-name@7.29.7 OK for: @babel/preset-env@7.29.7 want: ^7.29.7
1008 silly placeDep ROOT @babel/plugin-transform-json-strings@7.29.7 OK for: @babel/preset-env@7.29.7 want: ^7.29.7
1009 silly placeDep ROOT @babel/plugin-transform-literals@7.29.7 OK for: @babel/preset-env@7.29.7 want: ^7.29.7
1010 silly placeDep ROOT @babel/plugin-transform-logical-assignment-operators@7.29.7 OK for: @babel/preset-env@7.29.7 want: ^7.29.7
1011 silly placeDep ROOT @babel/plugin-transform-member-expression-literals@7.29.7 OK for: @babel/preset-env@7.29.7 want: ^7.29.7
1012 silly placeDep ROOT @babel/plugin-transform-modules-amd@7.29.7 OK for: @babel/preset-env@7.29.7 want: ^7.29.7
1013 silly placeDep ROOT @babel/plugin-transform-modules-commonjs@7.29.7 OK for: @babel/preset-env@7.29.7 want: ^7.29.7
1014 silly placeDep ROOT @babel/plugin-transform-modules-systemjs@7.29.7 OK for: @babel/preset-env@7.29.7 want: ^7.29.7
1015 silly placeDep ROOT @babel/plugin-transform-modules-umd@7.29.7 OK for: @babel/preset-env@7.29.7 want: ^7.29.7
1016 silly placeDep ROOT @babel/plugin-transform-named-capturing-groups-regex@7.29.7 OK for: @babel/preset-env@7.29.7 want: ^7.29.7
1017 silly placeDep ROOT @babel/plugin-transform-new-target@7.29.7 OK for: @babel/preset-env@7.29.7 want: ^7.29.7
1018 silly placeDep ROOT @babel/plugin-transform-nullish-coalescing-operator@7.29.7 OK for: @babel/preset-env@7.29.7 want: ^7.29.7
1019 silly placeDep ROOT @babel/plugin-transform-numeric-separator@7.29.7 OK for: @babel/preset-env@7.29.7 want: ^7.29.7
1020 silly placeDep ROOT @babel/plugin-transform-object-rest-spread@7.29.7 OK for: @babel/preset-env@7.29.7 want: ^7.29.7
1021 silly placeDep ROOT @babel/plugin-transform-object-super@7.29.7 OK for: @babel/preset-env@7.29.7 want: ^7.29.7
1022 silly placeDep ROOT @babel/plugin-transform-optional-catch-binding@7.29.7 OK for: @babel/preset-env@7.29.7 want: ^7.29.7
1023 silly placeDep ROOT @babel/plugin-transform-optional-chaining@7.29.7 OK for: @babel/preset-env@7.29.7 want: ^7.29.7
1024 silly placeDep ROOT @babel/plugin-transform-parameters@7.29.7 OK for: @babel/preset-env@7.29.7 want: ^7.29.7
1025 silly placeDep ROOT @babel/plugin-transform-private-methods@7.29.7 OK for: @babel/preset-env@7.29.7 want: ^7.29.7
1026 silly placeDep ROOT @babel/plugin-transform-private-property-in-object@7.29.7 OK for: @babel/preset-env@7.29.7 want: ^7.29.7
1027 silly placeDep ROOT @babel/plugin-transform-property-literals@7.29.7 OK for: @babel/preset-env@7.29.7 want: ^7.29.7
1028 silly placeDep ROOT @babel/plugin-transform-regenerator@7.29.7 OK for: @babel/preset-env@7.29.7 want: ^7.29.7
1029 silly placeDep ROOT @babel/plugin-transform-regexp-modifiers@7.29.7 OK for: @babel/preset-env@7.29.7 want: ^7.29.7
1030 silly placeDep ROOT @babel/plugin-transform-reserved-words@7.29.7 OK for: @babel/preset-env@7.29.7 want: ^7.29.7
1031 silly placeDep ROOT @babel/plugin-transform-shorthand-properties@7.29.7 OK for: @babel/preset-env@7.29.7 want: ^7.29.7
1032 silly placeDep ROOT @babel/plugin-transform-spread@7.29.7 OK for: @babel/preset-env@7.29.7 want: ^7.29.7
1033 silly placeDep ROOT @babel/plugin-transform-sticky-regex@7.29.7 OK for: @babel/preset-env@7.29.7 want: ^7.29.7
1034 silly placeDep ROOT @babel/plugin-transform-template-literals@7.29.7 OK for: @babel/preset-env@7.29.7 want: ^7.29.7
1035 silly placeDep ROOT @babel/plugin-transform-typeof-symbol@7.29.7 OK for: @babel/preset-env@7.29.7 want: ^7.29.7
1036 silly placeDep ROOT @babel/plugin-transform-unicode-escapes@7.29.7 OK for: @babel/preset-env@7.29.7 want: ^7.29.7
1037 silly placeDep ROOT @babel/plugin-transform-unicode-property-regex@7.29.7 OK for: @babel/preset-env@7.29.7 want: ^7.29.7
1038 silly placeDep ROOT @babel/plugin-transform-unicode-regex@7.29.7 OK for: @babel/preset-env@7.29.7 want: ^7.29.7
1039 silly placeDep ROOT @babel/plugin-transform-unicode-sets-regex@7.29.7 OK for: @babel/preset-env@7.29.7 want: ^7.29.7
1040 silly placeDep ROOT @babel/preset-modules@0.1.6-no-external-plugins OK for: @babel/preset-env@7.29.7 want: 0.1.6-no-external-plugins
1041 silly placeDep ROOT babel-plugin-polyfill-corejs2@0.4.17 OK for: @babel/preset-env@7.29.7 want: ^0.4.15
1042 silly placeDep ROOT babel-plugin-polyfill-corejs3@0.14.2 OK for: @babel/preset-env@7.29.7 want: ^0.14.0
1043 silly placeDep ROOT babel-plugin-polyfill-regenerator@0.6.8 OK for: @babel/preset-env@7.29.7 want: ^0.6.6
1044 silly placeDep ROOT core-js-compat@3.49.0 OK for: @babel/preset-env@7.29.7 want: ^3.48.0
1045 silly fetch manifest @babel/helper-skip-transparent-expression-wrappers@^7.29.7
1046 silly packumentCache full:https://registry.npmjs.org/@babel%2fhelper-skip-transparent-expression-wrappers cache-miss
1047 silly fetch manifest @babel/helper-skip-transparent-expression-wrappers@^7.29.7
1048 silly packumentCache full:https://registry.npmjs.org/@babel%2fhelper-skip-transparent-expression-wrappers cache-miss
1049 silly fetch manifest @babel/helper-create-regexp-features-plugin@^7.18.6
1050 silly packumentCache full:https://registry.npmjs.org/@babel%2fhelper-create-regexp-features-plugin cache-miss
1051 silly fetch manifest @babel/helper-remap-async-to-generator@^7.29.7
1052 silly packumentCache full:https://registry.npmjs.org/@babel%2fhelper-remap-async-to-generator cache-miss
1053 silly fetch manifest @babel/helper-remap-async-to-generator@^7.29.7
1054 silly packumentCache full:https://registry.npmjs.org/@babel%2fhelper-remap-async-to-generator cache-miss
1055 silly fetch manifest @babel/helper-create-class-features-plugin@^7.29.7
1056 silly packumentCache full:https://registry.npmjs.org/@babel%2fhelper-create-class-features-plugin cache-miss
1057 silly fetch manifest @babel/helper-create-class-features-plugin@^7.29.7
1058 silly packumentCache full:https://registry.npmjs.org/@babel%2fhelper-create-class-features-plugin cache-miss
1059 silly fetch manifest @babel/helper-annotate-as-pure@^7.29.7
1060 silly packumentCache full:https://registry.npmjs.org/@babel%2fhelper-annotate-as-pure cache-miss
1061 silly fetch manifest @babel/helper-replace-supers@^7.29.7
1062 silly packumentCache full:https://registry.npmjs.org/@babel%2fhelper-replace-supers cache-miss
1063 silly fetch manifest @babel/helper-create-regexp-features-plugin@^7.29.7
1064 silly packumentCache full:https://registry.npmjs.org/@babel%2fhelper-create-regexp-features-plugin cache-miss
1065 silly fetch manifest @babel/helper-create-regexp-features-plugin@^7.29.7
1066 silly packumentCache full:https://registry.npmjs.org/@babel%2fhelper-create-regexp-features-plugin cache-miss
1067 silly fetch manifest @babel/helper-skip-transparent-expression-wrappers@^7.29.7
1068 silly packumentCache full:https://registry.npmjs.org/@babel%2fhelper-skip-transparent-expression-wrappers cache-miss
1069 silly fetch manifest @babel/helper-create-regexp-features-plugin@^7.29.7
1070 silly packumentCache full:https://registry.npmjs.org/@babel%2fhelper-create-regexp-features-plugin cache-miss
1071 silly fetch manifest @babel/helper-replace-supers@^7.29.7
1072 silly packumentCache full:https://registry.npmjs.org/@babel%2fhelper-replace-supers cache-miss
1073 silly fetch manifest @babel/helper-skip-transparent-expression-wrappers@^7.29.7
1074 silly packumentCache full:https://registry.npmjs.org/@babel%2fhelper-skip-transparent-expression-wrappers cache-miss
1075 http fetch GET 200 https://registry.npmjs.org/@babel%2fhelper-remap-async-to-generator 328ms (cache revalidated)
1076 silly packumentCache full:https://registry.npmjs.org/@babel%2fhelper-remap-async-to-generator set size:226229 disposed:false
1077 silly fetch manifest @babel/helper-create-class-features-plugin@^7.29.7
1078 silly packumentCache full:https://registry.npmjs.org/@babel%2fhelper-create-class-features-plugin cache-miss
1079 http fetch GET 200 https://registry.npmjs.org/@babel%2fhelper-skip-transparent-expression-wrappers 331ms (cache revalidated)
1080 silly packumentCache full:https://registry.npmjs.org/@babel%2fhelper-skip-transparent-expression-wrappers set size:103627 disposed:false
1081 silly fetch manifest @babel/helper-annotate-as-pure@^7.29.7
1082 silly packumentCache full:https://registry.npmjs.org/@babel%2fhelper-annotate-as-pure cache-miss
1083 http fetch GET 200 https://registry.npmjs.org/@babel%2fhelper-replace-supers 331ms (cache revalidated)
1084 silly packumentCache full:https://registry.npmjs.org/@babel%2fhelper-replace-supers set size:265920 disposed:false
1085 silly fetch manifest @babel/helper-create-class-features-plugin@^7.29.7
1086 silly packumentCache full:https://registry.npmjs.org/@babel%2fhelper-create-class-features-plugin cache-miss
1087 http fetch GET 200 https://registry.npmjs.org/@babel%2fhelper-replace-supers 339ms (cache revalidated)
1088 silly packumentCache full:https://registry.npmjs.org/@babel%2fhelper-replace-supers set size:265920 disposed:false
1089 silly packumentCache full:https://registry.npmjs.org/@babel%2fhelper-replace-supers dispose
1090 silly fetch manifest @babel/helper-create-regexp-features-plugin@^7.29.7
1091 silly packumentCache full:https://registry.npmjs.org/@babel%2fhelper-create-regexp-features-plugin cache-miss
1092 http fetch GET 200 https://registry.npmjs.org/@babel%2fhelper-skip-transparent-expression-wrappers 350ms (cache revalidated)
1093 silly packumentCache full:https://registry.npmjs.org/@babel%2fhelper-skip-transparent-expression-wrappers set size:103627 disposed:false
1094 silly packumentCache full:https://registry.npmjs.org/@babel%2fhelper-skip-transparent-expression-wrappers dispose
1095 silly fetch manifest @babel/helper-create-regexp-features-plugin@^7.29.7
1096 silly packumentCache full:https://registry.npmjs.org/@babel%2fhelper-create-regexp-features-plugin cache-miss
1097 http fetch GET 200 https://registry.npmjs.org/@babel%2fhelper-skip-transparent-expression-wrappers 352ms (cache revalidated)
1098 silly packumentCache full:https://registry.npmjs.org/@babel%2fhelper-skip-transparent-expression-wrappers set size:103627 disposed:true
1099 silly packumentCache full:https://registry.npmjs.org/@babel%2fhelper-skip-transparent-expression-wrappers dispose
1100 silly fetch manifest @babel/helper-create-regexp-features-plugin@^7.29.7
1101 silly packumentCache full:https://registry.npmjs.org/@babel%2fhelper-create-regexp-features-plugin cache-miss
1102 http fetch GET 200 https://registry.npmjs.org/@babel%2fhelper-skip-transparent-expression-wrappers 347ms (cache revalidated)
1103 silly packumentCache full:https://registry.npmjs.org/@babel%2fhelper-skip-transparent-expression-wrappers set size:103627 disposed:true
1104 silly packumentCache full:https://registry.npmjs.org/@babel%2fhelper-skip-transparent-expression-wrappers dispose
1105 silly fetch manifest @babel/helper-create-regexp-features-plugin@^7.29.7
1106 silly packumentCache full:https://registry.npmjs.org/@babel%2fhelper-create-regexp-features-plugin cache-miss
1107 http fetch GET 200 https://registry.npmjs.org/@babel%2fhelper-remap-async-to-generator 355ms (cache revalidated)
1108 silly packumentCache full:https://registry.npmjs.org/@babel%2fhelper-remap-async-to-generator set size:226229 disposed:false
1109 silly packumentCache full:https://registry.npmjs.org/@babel%2fhelper-remap-async-to-generator dispose
1110 silly fetch manifest esutils@^2.0.2
1111 silly packumentCache full:https://registry.npmjs.org/esutils cache-miss
1112 http fetch GET 200 https://registry.npmjs.org/@babel%2fhelper-annotate-as-pure 362ms (cache revalidated)
1113 silly packumentCache full:https://registry.npmjs.org/@babel%2fhelper-annotate-as-pure set size:179510 disposed:false
1114 silly fetch manifest @babel/helper-define-polyfill-provider@^0.6.8
1115 silly packumentCache full:https://registry.npmjs.org/@babel%2fhelper-define-polyfill-provider cache-miss
1116 http fetch GET 200 https://registry.npmjs.org/@babel%2fhelper-create-class-features-plugin 372ms (cache revalidated)
1117 silly packumentCache full:https://registry.npmjs.org/@babel%2fhelper-create-class-features-plugin set size:377310 disposed:false
1118 silly fetch manifest @babel/helper-define-polyfill-provider@^0.6.8
1119 silly packumentCache full:https://registry.npmjs.org/@babel%2fhelper-define-polyfill-provider cache-miss
1120 http fetch GET 200 https://registry.npmjs.org/@babel%2fhelper-create-class-features-plugin 379ms (cache revalidated)
1121 silly packumentCache full:https://registry.npmjs.org/@babel%2fhelper-create-class-features-plugin set size:377310 disposed:false
1122 silly packumentCache full:https://registry.npmjs.org/@babel%2fhelper-create-class-features-plugin dispose
1123 silly fetch manifest @babel/helper-define-polyfill-provider@^0.6.8
1124 silly packumentCache full:https://registry.npmjs.org/@babel%2fhelper-define-polyfill-provider cache-miss
1125 http fetch GET 200 https://registry.npmjs.org/@babel%2fhelper-create-class-features-plugin 97ms (cache revalidated)
1126 silly packumentCache full:https://registry.npmjs.org/@babel%2fhelper-create-class-features-plugin set size:377310 disposed:true
1127 silly packumentCache full:https://registry.npmjs.org/@babel%2fhelper-create-class-features-plugin dispose
1128 http fetch GET 200 https://registry.npmjs.org/@babel%2fhelper-create-class-features-plugin 119ms (cache revalidated)
1129 silly packumentCache full:https://registry.npmjs.org/@babel%2fhelper-create-class-features-plugin set size:377310 disposed:true
1130 silly packumentCache full:https://registry.npmjs.org/@babel%2fhelper-create-class-features-plugin dispose
1131 http fetch GET 200 https://registry.npmjs.org/@babel%2fhelper-annotate-as-pure 134ms (cache revalidated)
1132 silly packumentCache full:https://registry.npmjs.org/@babel%2fhelper-annotate-as-pure set size:179510 disposed:false
1133 silly packumentCache full:https://registry.npmjs.org/@babel%2fhelper-annotate-as-pure dispose
1134 http fetch GET 200 https://registry.npmjs.org/esutils 124ms (cache revalidated)
1135 silly packumentCache full:https://registry.npmjs.org/esutils set size:29522 disposed:false
1136 http fetch GET 200 https://registry.npmjs.org/@babel%2fhelper-create-regexp-features-plugin 592ms (cache revalidated)
1137 silly packumentCache full:https://registry.npmjs.org/@babel%2fhelper-create-regexp-features-plugin set size:184731 disposed:false
1138 http fetch GET 200 https://registry.npmjs.org/@babel%2fhelper-create-regexp-features-plugin 253ms (cache revalidated)
1139 silly packumentCache full:https://registry.npmjs.org/@babel%2fhelper-create-regexp-features-plugin set size:184731 disposed:false
1140 silly packumentCache full:https://registry.npmjs.org/@babel%2fhelper-create-regexp-features-plugin dispose
1141 http fetch GET 200 https://registry.npmjs.org/@babel%2fhelper-create-regexp-features-plugin 597ms (cache revalidated)
1142 silly packumentCache full:https://registry.npmjs.org/@babel%2fhelper-create-regexp-features-plugin set size:184731 disposed:true
1143 silly packumentCache full:https://registry.npmjs.org/@babel%2fhelper-create-regexp-features-plugin dispose
1144 http fetch GET 200 https://registry.npmjs.org/@babel%2fhelper-create-regexp-features-plugin 603ms (cache revalidated)
1145 silly packumentCache full:https://registry.npmjs.org/@babel%2fhelper-create-regexp-features-plugin set size:184731 disposed:true
1146 silly packumentCache full:https://registry.npmjs.org/@babel%2fhelper-create-regexp-features-plugin dispose
1147 http fetch GET 200 https://registry.npmjs.org/@babel%2fhelper-create-regexp-features-plugin 602ms (cache revalidated)
1148 silly packumentCache full:https://registry.npmjs.org/@babel%2fhelper-create-regexp-features-plugin set size:184731 disposed:true
1149 silly packumentCache full:https://registry.npmjs.org/@babel%2fhelper-create-regexp-features-plugin dispose
1150 http fetch GET 200 https://registry.npmjs.org/@babel%2fhelper-create-regexp-features-plugin 257ms (cache revalidated)
1151 silly packumentCache full:https://registry.npmjs.org/@babel%2fhelper-create-regexp-features-plugin set size:184731 disposed:true
1152 silly packumentCache full:https://registry.npmjs.org/@babel%2fhelper-create-regexp-features-plugin dispose
1153 http fetch GET 200 https://registry.npmjs.org/@babel%2fhelper-create-regexp-features-plugin 258ms (cache revalidated)
1154 silly packumentCache full:https://registry.npmjs.org/@babel%2fhelper-create-regexp-features-plugin set size:184731 disposed:true
1155 silly packumentCache full:https://registry.npmjs.org/@babel%2fhelper-create-regexp-features-plugin dispose
1156 http fetch GET 200 https://registry.npmjs.org/@babel%2fhelper-create-regexp-features-plugin 258ms (cache revalidated)
1157 silly packumentCache full:https://registry.npmjs.org/@babel%2fhelper-create-regexp-features-plugin set size:184731 disposed:true
1158 silly packumentCache full:https://registry.npmjs.org/@babel%2fhelper-create-regexp-features-plugin dispose
1159 http fetch GET 200 https://registry.npmjs.org/@babel%2fhelper-define-polyfill-provider 350ms (cache revalidated)
1160 silly packumentCache full:https://registry.npmjs.org/@babel%2fhelper-define-polyfill-provider set size:116586 disposed:false
1161 http fetch GET 200 https://registry.npmjs.org/@babel%2fhelper-define-polyfill-provider 340ms (cache revalidated)
1162 silly packumentCache full:https://registry.npmjs.org/@babel%2fhelper-define-polyfill-provider set size:116586 disposed:false
1163 silly packumentCache full:https://registry.npmjs.org/@babel%2fhelper-define-polyfill-provider dispose
1164 http fetch GET 200 https://registry.npmjs.org/@babel%2fhelper-define-polyfill-provider 342ms (cache revalidated)
1165 silly packumentCache full:https://registry.npmjs.org/@babel%2fhelper-define-polyfill-provider set size:116586 disposed:true
1166 silly packumentCache full:https://registry.npmjs.org/@babel%2fhelper-define-polyfill-provider dispose
1167 silly placeDep ROOT @babel/helper-skip-transparent-expression-wrappers@7.29.7 OK for: @babel/plugin-bugfix-safari-rest-destructuring-rhs-array@7.29.7 want: ^7.29.7
1168 silly placeDep ROOT @babel/helper-create-regexp-features-plugin@7.29.7 OK for: @babel/plugin-syntax-unicode-sets-regex@7.18.6 want: ^7.18.6
1169 silly fetch manifest regexpu-core@^6.3.1
1170 silly packumentCache full:https://registry.npmjs.org/regexpu-core cache-miss
1171 http fetch GET 200 https://registry.npmjs.org/regexpu-core 318ms (cache revalidated)
1172 silly packumentCache full:https://registry.npmjs.org/regexpu-core set size:156240 disposed:false
1173 silly placeDep ROOT @babel/helper-annotate-as-pure@7.29.7 OK for: @babel/helper-create-regexp-features-plugin@7.29.7 want: ^7.29.7
1174 silly placeDep ROOT regexpu-core@6.4.0 OK for: @babel/helper-create-regexp-features-plugin@7.29.7 want: ^6.3.1
1175 silly fetch manifest regenerate@^1.4.2
1176 silly packumentCache full:https://registry.npmjs.org/regenerate cache-miss
1177 silly fetch manifest regenerate-unicode-properties@^10.2.2
1178 silly packumentCache full:https://registry.npmjs.org/regenerate-unicode-properties cache-miss
1179 silly fetch manifest regjsgen@^0.8.0
1180 silly packumentCache full:https://registry.npmjs.org/regjsgen cache-miss
1181 silly fetch manifest regjsparser@^0.13.0
1182 silly packumentCache full:https://registry.npmjs.org/regjsparser cache-miss
1183 silly fetch manifest unicode-match-property-ecmascript@^2.0.0
1184 silly packumentCache full:https://registry.npmjs.org/unicode-match-property-ecmascript cache-miss
1185 silly fetch manifest unicode-match-property-value-ecmascript@^2.2.1
1186 silly packumentCache full:https://registry.npmjs.org/unicode-match-property-value-ecmascript cache-miss
1187 http fetch GET 200 https://registry.npmjs.org/regjsparser 98ms (cache revalidated)
1188 silly packumentCache full:https://registry.npmjs.org/regjsparser set size:83765 disposed:false
1189 http fetch GET 200 https://registry.npmjs.org/unicode-match-property-ecmascript 103ms (cache revalidated)
1190 silly packumentCache full:https://registry.npmjs.org/unicode-match-property-ecmascript set size:16934 disposed:false
1191 http fetch GET 200 https://registry.npmjs.org/regenerate-unicode-properties 105ms (cache revalidated)
1192 silly packumentCache full:https://registry.npmjs.org/regenerate-unicode-properties set size:78166 disposed:false
1193 http fetch GET 200 https://registry.npmjs.org/regjsgen 340ms (cache revalidated)
1194 silly packumentCache full:https://registry.npmjs.org/regjsgen set size:26409 disposed:false
1195 http fetch GET 200 https://registry.npmjs.org/regenerate 345ms (cache revalidated)
1196 silly packumentCache full:https://registry.npmjs.org/regenerate set size:56872 disposed:false
1197 http fetch GET 200 https://registry.npmjs.org/unicode-match-property-value-ecmascript 352ms (cache revalidated)
1198 silly packumentCache full:https://registry.npmjs.org/unicode-match-property-value-ecmascript set size:26439 disposed:false
1199 silly placeDep ROOT @babel/helper-remap-async-to-generator@7.29.7 OK for: @babel/plugin-transform-async-generator-functions@7.29.7 want: ^7.29.7
1200 silly fetch manifest @babel/helper-wrap-function@^7.29.7
1201 silly packumentCache full:https://registry.npmjs.org/@babel%2fhelper-wrap-function cache-miss
1202 http fetch GET 200 https://registry.npmjs.org/@babel%2fhelper-wrap-function 87ms (cache revalidated)
1203 silly packumentCache full:https://registry.npmjs.org/@babel%2fhelper-wrap-function set size:222843 disposed:false
1204 silly placeDep ROOT @babel/helper-wrap-function@7.29.7 OK for: @babel/helper-remap-async-to-generator@7.29.7 want: ^7.29.7
1205 silly placeDep ROOT @babel/helper-create-class-features-plugin@7.29.7 OK for: @babel/plugin-transform-class-properties@7.29.7 want: ^7.29.7
1206 silly fetch manifest @babel/helper-member-expression-to-functions@^7.29.7
1207 silly packumentCache full:https://registry.npmjs.org/@babel%2fhelper-member-expression-to-functions cache-miss
1208 silly fetch manifest @babel/helper-optimise-call-expression@^7.29.7
1209 silly packumentCache full:https://registry.npmjs.org/@babel%2fhelper-optimise-call-expression cache-miss
1210 http fetch GET 200 https://registry.npmjs.org/@babel%2fhelper-optimise-call-expression 96ms (cache revalidated)
1211 silly packumentCache full:https://registry.npmjs.org/@babel%2fhelper-optimise-call-expression set size:190890 disposed:false
1212 http fetch GET 200 https://registry.npmjs.org/@babel%2fhelper-member-expression-to-functions 335ms (cache revalidated)
1213 silly packumentCache full:https://registry.npmjs.org/@babel%2fhelper-member-expression-to-functions set size:227080 disposed:false
1214 silly placeDep ROOT @babel/helper-member-expression-to-functions@7.29.7 OK for: @babel/helper-create-class-features-plugin@7.29.7 want: ^7.29.7
1215 silly placeDep ROOT @babel/helper-optimise-call-expression@7.29.7 OK for: @babel/helper-create-class-features-plugin@7.29.7 want: ^7.29.7
1216 silly placeDep ROOT @babel/helper-replace-supers@7.29.7 OK for: @babel/helper-create-class-features-plugin@7.29.7 want: ^7.29.7
1217 silly placeDep ROOT @babel/helper-globals@7.29.7 OK for: @babel/plugin-transform-classes@7.29.7 want: ^7.29.7
1218 silly placeDep ROOT esutils@2.0.3 OK for: @babel/preset-modules@0.1.6-no-external-plugins want: ^2.0.2
1219 silly placeDep ROOT @babel/helper-string-parser@7.29.7 OK for: @babel/types@7.29.7 want: ^7.29.7
1220 silly placeDep ROOT @jest/types@29.6.3 OK for: @jest/create-cache-key-function@29.7.0 want: ^29.6.3
1221 silly fetch manifest @types/yargs@^17.0.8
1222 silly packumentCache full:https://registry.npmjs.org/@types%2fyargs cache-miss
1223 silly fetch manifest @jest/schemas@^29.6.3
1224 silly packumentCache full:https://registry.npmjs.org/@jest%2fschemas cache-miss
1225 silly fetch manifest @types/istanbul-reports@^3.0.0
1226 silly packumentCache full:https://registry.npmjs.org/@types%2fistanbul-reports cache-miss
1227 silly fetch manifest @types/istanbul-lib-coverage@^2.0.0
1228 silly packumentCache full:https://registry.npmjs.org/@types%2fistanbul-lib-coverage cache-miss
1229 http fetch GET 200 https://registry.npmjs.org/@types%2fyargs 103ms (cache revalidated)
1230 silly packumentCache full:https://registry.npmjs.org/@types%2fyargs set size:390540 disposed:false
1231 http fetch GET 200 https://registry.npmjs.org/@types%2fistanbul-lib-coverage 110ms (cache revalidated)
1232 silly packumentCache full:https://registry.npmjs.org/@types%2fistanbul-lib-coverage set size:18110 disposed:false
1233 http fetch GET 200 https://registry.npmjs.org/@jest%2fschemas 520ms (cache revalidated)
1234 silly packumentCache full:https://registry.npmjs.org/@jest%2fschemas set size:72050 disposed:false
1235 http fetch GET 200 https://registry.npmjs.org/@types%2fistanbul-reports 580ms (cache revalidated)
1236 silly packumentCache full:https://registry.npmjs.org/@types%2fistanbul-reports set size:17607 disposed:false
1237 silly placeDep ROOT @jest/schemas@29.6.3 OK for: @jest/types@29.6.3 want: ^29.6.3
1238 silly placeDep ROOT @types/istanbul-lib-coverage@2.0.6 OK for: @jest/types@29.6.3 want: ^2.0.0
1239 silly placeDep ROOT @types/istanbul-reports@3.0.4 OK for: @jest/types@29.6.3 want: ^3.0.0
1240 silly placeDep ROOT @types/node@25.9.2 OK for: @jest/types@29.6.3 want: *
1241 silly placeDep ROOT @types/yargs@17.0.35 OK for: @jest/types@29.6.3 want: ^17.0.8
1242 silly fetch manifest @sinclair/typebox@^0.27.8
1243 silly packumentCache full:https://registry.npmjs.org/@sinclair%2ftypebox cache-miss
1244 silly fetch manifest @types/istanbul-lib-report@*
1245 silly packumentCache full:https://registry.npmjs.org/@types%2fistanbul-lib-report cache-miss
1246 silly fetch manifest undici-types@>=7.24.0 <7.24.7
1247 silly packumentCache full:https://registry.npmjs.org/undici-types cache-miss
1248 silly fetch manifest @types/yargs-parser@*
1249 silly packumentCache full:https://registry.npmjs.org/@types%2fyargs-parser cache-miss
1250 http fetch GET 200 https://registry.npmjs.org/@types%2fyargs-parser 105ms (cache revalidated)
1251 silly packumentCache full:https://registry.npmjs.org/@types%2fyargs-parser set size:42751 disposed:false
1252 http fetch GET 200 https://registry.npmjs.org/undici-types 108ms (cache revalidated)
1253 silly packumentCache full:https://registry.npmjs.org/undici-types set size:229187 disposed:false
1254 http fetch GET 200 https://registry.npmjs.org/@types%2fistanbul-lib-report 352ms (cache revalidated)
1255 silly packumentCache full:https://registry.npmjs.org/@types%2fistanbul-lib-report set size:12674 disposed:false
1256 http fetch GET 200 https://registry.npmjs.org/@sinclair%2ftypebox 356ms (cache revalidated)
1257 silly packumentCache full:https://registry.npmjs.org/@sinclair%2ftypebox set size:1230117 disposed:false
1258 silly placeDep ROOT @sinclair/typebox@0.27.10 OK for: @jest/schemas@29.6.3 want: ^0.27.8
1259 silly placeDep ROOT @jridgewell/sourcemap-codec@1.5.5 OK for: @jridgewell/gen-mapping@0.3.13 want: ^1.5.0
1260 silly placeDep ROOT @jridgewell/resolve-uri@3.1.2 OK for: @jridgewell/trace-mapping@0.3.31 want: ^3.1.0
1261 silly placeDep ROOT @react-native-community/cli-clean@13.6.9 OK for: @react-native-community/cli@13.6.9 want: 13.6.9
1262 silly placeDep ROOT @react-native-community/cli-config@13.6.9 OK for: @react-native-community/cli@13.6.9 want: 13.6.9
1263 silly placeDep ROOT @react-native-community/cli-debugger-ui@13.6.9 OK for: @react-native-community/cli@13.6.9 want: 13.6.9
1264 silly placeDep ROOT @react-native-community/cli-doctor@13.6.9 OK for: @react-native-community/cli@13.6.9 want: 13.6.9
1265 silly placeDep ROOT @react-native-community/cli-hermes@13.6.9 OK for: @react-native-community/cli@13.6.9 want: 13.6.9
1266 silly placeDep ROOT @react-native-community/cli-server-api@13.6.9 OK for: @react-native-community/cli@13.6.9 want: 13.6.9
1267 silly placeDep ROOT @react-native-community/cli-tools@13.6.9 OK for: @react-native-community/cli@13.6.9 want: 13.6.9
1268 silly placeDep ROOT @react-native-community/cli-types@13.6.9 OK for: @react-native-community/cli@13.6.9 want: 13.6.9
1269 silly placeDep ROOT commander@9.5.0 OK for: @react-native-community/cli@13.6.9 want: ^9.4.1
1270 silly placeDep ROOT deepmerge@4.3.1 OK for: @react-native-community/cli@13.6.9 want: ^4.3.0
1271 silly placeDep ROOT execa@5.1.1 OK for: @react-native-community/cli@13.6.9 want: ^5.0.0
1272 silly placeDep ROOT find-up@4.1.0 OK for: @react-native-community/cli@13.6.9 want: ^4.1.0
1273 silly placeDep ROOT fs-extra@8.1.0 OK for: @react-native-community/cli@13.6.9 want: ^8.1.0
1274 silly placeDep ROOT graceful-fs@4.2.11 OK for: @react-native-community/cli@13.6.9 want: ^4.1.3
1275 silly placeDep ROOT prompts@2.4.2 OK for: @react-native-community/cli@13.6.9 want: ^2.4.2
1276 silly placeDep node_modules/@react-native-community/cli semver@7.8.3 OK for: @react-native-community/cli@13.6.9 want: ^7.5.2
1277 silly fetch manifest joi@^17.2.1
1278 silly packumentCache full:https://registry.npmjs.org/joi cache-miss
1279 silly fetch manifest cosmiconfig@^5.1.0
1280 silly packumentCache full:https://registry.npmjs.org/cosmiconfig cache-miss
1281 silly fetch manifest serve-static@^1.13.1
1282 silly packumentCache full:https://registry.npmjs.org/serve-static cache-miss
1283 silly fetch manifest ora@^5.4.1
1284 silly packumentCache full:https://registry.npmjs.org/ora cache-miss
1285 silly fetch manifest yaml@^2.2.1
1286 silly packumentCache full:https://registry.npmjs.org/yaml cache-miss
1287 silly fetch manifest envinfo@^7.10.0
1288 silly packumentCache full:https://registry.npmjs.org/envinfo cache-miss
1289 silly fetch manifest wcwidth@^1.0.1
1290 silly packumentCache full:https://registry.npmjs.org/wcwidth cache-miss
1291 silly fetch manifest strip-ansi@^5.2.0
1292 silly packumentCache full:https://registry.npmjs.org/strip-ansi cache-miss
1293 silly fetch manifest command-exists@^1.2.8
1294 silly packumentCache full:https://registry.npmjs.org/command-exists cache-miss
1295 silly fetch manifest node-stream-zip@^1.9.1
1296 silly packumentCache full:https://registry.npmjs.org/node-stream-zip cache-miss
1297 silly fetch manifest hermes-profile-transformer@^0.0.6
1298 silly packumentCache full:https://registry.npmjs.org/hermes-profile-transformer cache-miss
1299 silly fetch manifest hermes-profile-transformer@^0.0.6
1300 silly packumentCache full:https://registry.npmjs.org/hermes-profile-transformer cache-miss
1301 silly fetch manifest connect@^3.6.5
1302 silly packumentCache full:https://registry.npmjs.org/connect cache-miss
1303 silly fetch manifest nocache@^3.0.1
1304 silly packumentCache full:https://registry.npmjs.org/nocache cache-miss
1305 silly fetch manifest compression@^1.7.1
1306 silly packumentCache full:https://registry.npmjs.org/compression cache-miss
1307 http fetch GET 200 https://registry.npmjs.org/serve-static 86ms (cache revalidated)
1308 silly packumentCache full:https://registry.npmjs.org/serve-static set size:150391 disposed:false
1309 silly fetch manifest errorhandler@^1.5.1
1310 silly packumentCache full:https://registry.npmjs.org/errorhandler cache-miss
1311 http fetch GET 200 https://registry.npmjs.org/ora 92ms (cache revalidated)
1312 silly packumentCache full:https://registry.npmjs.org/ora set size:144913 disposed:false
1313 silly fetch manifest mime@^2.4.1
1314 silly packumentCache full:https://registry.npmjs.org/mime cache-miss
1315 http fetch GET 200 https://registry.npmjs.org/yaml 97ms (cache revalidated)
1316 silly packumentCache full:https://registry.npmjs.org/yaml set size:385754 disposed:false
1317 silly fetch manifest open@^6.2.0
1318 silly packumentCache full:https://registry.npmjs.org/open cache-miss
1319 http fetch GET 200 https://registry.npmjs.org/strip-ansi 104ms (cache revalidated)
1320 silly packumentCache full:https://registry.npmjs.org/strip-ansi set size:44998 disposed:false
1321 silly fetch manifest find-up@^5.0.0
1322 silly packumentCache full:https://registry.npmjs.org/find-up cache-hit
1323 silly fetch manifest appdirsjs@^1.2.4
1324 silly packumentCache full:https://registry.npmjs.org/appdirsjs cache-miss
1325 http fetch GET 200 https://registry.npmjs.org/compression 102ms (cache revalidated)
1326 silly packumentCache full:https://registry.npmjs.org/compression set size:98424 disposed:false
1327 silly fetch manifest node-fetch@^2.6.0
1328 silly packumentCache full:https://registry.npmjs.org/node-fetch cache-hit
1329 silly fetch manifest shell-quote@^1.7.3
1330 silly packumentCache full:https://registry.npmjs.org/shell-quote cache-hit
1331 silly fetch manifest sudo-prompt@^9.0.0
1332 silly packumentCache full:https://registry.npmjs.org/sudo-prompt cache-miss
1333 http fetch GET 200 https://registry.npmjs.org/open 92ms (cache revalidated)
1334 silly packumentCache full:https://registry.npmjs.org/open set size:136392 disposed:false
1335 silly fetch manifest joi@^17.2.1
1336 silly packumentCache full:https://registry.npmjs.org/joi cache-miss
1337 http fetch GET 200 https://registry.npmjs.org/mime 101ms (cache revalidated)
1338 silly packumentCache full:https://registry.npmjs.org/mime set size:119236 disposed:false
1339 silly fetch manifest onetime@^5.1.2
1340 silly packumentCache full:https://registry.npmjs.org/onetime cache-miss
1341 http fetch GET 200 https://registry.npmjs.org/wcwidth 331ms (cache revalidated)
1342 silly packumentCache full:https://registry.npmjs.org/wcwidth set size:5904 disposed:false
1343 silly fetch manifest is-stream@^2.0.0
1344 silly packumentCache full:https://registry.npmjs.org/is-stream cache-miss
1345 http fetch GET 200 https://registry.npmjs.org/hermes-profile-transformer 330ms (cache revalidated)
1346 silly packumentCache full:https://registry.npmjs.org/hermes-profile-transformer set size:38138 disposed:false
1347 silly fetch manifest get-stream@^6.0.0
1348 silly packumentCache full:https://registry.npmjs.org/get-stream cache-miss
1349 http fetch GET 200 https://registry.npmjs.org/hermes-profile-transformer 333ms (cache revalidated)
1350 silly packumentCache full:https://registry.npmjs.org/hermes-profile-transformer set size:38138 disposed:false
1351 silly packumentCache full:https://registry.npmjs.org/hermes-profile-transformer dispose
1352 silly fetch manifest cross-spawn@^7.0.3
1353 silly packumentCache full:https://registry.npmjs.org/cross-spawn cache-miss
1354 http fetch GET 200 https://registry.npmjs.org/joi 147ms (cache revalidated)
1355 silly packumentCache full:https://registry.npmjs.org/joi set size:518775 disposed:false
1356 silly fetch manifest signal-exit@^3.0.3
1357 silly packumentCache full:https://registry.npmjs.org/signal-exit cache-miss
1358 http fetch GET 200 https://registry.npmjs.org/connect 349ms (cache revalidated)
1359 silly packumentCache full:https://registry.npmjs.org/connect set size:438385 disposed:false
1360 silly fetch manifest merge-stream@^2.0.0
1361 silly packumentCache full:https://registry.npmjs.org/merge-stream cache-miss
1362 http fetch GET 200 https://registry.npmjs.org/joi 363ms (cache revalidated)
1363 silly packumentCache full:https://registry.npmjs.org/joi set size:518775 disposed:false
1364 silly packumentCache full:https://registry.npmjs.org/joi dispose
1365 silly fetch manifest npm-run-path@^4.0.1
1366 silly packumentCache full:https://registry.npmjs.org/npm-run-path cache-miss
1367 http fetch GET 200 https://registry.npmjs.org/cosmiconfig 370ms (cache revalidated)
1368 silly packumentCache full:https://registry.npmjs.org/cosmiconfig set size:200670 disposed:false
1369 silly fetch manifest human-signals@^2.1.0
1370 silly packumentCache full:https://registry.npmjs.org/human-signals cache-miss
1371 http fetch GET 200 https://registry.npmjs.org/envinfo 374ms (cache revalidated)
1372 silly packumentCache full:https://registry.npmjs.org/envinfo set size:285035 disposed:false
1373 silly fetch manifest strip-final-newline@^2.0.0
1374 silly packumentCache full:https://registry.npmjs.org/strip-final-newline cache-miss
1375 http fetch GET 200 https://registry.npmjs.org/node-stream-zip 379ms (cache revalidated)
1376 silly packumentCache full:https://registry.npmjs.org/node-stream-zip set size:112616 disposed:false
1377 silly fetch manifest locate-path@^5.0.0
1378 silly packumentCache full:https://registry.npmjs.org/locate-path cache-miss
1379 http fetch GET 200 https://registry.npmjs.org/command-exists 383ms (cache revalidated)
1380 silly packumentCache full:https://registry.npmjs.org/command-exists set size:31903 disposed:false
1381 silly fetch manifest path-exists@^4.0.0
1382 silly packumentCache full:https://registry.npmjs.org/path-exists cache-miss
1383 http fetch GET 200 https://registry.npmjs.org/errorhandler 322ms (cache revalidated)
1384 silly packumentCache full:https://registry.npmjs.org/errorhandler set size:55738 disposed:false
1385 silly fetch manifest jsonfile@^4.0.0
1386 silly packumentCache full:https://registry.npmjs.org/jsonfile cache-miss
1387 http fetch GET 200 https://registry.npmjs.org/sudo-prompt 311ms (cache revalidated)
1388 silly packumentCache full:https://registry.npmjs.org/sudo-prompt set size:84716 disposed:false
1389 silly fetch manifest graceful-fs@^4.2.0
1390 silly packumentCache full:https://registry.npmjs.org/graceful-fs cache-hit
1391 silly fetch manifest universalify@^0.1.0
1392 silly packumentCache full:https://registry.npmjs.org/universalify cache-miss
1393 http fetch GET 200 https://registry.npmjs.org/get-stream 95ms (cache revalidated)
1394 silly packumentCache full:https://registry.npmjs.org/get-stream set size:57536 disposed:false
1395 silly fetch manifest kleur@^3.0.3
1396 silly packumentCache full:https://registry.npmjs.org/kleur cache-miss
1397 http fetch GET 200 https://registry.npmjs.org/appdirsjs 327ms (cache revalidated)
1398 silly packumentCache full:https://registry.npmjs.org/appdirsjs set size:27386 disposed:false
1399 silly fetch manifest sisteransi@^1.0.5
1400 silly packumentCache full:https://registry.npmjs.org/sisteransi cache-miss
1401 http fetch GET 200 https://registry.npmjs.org/cross-spawn 129ms (cache revalidated)
1402 silly packumentCache full:https://registry.npmjs.org/cross-spawn set size:109066 disposed:false
1403 http fetch GET 200 https://registry.npmjs.org/nocache 474ms (cache revalidated)
1404 silly packumentCache full:https://registry.npmjs.org/nocache set size:31710 disposed:false
1405 http fetch GET 200 https://registry.npmjs.org/jsonfile 73ms (cache revalidated)
1406 silly packumentCache full:https://registry.npmjs.org/jsonfile set size:53210 disposed:false
1407 http fetch GET 200 https://registry.npmjs.org/npm-run-path 123ms (cache revalidated)
1408 silly packumentCache full:https://registry.npmjs.org/npm-run-path set size:33596 disposed:false
1409 http fetch GET 200 https://registry.npmjs.org/locate-path 119ms (cache revalidated)
1410 silly packumentCache full:https://registry.npmjs.org/locate-path set size:31329 disposed:false
1411 http fetch GET 200 https://registry.npmjs.org/universalify 81ms (cache revalidated)
1412 silly packumentCache full:https://registry.npmjs.org/universalify set size:19431 disposed:false
1413 http fetch GET 200 https://registry.npmjs.org/sisteransi 85ms (cache revalidated)
1414 silly packumentCache full:https://registry.npmjs.org/sisteransi set size:23215 disposed:false
1415 http fetch GET 200 https://registry.npmjs.org/onetime 340ms (cache revalidated)
1416 silly packumentCache full:https://registry.npmjs.org/onetime set size:32314 disposed:false
1417 http fetch GET 200 https://registry.npmjs.org/is-stream 347ms (cache revalidated)
1418 silly packumentCache full:https://registry.npmjs.org/is-stream set size:18582 disposed:false
1419 http fetch GET 200 https://registry.npmjs.org/human-signals 335ms (cache revalidated)
1420 silly packumentCache full:https://registry.npmjs.org/human-signals set size:47322 disposed:false
1421 http fetch GET 200 https://registry.npmjs.org/signal-exit 362ms (cache revalidated)
1422 silly packumentCache full:https://registry.npmjs.org/signal-exit set size:53489 disposed:false
1423 http fetch GET 200 https://registry.npmjs.org/path-exists 362ms (cache revalidated)
1424 silly packumentCache full:https://registry.npmjs.org/path-exists set size:13704 disposed:false
1425 http fetch GET 200 https://registry.npmjs.org/merge-stream 392ms (cache revalidated)
1426 silly packumentCache full:https://registry.npmjs.org/merge-stream set size:22168 disposed:false
1427 http fetch GET 200 https://registry.npmjs.org/strip-final-newline 375ms (cache revalidated)
1428 silly packumentCache full:https://registry.npmjs.org/strip-final-newline set size:9328 disposed:false
1429 http fetch GET 200 https://registry.npmjs.org/kleur 345ms (cache revalidated)
1430 silly packumentCache full:https://registry.npmjs.org/kleur set size:61853 disposed:false
1431 silly placeDep ROOT fast-glob@3.3.3 OK for: @react-native-community/cli-clean@13.6.9 want: ^3.3.2
1432 silly fetch manifest @nodelib/fs.stat@^2.0.2
1433 silly packumentCache full:https://registry.npmjs.org/@nodelib%2ffs.stat cache-miss
1434 silly fetch manifest @nodelib/fs.walk@^1.2.3
1435 silly packumentCache full:https://registry.npmjs.org/@nodelib%2ffs.walk cache-miss
1436 silly fetch manifest glob-parent@^5.1.2
1437 silly packumentCache full:https://registry.npmjs.org/glob-parent cache-miss
1438 silly fetch manifest merge2@^1.3.0
1439 silly packumentCache full:https://registry.npmjs.org/merge2 cache-miss
1440 silly fetch manifest micromatch@^4.0.8
1441 silly packumentCache full:https://registry.npmjs.org/micromatch cache-miss
1442 http fetch GET 200 https://registry.npmjs.org/@nodelib%2ffs.walk 103ms (cache revalidated)
1443 silly packumentCache full:https://registry.npmjs.org/@nodelib%2ffs.walk set size:41589 disposed:false
1444 http fetch GET 200 https://registry.npmjs.org/micromatch 104ms (cache revalidated)
1445 silly packumentCache full:https://registry.npmjs.org/micromatch set size:240630 disposed:false
1446 http fetch GET 200 https://registry.npmjs.org/glob-parent 109ms (cache revalidated)
1447 silly packumentCache full:https://registry.npmjs.org/glob-parent set size:42445 disposed:false
1448 http fetch GET 200 https://registry.npmjs.org/merge2 351ms (cache revalidated)
1449 silly packumentCache full:https://registry.npmjs.org/merge2 set size:46159 disposed:false
1450 http fetch GET 200 https://registry.npmjs.org/@nodelib%2ffs.stat 385ms (cache revalidated)
1451 silly packumentCache full:https://registry.npmjs.org/@nodelib%2ffs.stat set size:36993 disposed:false
1452 silly placeDep ROOT cosmiconfig@5.2.1 OK for: @react-native-community/cli-config@13.6.9 want: ^5.1.0
1453 silly placeDep ROOT joi@17.13.3 OK for: @react-native-community/cli-config@13.6.9 want: ^17.2.1
1454 silly fetch manifest js-yaml@^3.13.1
1455 silly packumentCache full:https://registry.npmjs.org/js-yaml cache-miss
1456 silly fetch manifest parse-json@^4.0.0
1457 silly packumentCache full:https://registry.npmjs.org/parse-json cache-miss
1458 silly fetch manifest import-fresh@^2.0.0
1459 silly packumentCache full:https://registry.npmjs.org/import-fresh cache-miss
1460 silly fetch manifest is-directory@^0.3.1
1461 silly packumentCache full:https://registry.npmjs.org/is-directory cache-miss
1462 silly fetch manifest @hapi/hoek@^9.3.0
1463 silly packumentCache full:https://registry.npmjs.org/@hapi%2fhoek cache-miss
1464 silly fetch manifest @hapi/topo@^5.1.0
1465 silly packumentCache full:https://registry.npmjs.org/@hapi%2ftopo cache-miss
1466 silly fetch manifest @sideway/address@^4.1.5
1467 silly packumentCache full:https://registry.npmjs.org/@sideway%2faddress cache-miss
1468 silly fetch manifest @sideway/formula@^3.0.1
1469 silly packumentCache full:https://registry.npmjs.org/@sideway%2fformula cache-miss
1470 silly fetch manifest @sideway/pinpoint@^2.0.0
1471 silly packumentCache full:https://registry.npmjs.org/@sideway%2fpinpoint cache-miss
1472 http fetch GET 200 https://registry.npmjs.org/js-yaml 91ms (cache revalidated)
1473 silly packumentCache full:https://registry.npmjs.org/js-yaml set size:152841 disposed:false
1474 http fetch GET 200 https://registry.npmjs.org/import-fresh 101ms (cache revalidated)
1475 silly packumentCache full:https://registry.npmjs.org/import-fresh set size:24604 disposed:false
1476 http fetch GET 200 https://registry.npmjs.org/is-directory 310ms (cache revalidated)
1477 silly packumentCache full:https://registry.npmjs.org/is-directory set size:15926 disposed:false
1478 http fetch GET 200 https://registry.npmjs.org/parse-json 340ms (cache revalidated)
1479 silly packumentCache full:https://registry.npmjs.org/parse-json set size:48198 disposed:false
1480 http fetch GET 200 https://registry.npmjs.org/@hapi%2fhoek 762ms (cache revalidated)
1481 silly packumentCache full:https://registry.npmjs.org/@hapi%2fhoek set size:121471 disposed:false
1482 http fetch GET 200 https://registry.npmjs.org/@sideway%2faddress 804ms (cache revalidated)
1483 silly packumentCache full:https://registry.npmjs.org/@sideway%2faddress set size:18241 disposed:false
1484 http fetch GET 200 https://registry.npmjs.org/@hapi%2ftopo 854ms (cache revalidated)
1485 silly packumentCache full:https://registry.npmjs.org/@hapi%2ftopo set size:36825 disposed:false
1486 http fetch GET 200 https://registry.npmjs.org/@sideway%2fpinpoint 863ms (cache revalidated)
1487 silly packumentCache full:https://registry.npmjs.org/@sideway%2fpinpoint set size:3672 disposed:false
1488 http fetch GET 200 https://registry.npmjs.org/@sideway%2fformula 864ms (cache revalidated)
1489 silly packumentCache full:https://registry.npmjs.org/@sideway%2fformula set size:6366 disposed:false
1490 silly placeDep ROOT serve-static@1.16.3 OK for: @react-native-community/cli-debugger-ui@13.6.9 want: ^1.13.1
1491 silly fetch manifest send@~0.19.1
1492 silly packumentCache full:https://registry.npmjs.org/send cache-miss
1493 silly fetch manifest parseurl@~1.3.3
1494 silly packumentCache full:https://registry.npmjs.org/parseurl cache-miss
1495 silly fetch manifest encodeurl@~2.0.0
1496 silly packumentCache full:https://registry.npmjs.org/encodeurl cache-miss
1497 silly fetch manifest escape-html@~1.0.3
1498 silly packumentCache full:https://registry.npmjs.org/escape-html cache-miss
1499 http fetch GET 200 https://registry.npmjs.org/send 79ms (cache revalidated)
1500 silly packumentCache full:https://registry.npmjs.org/send set size:152810 disposed:false
1501 http fetch GET 200 https://registry.npmjs.org/encodeurl 84ms (cache revalidated)
1502 silly packumentCache full:https://registry.npmjs.org/encodeurl set size:12296 disposed:false
1503 http fetch GET 200 https://registry.npmjs.org/escape-html 90ms (cache revalidated)
1504 silly packumentCache full:https://registry.npmjs.org/escape-html set size:7345 disposed:false
1505 http fetch GET 200 https://registry.npmjs.org/parseurl 96ms (cache revalidated)
1506 silly packumentCache full:https://registry.npmjs.org/parseurl set size:24148 disposed:false
1507 silly placeDep ROOT @react-native-community/cli-platform-apple@13.6.9 OK for: @react-native-community/cli-doctor@13.6.9 want: 13.6.9
1508 silly placeDep ROOT command-exists@1.2.9 OK for: @react-native-community/cli-doctor@13.6.9 want: ^1.2.8
1509 silly placeDep ROOT envinfo@7.21.0 OK for: @react-native-community/cli-doctor@13.6.9 want: ^7.10.0
1510 silly placeDep ROOT hermes-profile-transformer@0.0.6 OK for: @react-native-community/cli-doctor@13.6.9 want: ^0.0.6
1511 silly placeDep ROOT node-stream-zip@1.15.0 OK for: @react-native-community/cli-doctor@13.6.9 want: ^1.9.1
1512 silly placeDep ROOT ora@5.4.1 OK for: @react-native-community/cli-doctor@13.6.9 want: ^5.4.1
1513 silly placeDep node_modules/@react-native-community/cli-doctor semver@7.8.3 OK for: @react-native-community/cli-doctor@13.6.9 want: ^7.5.2
1514 silly placeDep ROOT strip-ansi@5.2.0 OK for: @react-native-community/cli-doctor@13.6.9 want: ^5.2.0
1515 silly placeDep ROOT wcwidth@1.0.1 OK for: @react-native-community/cli-doctor@13.6.9 want: ^1.0.1
1516 silly placeDep ROOT yaml@2.9.0 OK for: @react-native-community/cli-doctor@13.6.9 want: ^2.2.1
1517 silly fetch manifest fast-xml-parser@^4.0.12
1518 silly packumentCache full:https://registry.npmjs.org/fast-xml-parser cache-hit
1519 silly fetch manifest source-map@^0.7.3
1520 silly packumentCache full:https://registry.npmjs.org/source-map cache-hit
1521 silly fetch manifest bl@^4.1.0
1522 silly packumentCache full:https://registry.npmjs.org/bl cache-miss
1523 silly fetch manifest cli-cursor@^3.1.0
1524 silly packumentCache full:https://registry.npmjs.org/cli-cursor cache-miss
1525 silly fetch manifest strip-ansi@^6.0.0
1526 silly packumentCache full:https://registry.npmjs.org/strip-ansi cache-hit
1527 silly fetch manifest log-symbols@^4.1.0
1528 silly packumentCache full:https://registry.npmjs.org/log-symbols cache-miss
1529 silly fetch manifest cli-spinners@^2.5.0
1530 silly packumentCache full:https://registry.npmjs.org/cli-spinners cache-miss
1531 silly fetch manifest is-interactive@^1.0.0
1532 silly packumentCache full:https://registry.npmjs.org/is-interactive cache-miss
1533 silly fetch manifest is-unicode-supported@^0.1.0
1534 silly packumentCache full:https://registry.npmjs.org/is-unicode-supported cache-miss
1535 silly fetch manifest ansi-regex@^4.1.0
1536 silly packumentCache full:https://registry.npmjs.org/ansi-regex cache-hit
1537 silly fetch manifest defaults@^1.0.3
1538 silly packumentCache full:https://registry.npmjs.org/defaults cache-miss
1539 http fetch GET 200 https://registry.npmjs.org/cli-spinners 88ms (cache revalidated)
1540 silly packumentCache full:https://registry.npmjs.org/cli-spinners set size:67473 disposed:false
1541 http fetch GET 200 https://registry.npmjs.org/defaults 92ms (cache revalidated)
1542 silly packumentCache full:https://registry.npmjs.org/defaults set size:18134 disposed:false
1543 http fetch GET 200 https://registry.npmjs.org/cli-cursor 112ms (cache revalidated)
1544 silly packumentCache full:https://registry.npmjs.org/cli-cursor set size:18913 disposed:false
1545 http fetch GET 200 https://registry.npmjs.org/bl 119ms (cache revalidated)
1546 silly packumentCache full:https://registry.npmjs.org/bl set size:203035 disposed:false
1547 http fetch GET 200 https://registry.npmjs.org/log-symbols 333ms (cache revalidated)
1548 silly packumentCache full:https://registry.npmjs.org/log-symbols set size:31977 disposed:false
1549 http fetch GET 200 https://registry.npmjs.org/is-interactive 342ms (cache revalidated)
1550 silly packumentCache full:https://registry.npmjs.org/is-interactive set size:10692 disposed:false
1551 http fetch GET 200 https://registry.npmjs.org/is-unicode-supported 367ms (cache revalidated)
1552 silly packumentCache full:https://registry.npmjs.org/is-unicode-supported set size:19461 disposed:false
1553 silly placeDep ROOT fast-xml-parser@4.5.6 OK for: @react-native-community/cli-platform-android@13.6.9 want: ^4.2.4
1554 silly placeDep ROOT logkitty@0.7.1 OK for: @react-native-community/cli-platform-android@13.6.9 want: ^0.7.1
1555 silly fetch manifest strnum@^1.0.5
1556 silly packumentCache full:https://registry.npmjs.org/strnum cache-miss
1557 silly fetch manifest ansi-fragments@^0.2.1
1558 silly packumentCache full:https://registry.npmjs.org/ansi-fragments cache-miss
1559 silly fetch manifest dayjs@^1.8.15
1560 silly packumentCache full:https://registry.npmjs.org/dayjs cache-miss
1561 silly fetch manifest yargs@^15.1.0
1562 silly packumentCache full:https://registry.npmjs.org/yargs cache-hit
1563 http fetch GET 200 https://registry.npmjs.org/dayjs 326ms (cache revalidated)
1564 silly packumentCache full:https://registry.npmjs.org/dayjs set size:489321 disposed:false
1565 http fetch GET 200 https://registry.npmjs.org/ansi-fragments 351ms (cache revalidated)
1566 silly packumentCache full:https://registry.npmjs.org/ansi-fragments set size:17232 disposed:false
1567 http fetch GET 200 https://registry.npmjs.org/strnum 365ms (cache revalidated)
1568 silly packumentCache full:https://registry.npmjs.org/strnum set size:42961 disposed:false
1569 silly placeDep ROOT compression@1.8.1 OK for: @react-native-community/cli-server-api@13.6.9 want: ^1.7.1
1570 silly placeDep ROOT connect@3.7.0 OK for: @react-native-community/cli-server-api@13.6.9 want: ^3.6.5
1571 silly placeDep ROOT errorhandler@1.5.2 OK for: @react-native-community/cli-server-api@13.6.9 want: ^1.5.1
1572 silly placeDep ROOT nocache@3.0.4 OK for: @react-native-community/cli-server-api@13.6.9 want: ^3.0.1
1573 silly fetch manifest vary@~1.1.2
1574 silly packumentCache full:https://registry.npmjs.org/vary cache-miss
1575 silly fetch manifest bytes@3.1.2
1576 silly packumentCache full:https://registry.npmjs.org/bytes cache-miss
1577 silly fetch manifest debug@2.6.9
1578 silly packumentCache full:https://registry.npmjs.org/debug cache-hit
1579 silly fetch manifest negotiator@~0.6.4
1580 silly packumentCache full:https://registry.npmjs.org/negotiator cache-miss
1581 silly fetch manifest on-headers@~1.1.0
1582 silly packumentCache full:https://registry.npmjs.org/on-headers cache-miss
1583 silly fetch manifest safe-buffer@5.2.1
1584 silly packumentCache full:https://registry.npmjs.org/safe-buffer cache-miss
1585 silly fetch manifest compressible@~2.0.18
1586 silly packumentCache full:https://registry.npmjs.org/compressible cache-miss
1587 silly fetch manifest debug@2.6.9
1588 silly packumentCache full:https://registry.npmjs.org/debug cache-hit
1589 silly fetch manifest finalhandler@1.1.2
1590 silly packumentCache full:https://registry.npmjs.org/finalhandler cache-miss
1591 silly fetch manifest utils-merge@1.0.1
1592 silly packumentCache full:https://registry.npmjs.org/utils-merge cache-miss
1593 silly fetch manifest accepts@~1.3.8
1594 silly packumentCache full:https://registry.npmjs.org/accepts cache-miss
1595 http fetch GET 200 https://registry.npmjs.org/compressible 87ms (cache revalidated)
1596 silly packumentCache full:https://registry.npmjs.org/compressible set size:61733 disposed:false
1597 http fetch GET 200 https://registry.npmjs.org/bytes 96ms (cache revalidated)
1598 silly packumentCache full:https://registry.npmjs.org/bytes set size:37018 disposed:false
1599 http fetch GET 200 https://registry.npmjs.org/utils-merge 95ms (cache revalidated)
1600 silly packumentCache full:https://registry.npmjs.org/utils-merge set size:5237 disposed:false
1601 http fetch GET 200 https://registry.npmjs.org/finalhandler 102ms (cache revalidated)
1602 silly packumentCache full:https://registry.npmjs.org/finalhandler set size:79291 disposed:false
1603 http fetch GET 200 https://registry.npmjs.org/vary 114ms (cache revalidated)
1604 silly packumentCache full:https://registry.npmjs.org/vary set size:15994 disposed:false
1605 http fetch GET 200 https://registry.npmjs.org/safe-buffer 115ms (cache revalidated)
1606 silly packumentCache full:https://registry.npmjs.org/safe-buffer set size:41183 disposed:false
1607 http fetch GET 200 https://registry.npmjs.org/negotiator 123ms (cache revalidated)
1608 silly packumentCache full:https://registry.npmjs.org/negotiator set size:48046 disposed:false
1609 http fetch GET 200 https://registry.npmjs.org/accepts 123ms (cache revalidated)
1610 silly packumentCache full:https://registry.npmjs.org/accepts set size:77054 disposed:false
1611 http fetch GET 200 https://registry.npmjs.org/on-headers 338ms (cache revalidated)
1612 silly packumentCache full:https://registry.npmjs.org/on-headers set size:13226 disposed:false
1613 silly fetch manifest encoding@^0.1.0
1614 silly packumentCache full:https://registry.npmjs.org/encoding cache-miss
1615 http fetch GET 200 https://registry.npmjs.org/encoding 323ms (cache revalidated)
1616 silly packumentCache full:https://registry.npmjs.org/encoding set size:17833 disposed:false
1617 silly placeDep ROOT appdirsjs@1.2.7 OK for: @react-native-community/cli-tools@13.6.9 want: ^1.2.4
1618 silly placeDep node_modules/@react-native-community/cli-tools find-up@5.0.0 OK for: @react-native-community/cli-tools@13.6.9 want: ^5.0.0
1619 silly placeDep ROOT mime@2.6.0 OK for: @react-native-community/cli-tools@13.6.9 want: ^2.4.1
1620 silly placeDep ROOT node-fetch@2.7.0 OK for: @react-native-community/cli-tools@13.6.9 want: ^2.6.0
1621 silly placeDep ROOT open@6.4.0 OK for: @react-native-community/cli-tools@13.6.9 want: ^6.2.0
1622 silly placeDep node_modules/@react-native-community/cli-tools semver@7.8.3 OK for: @react-native-community/cli-tools@13.6.9 want: ^7.5.2
1623 silly placeDep ROOT shell-quote@1.8.4 OK for: @react-native-community/cli-tools@13.6.9 want: ^1.7.3
1624 silly placeDep ROOT sudo-prompt@9.2.1 OK for: @react-native-community/cli-tools@13.6.9 want: ^9.0.0
1625 silly fetch manifest locate-path@^6.0.0
1626 silly packumentCache full:https://registry.npmjs.org/locate-path cache-hit
1627 silly fetch manifest whatwg-url@^5.0.0
1628 silly packumentCache full:https://registry.npmjs.org/whatwg-url cache-miss
1629 silly fetch manifest is-wsl@^1.1.0
1630 silly packumentCache full:https://registry.npmjs.org/is-wsl cache-miss
1631 http fetch GET 200 https://registry.npmjs.org/whatwg-url 105ms (cache revalidated)
1632 silly packumentCache full:https://registry.npmjs.org/whatwg-url set size:170765 disposed:false
1633 http fetch GET 200 https://registry.npmjs.org/is-wsl 307ms (cache revalidated)
1634 silly packumentCache full:https://registry.npmjs.org/is-wsl set size:20683 disposed:false
1635 silly placeDep ROOT glob@7.2.3 OK for: @react-native/codegen@0.74.87 want: ^7.1.1
1636 silly placeDep ROOT hermes-parser@0.19.1 OK for: @react-native/codegen@0.74.87 want: 0.19.1
1637 silly placeDep ROOT jscodeshift@0.14.0 OK for: @react-native/codegen@0.74.87 want: ^0.14.0
1638 silly fetch manifest once@^1.3.0
1639 silly packumentCache full:https://registry.npmjs.org/once cache-miss
1640 silly fetch manifest inflight@^1.0.4
1641 silly packumentCache full:https://registry.npmjs.org/inflight cache-miss
1642 silly fetch manifest inherits@2
1643 silly packumentCache full:https://registry.npmjs.org/inherits cache-miss
1644 silly fetch manifest minimatch@^3.1.1
1645 silly packumentCache full:https://registry.npmjs.org/minimatch cache-miss
1646 silly fetch manifest fs.realpath@^1.0.0
1647 silly packumentCache full:https://registry.npmjs.org/fs.realpath cache-miss
1648 silly fetch manifest path-is-absolute@^1.0.0
1649 silly packumentCache full:https://registry.npmjs.org/path-is-absolute cache-miss
1650 silly fetch manifest hermes-estree@0.19.1
1651 silly packumentCache full:https://registry.npmjs.org/hermes-estree cache-miss
1652 silly fetch manifest temp@^0.8.4
1653 silly packumentCache full:https://registry.npmjs.org/temp cache-miss
1654 silly fetch manifest recast@^0.21.0
1655 silly packumentCache full:https://registry.npmjs.org/recast cache-miss
1656 silly fetch manifest node-dir@^0.1.17
1657 silly packumentCache full:https://registry.npmjs.org/node-dir cache-miss
1658 silly fetch manifest neo-async@^2.5.0
1659 silly packumentCache full:https://registry.npmjs.org/neo-async cache-miss
1660 silly fetch manifest babel-core@^7.0.0-bridge.0
1661 silly packumentCache full:https://registry.npmjs.org/babel-core cache-miss
1662 silly fetch manifest micromatch@^4.0.4
1663 silly packumentCache full:https://registry.npmjs.org/micromatch cache-hit
1664 silly fetch manifest flow-parser@0.*
1665 silly packumentCache full:https://registry.npmjs.org/flow-parser cache-miss
1666 silly fetch manifest @babel/register@^7.13.16
1667 silly packumentCache full:https://registry.npmjs.org/@babel%2fregister cache-miss
1668 silly fetch manifest write-file-atomic@^2.3.0
1669 silly packumentCache full:https://registry.npmjs.org/write-file-atomic cache-miss
1670 http fetch GET 200 https://registry.npmjs.org/inflight 102ms (cache revalidated)
1671 silly packumentCache full:https://registry.npmjs.org/inflight set size:13140 disposed:false
1672 silly fetch manifest @babel/preset-flow@^7.13.13
1673 silly packumentCache full:https://registry.npmjs.org/@babel%2fpreset-flow cache-miss
1674 http fetch GET 200 https://registry.npmjs.org/once 106ms (cache revalidated)
1675 silly packumentCache full:https://registry.npmjs.org/once set size:11752 disposed:false
1676 silly fetch manifest @babel/preset-typescript@^7.13.0
1677 silly packumentCache full:https://registry.npmjs.org/@babel%2fpreset-typescript cache-miss
1678 http fetch GET 200 https://registry.npmjs.org/path-is-absolute 119ms (cache revalidated)
1679 silly packumentCache full:https://registry.npmjs.org/path-is-absolute set size:8253 disposed:false
1680 silly fetch manifest @babel/plugin-proposal-class-properties@^7.13.0
1681 silly packumentCache full:https://registry.npmjs.org/@babel%2fplugin-proposal-class-properties cache-miss
1682 http fetch GET 200 https://registry.npmjs.org/minimatch 123ms (cache revalidated)
1683 silly packumentCache full:https://registry.npmjs.org/minimatch set size:375282 disposed:false
1684 silly fetch manifest @babel/plugin-proposal-optional-chaining@^7.13.12
1685 silly packumentCache full:https://registry.npmjs.org/@babel%2fplugin-proposal-optional-chaining cache-miss
1686 http fetch GET 200 https://registry.npmjs.org/fs.realpath 134ms (cache revalidated)
1687 silly packumentCache full:https://registry.npmjs.org/fs.realpath set size:4806 disposed:false
1688 silly fetch manifest @babel/plugin-proposal-nullish-coalescing-operator@^7.13.8
1689 silly packumentCache full:https://registry.npmjs.org/@babel%2fplugin-proposal-nullish-coalescing-operator cache-miss
1690 http fetch GET 200 https://registry.npmjs.org/inherits 137ms (cache revalidated)
1691 silly packumentCache full:https://registry.npmjs.org/inherits set size:12925 disposed:false
1692 http fetch GET 200 https://registry.npmjs.org/hermes-estree 138ms (cache revalidated)
1693 silly packumentCache full:https://registry.npmjs.org/hermes-estree set size:130205 disposed:false
1694 http fetch GET 200 https://registry.npmjs.org/neo-async 138ms (cache revalidated)
1695 silly packumentCache full:https://registry.npmjs.org/neo-async set size:155670 disposed:false
1696 http fetch GET 200 https://registry.npmjs.org/@babel%2fpreset-typescript 102ms (cache revalidated)
1697 silly packumentCache full:https://registry.npmjs.org/@babel%2fpreset-typescript set size:266647 disposed:false
1698 http fetch GET 200 https://registry.npmjs.org/@babel%2fplugin-proposal-optional-chaining 108ms (cache revalidated)
1699 silly packumentCache full:https://registry.npmjs.org/@babel%2fplugin-proposal-optional-chaining set size:196573 disposed:false
1700 http fetch GET 200 https://registry.npmjs.org/@babel%2fplugin-proposal-class-properties 121ms (cache revalidated)
1701 silly packumentCache full:https://registry.npmjs.org/@babel%2fplugin-proposal-class-properties set size:191045 disposed:false
1702 http fetch GET 200 https://registry.npmjs.org/@babel%2fplugin-proposal-nullish-coalescing-operator 125ms (cache revalidated)
1703 silly packumentCache full:https://registry.npmjs.org/@babel%2fplugin-proposal-nullish-coalescing-operator set size:163532 disposed:false
1704 http fetch GET 200 https://registry.npmjs.org/temp 335ms (cache revalidated)
1705 silly packumentCache full:https://registry.npmjs.org/temp set size:34966 disposed:false
1706 http fetch GET 200 https://registry.npmjs.org/node-dir 345ms (cache revalidated)
1707 silly packumentCache full:https://registry.npmjs.org/node-dir set size:38542 disposed:false
1708 http fetch GET 200 https://registry.npmjs.org/babel-core 352ms (cache revalidated)
1709 silly packumentCache full:https://registry.npmjs.org/babel-core set size:617385 disposed:false
1710 http fetch GET 200 https://registry.npmjs.org/recast 365ms (cache revalidated)
1711 silly packumentCache full:https://registry.npmjs.org/recast set size:525922 disposed:false
1712 http fetch GET 200 https://registry.npmjs.org/flow-parser 371ms (cache revalidated)
1713 silly packumentCache full:https://registry.npmjs.org/flow-parser set size:935135 disposed:false
1714 http fetch GET 200 https://registry.npmjs.org/write-file-atomic 379ms (cache revalidated)
1715 silly packumentCache full:https://registry.npmjs.org/write-file-atomic set size:82777 disposed:false
1716 http fetch GET 200 https://registry.npmjs.org/@babel%2fregister 614ms (cache revalidated)
1717 silly packumentCache full:https://registry.npmjs.org/@babel%2fregister set size:278306 disposed:false
1718 http fetch GET 200 https://registry.npmjs.org/@babel%2fpreset-flow 567ms (cache revalidated)
1719 silly packumentCache full:https://registry.npmjs.org/@babel%2fpreset-flow set size:217254 disposed:false
1720 silly placeDep ROOT @react-native/dev-middleware@0.74.87 OK for: @react-native/community-cli-plugin@0.74.87 want: 0.74.87
1721 silly placeDep ROOT @react-native/metro-babel-transformer@0.74.87 OK for: @react-native/community-cli-plugin@0.74.87 want: 0.74.87
1722 silly placeDep ROOT metro@0.80.12 OK for: @react-native/community-cli-plugin@0.74.87 want: ^0.80.3
1723 silly placeDep ROOT metro-config@0.80.12 OK for: @react-native/community-cli-plugin@0.74.87 want: ^0.80.3
1724 silly placeDep ROOT metro-core@0.80.12 OK for: @react-native/community-cli-plugin@0.74.87 want: ^0.80.3
1725 silly placeDep ROOT querystring@0.2.1 OK for: @react-native/community-cli-plugin@0.74.87 want: ^0.2.1
1726 silly placeDep ROOT readline@1.3.0 OK for: @react-native/community-cli-plugin@0.74.87 want: ^1.3.0
1727 silly fetch manifest open@^7.0.3
1728 silly packumentCache full:https://registry.npmjs.org/open cache-hit
1729 silly fetch manifest debug@^2.2.0
1730 silly packumentCache full:https://registry.npmjs.org/debug cache-hit
1731 silly fetch manifest temp-dir@^2.0.0
1732 silly packumentCache full:https://registry.npmjs.org/temp-dir cache-miss
1733 silly fetch manifest selfsigned@^2.4.1
1734 silly packumentCache full:https://registry.npmjs.org/selfsigned cache-miss
1735 silly fetch manifest chrome-launcher@^0.15.2
1736 silly packumentCache full:https://registry.npmjs.org/chrome-launcher cache-miss
1737 silly fetch manifest @isaacs/ttlcache@^1.4.1
1738 silly packumentCache full:https://registry.npmjs.org/@isaacs%2fttlcache cache-miss
1739 silly fetch manifest @react-native/debugger-frontend@0.74.87
1740 silly packumentCache full:https://registry.npmjs.org/@react-native%2fdebugger-frontend cache-miss
1741 silly fetch manifest @rnx-kit/chromium-edge-launcher@^1.0.0
1742 silly packumentCache full:https://registry.npmjs.org/@rnx-kit%2fchromium-edge-launcher cache-miss
1743 silly fetch manifest @react-native/babel-preset@0.74.87
1744 silly packumentCache full:https://registry.npmjs.org/@react-native%2fbabel-preset cache-miss
1745 silly fetch manifest ws@^7.5.10
1746 silly packumentCache full:https://registry.npmjs.org/ws cache-hit
1747 silly fetch manifest debug@^2.2.0
1748 silly packumentCache full:https://registry.npmjs.org/debug cache-hit
1749 silly fetch manifest throat@^5.0.0
1750 silly packumentCache full:https://registry.npmjs.org/throat cache-miss
1751 silly fetch manifest accepts@^1.3.7
1752 silly packumentCache full:https://registry.npmjs.org/accepts cache-hit
1753 silly fetch manifest ci-info@^2.0.0
1754 silly packumentCache full:https://registry.npmjs.org/ci-info cache-miss
1755 silly fetch manifest denodeify@^1.2.1
1756 silly packumentCache full:https://registry.npmjs.org/denodeify cache-miss
1757 silly fetch manifest image-size@^1.0.2
1758 silly packumentCache full:https://registry.npmjs.org/image-size cache-miss
1759 silly fetch manifest metro-core@0.80.12
1760 silly packumentCache full:https://registry.npmjs.org/metro-core cache-hit
1761 silly fetch manifest mime-types@^2.1.27
1762 silly packumentCache full:https://registry.npmjs.org/mime-types cache-miss
1763 silly fetch manifest jest-worker@^29.6.3
1764 silly packumentCache full:https://registry.npmjs.org/jest-worker cache-miss
1765 silly fetch manifest metro-cache@0.80.12
1766 silly packumentCache full:https://registry.npmjs.org/metro-cache cache-miss
1767 silly fetch manifest jsc-safe-url@^0.2.2
1768 silly packumentCache full:https://registry.npmjs.org/jsc-safe-url cache-miss
1769 http fetch GET 200 https://registry.npmjs.org/ci-info 198ms (cache revalidated)
1770 silly packumentCache full:https://registry.npmjs.org/ci-info set size:91363 disposed:false
1771 silly fetch manifest metro-config@0.80.12
1772 silly packumentCache full:https://registry.npmjs.org/metro-config cache-hit
1773 silly fetch manifest hermes-parser@0.23.1
1774 silly packumentCache full:https://registry.npmjs.org/hermes-parser cache-hit
1775 silly fetch manifest metro-file-map@0.80.12
1776 silly packumentCache full:https://registry.npmjs.org/metro-file-map cache-miss
1777 http fetch GET 200 https://registry.npmjs.org/image-size 196ms (cache revalidated)
1778 silly packumentCache full:https://registry.npmjs.org/image-size set size:155542 disposed:false
1779 silly fetch manifest metro-resolver@0.80.12
1780 silly packumentCache full:https://registry.npmjs.org/metro-resolver cache-miss
1781 http fetch GET 200 https://registry.npmjs.org/mime-types 200ms (cache revalidated)
1782 silly packumentCache full:https://registry.npmjs.org/mime-types set size:139110 disposed:false
1783 silly fetch manifest lodash.throttle@^4.1.1
1784 silly packumentCache full:https://registry.npmjs.org/lodash.throttle cache-miss
1785 http fetch GET 200 https://registry.npmjs.org/temp-dir 213ms (cache revalidated)
1786 silly packumentCache full:https://registry.npmjs.org/temp-dir set size:8337 disposed:false
1787 silly fetch manifest metro-cache-key@0.80.12
1788 silly packumentCache full:https://registry.npmjs.org/metro-cache-key cache-miss
1789 http fetch GET 200 https://registry.npmjs.org/jest-worker 203ms (cache revalidated)
1790 silly packumentCache full:https://registry.npmjs.org/jest-worker set size:466737 disposed:false
1791 silly fetch manifest serialize-error@^2.1.0
1792 silly packumentCache full:https://registry.npmjs.org/serialize-error cache-miss
1793 http fetch GET 200 https://registry.npmjs.org/selfsigned 220ms (cache revalidated)
1794 silly packumentCache full:https://registry.npmjs.org/selfsigned set size:100477 disposed:false
1795 silly fetch manifest error-stack-parser@^2.0.6
1796 silly packumentCache full:https://registry.npmjs.org/error-stack-parser cache-miss
1797 http fetch GET 200 https://registry.npmjs.org/throat 221ms (cache revalidated)
1798 silly packumentCache full:https://registry.npmjs.org/throat set size:31052 disposed:false
1799 silly fetch manifest metro-transform-worker@0.80.12
1800 silly packumentCache full:https://registry.npmjs.org/metro-transform-worker cache-miss
1801 http fetch GET 200 https://registry.npmjs.org/jsc-safe-url 214ms (cache revalidated)
1802 silly packumentCache full:https://registry.npmjs.org/jsc-safe-url set size:13143 disposed:false
1803 silly fetch manifest metro-babel-transformer@0.80.12
1804 silly packumentCache full:https://registry.npmjs.org/metro-babel-transformer cache-miss
1805 http fetch GET 200 https://registry.npmjs.org/chrome-launcher 227ms (cache revalidated)
1806 silly packumentCache full:https://registry.npmjs.org/chrome-launcher set size:131779 disposed:false
1807 silly fetch manifest metro-transform-plugins@0.80.12
1808 silly packumentCache full:https://registry.npmjs.org/metro-transform-plugins cache-miss
1809 http fetch GET 200 https://registry.npmjs.org/metro-resolver 107ms (cache revalidated)
1810 silly packumentCache full:https://registry.npmjs.org/metro-resolver set size:358806 disposed:false
1811 silly fetch manifest metro-cache@0.80.12
1812 silly packumentCache full:https://registry.npmjs.org/metro-cache cache-miss
1813 http fetch GET 200 https://registry.npmjs.org/error-stack-parser 101ms (cache revalidated)
1814 silly packumentCache full:https://registry.npmjs.org/error-stack-parser set size:89379 disposed:false
1815 silly fetch manifest jest-validate@^29.6.3
1816 silly packumentCache full:https://registry.npmjs.org/jest-validate cache-miss
1817 http fetch GET 200 https://registry.npmjs.org/metro-file-map 122ms (cache revalidated)
1818 silly packumentCache full:https://registry.npmjs.org/metro-file-map set size:188481 disposed:false
1819 silly fetch manifest lodash.throttle@^4.1.1
1820 silly packumentCache full:https://registry.npmjs.org/lodash.throttle cache-miss
1821 http fetch GET 200 https://registry.npmjs.org/serialize-error 115ms (cache revalidated)
1822 silly packumentCache full:https://registry.npmjs.org/serialize-error set size:64056 disposed:false
1823 http fetch GET 200 https://registry.npmjs.org/metro-cache 329ms (cache revalidated)
1824 silly packumentCache full:https://registry.npmjs.org/metro-cache set size:370347 disposed:false
1825 http fetch GET 200 https://registry.npmjs.org/denodeify 371ms (cache revalidated)
1826 silly packumentCache full:https://registry.npmjs.org/denodeify set size:13759 disposed:false
1827 http fetch GET 200 https://registry.npmjs.org/@react-native%2fdebugger-frontend 396ms (cache revalidated)
1828 silly packumentCache full:https://registry.npmjs.org/@react-native%2fdebugger-frontend set size:1925826 disposed:false
1829 http fetch GET 200 https://registry.npmjs.org/metro-cache 95ms (cache revalidated)
1830 silly packumentCache full:https://registry.npmjs.org/metro-cache set size:370347 disposed:false
1831 silly packumentCache full:https://registry.npmjs.org/metro-cache dispose
1832 http fetch GET 200 https://registry.npmjs.org/jest-validate 94ms (cache revalidated)
1833 silly packumentCache full:https://registry.npmjs.org/jest-validate set size:567910 disposed:false
1834 http fetch GET 200 https://registry.npmjs.org/lodash.throttle 332ms (cache revalidated)
1835 silly packumentCache full:https://registry.npmjs.org/lodash.throttle set size:32799 disposed:false
1836 http fetch GET 200 https://registry.npmjs.org/lodash.throttle 218ms (cache revalidated)
1837 silly packumentCache full:https://registry.npmjs.org/lodash.throttle set size:32799 disposed:false
1838 silly packumentCache full:https://registry.npmjs.org/lodash.throttle dispose
1839 http fetch GET 200 https://registry.npmjs.org/metro-babel-transformer 329ms (cache revalidated)
1840 silly packumentCache full:https://registry.npmjs.org/metro-babel-transformer set size:257306 disposed:false
1841 http fetch GET 200 https://registry.npmjs.org/metro-transform-plugins 331ms (cache revalidated)
1842 silly packumentCache full:https://registry.npmjs.org/metro-transform-plugins set size:246332 disposed:false
1843 http fetch GET 200 https://registry.npmjs.org/metro-cache-key 361ms (cache revalidated)
1844 silly packumentCache full:https://registry.npmjs.org/metro-cache-key set size:200137 disposed:false
1845 http fetch GET 200 https://registry.npmjs.org/metro-transform-worker 354ms (cache revalidated)
1846 silly packumentCache full:https://registry.npmjs.org/metro-transform-worker set size:254965 disposed:false
1847 http fetch GET 200 https://registry.npmjs.org/@isaacs%2fttlcache 767ms (cache revalidated)
1848 silly packumentCache full:https://registry.npmjs.org/@isaacs%2fttlcache set size:65208 disposed:false
1849 http fetch GET 200 https://registry.npmjs.org/@react-native%2fbabel-preset 832ms (cache revalidated)
1850 silly packumentCache full:https://registry.npmjs.org/@react-native%2fbabel-preset set size:4230819 disposed:false
1851 http fetch GET 200 https://registry.npmjs.org/@rnx-kit%2fchromium-edge-launcher 891ms (cache revalidated)
1852 silly packumentCache full:https://registry.npmjs.org/@rnx-kit%2fchromium-edge-launcher set size:10462 disposed:false
1853 silly placeDep ROOT @isaacs/ttlcache@1.4.1 OK for: @react-native/dev-middleware@0.74.87 want: ^1.4.1
1854 silly placeDep ROOT @react-native/debugger-frontend@0.74.87 OK for: @react-native/dev-middleware@0.74.87 want: 0.74.87
1855 silly placeDep ROOT @rnx-kit/chromium-edge-launcher@1.0.0 OK for: @react-native/dev-middleware@0.74.87 want: ^1.0.0
1856 silly placeDep ROOT chrome-launcher@0.15.2 OK for: @react-native/dev-middleware@0.74.87 want: ^0.15.2
1857 silly placeDep node_modules/@react-native/dev-middleware debug@2.6.9 OK for: @react-native/dev-middleware@0.74.87 want: ^2.2.0
1858 silly placeDep node_modules/@react-native/dev-middleware open@7.4.2 OK for: @react-native/dev-middleware@0.74.87 want: ^7.0.3
1859 silly placeDep ROOT selfsigned@2.4.1 OK for: @react-native/dev-middleware@0.74.87 want: ^2.4.1
1860 silly placeDep ROOT temp-dir@2.0.0 OK for: @react-native/dev-middleware@0.74.87 want: ^2.0.0
1861 silly fetch manifest is-wsl@^2.2.0
1862 silly packumentCache full:https://registry.npmjs.org/is-wsl cache-hit
1863 silly fetch manifest mkdirp@^1.0.4
1864 silly packumentCache full:https://registry.npmjs.org/mkdirp cache-hit
1865 silly fetch manifest rimraf@^3.0.2
1866 silly packumentCache full:https://registry.npmjs.org/rimraf cache-miss
1867 silly fetch manifest @types/node@^18.0.0
1868 silly packumentCache full:https://registry.npmjs.org/@types%2fnode cache-miss
1869 silly fetch manifest lighthouse-logger@^1.0.0
1870 silly packumentCache full:https://registry.npmjs.org/lighthouse-logger cache-miss
1871 silly fetch manifest escape-string-regexp@^4.0.0
1872 silly packumentCache full:https://registry.npmjs.org/escape-string-regexp cache-miss
1873 silly fetch manifest is-wsl@^2.2.0
1874 silly packumentCache full:https://registry.npmjs.org/is-wsl cache-hit
1875 silly fetch manifest lighthouse-logger@^1.0.0
1876 silly packumentCache full:https://registry.npmjs.org/lighthouse-logger cache-miss
1877 silly fetch manifest escape-string-regexp@^4.0.0
1878 silly packumentCache full:https://registry.npmjs.org/escape-string-regexp cache-miss
1879 silly fetch manifest ms@2.0.0
1880 silly packumentCache full:https://registry.npmjs.org/ms cache-hit
1881 silly fetch manifest is-wsl@^2.1.1
1882 silly packumentCache full:https://registry.npmjs.org/is-wsl cache-hit
1883 silly fetch manifest is-docker@^2.0.0
1884 silly packumentCache full:https://registry.npmjs.org/is-docker cache-miss
1885 silly fetch manifest node-forge@^1
1886 silly packumentCache full:https://registry.npmjs.org/node-forge cache-miss
1887 silly fetch manifest @types/node-forge@^1.3.0
1888 silly packumentCache full:https://registry.npmjs.org/@types%2fnode-forge cache-miss
1889 http cache https://registry.npmjs.org/@types%2fnode 46ms (cache hit)
1890 silly packumentCache full:https://registry.npmjs.org/@types%2fnode set size:11033538 disposed:false
1891 http fetch GET 200 https://registry.npmjs.org/escape-string-regexp 183ms (cache revalidated)
1892 silly packumentCache full:https://registry.npmjs.org/escape-string-regexp set size:22244 disposed:false
1893 http fetch GET 200 https://registry.npmjs.org/escape-string-regexp 185ms (cache revalidated)
1894 silly packumentCache full:https://registry.npmjs.org/escape-string-regexp set size:22244 disposed:false
1895 silly packumentCache full:https://registry.npmjs.org/escape-string-regexp dispose
1896 http fetch GET 200 https://registry.npmjs.org/is-docker 184ms (cache revalidated)
1897 silly packumentCache full:https://registry.npmjs.org/is-docker set size:23690 disposed:false
1898 http fetch GET 200 https://registry.npmjs.org/rimraf 188ms (cache revalidated)
1899 silly packumentCache full:https://registry.npmjs.org/rimraf set size:212626 disposed:false
1900 http fetch GET 200 https://registry.npmjs.org/node-forge 188ms (cache revalidated)
1901 silly packumentCache full:https://registry.npmjs.org/node-forge set size:394631 disposed:false
1902 http fetch GET 200 https://registry.npmjs.org/lighthouse-logger 320ms (cache revalidated)
1903 silly packumentCache full:https://registry.npmjs.org/lighthouse-logger set size:19412 disposed:false
1904 http fetch GET 200 https://registry.npmjs.org/lighthouse-logger 331ms (cache revalidated)
1905 silly packumentCache full:https://registry.npmjs.org/lighthouse-logger set size:19412 disposed:false
1906 silly packumentCache full:https://registry.npmjs.org/lighthouse-logger dispose
1907 http fetch GET 200 https://registry.npmjs.org/@types%2fnode-forge 350ms (cache revalidated)
1908 silly packumentCache full:https://registry.npmjs.org/@types%2fnode-forge set size:228988 disposed:false
1909 silly placeDep ROOT @react-native/babel-preset@0.74.87 OK for: @react-native/metro-babel-transformer@0.74.87 want: 0.74.87
1910 silly fetch manifest @babel/plugin-syntax-flow@^7.18.0
1911 silly packumentCache full:https://registry.npmjs.org/@babel%2fplugin-syntax-flow cache-miss
1912 silly fetch manifest @babel/plugin-transform-runtime@^7.0.0
1913 silly packumentCache full:https://registry.npmjs.org/@babel%2fplugin-transform-runtime cache-miss
1914 silly fetch manifest @babel/plugin-transform-react-jsx@^7.0.0
1915 silly packumentCache full:https://registry.npmjs.org/@babel%2fplugin-transform-react-jsx cache-miss
1916 silly fetch manifest babel-plugin-transform-flow-enums@^0.0.2
1917 silly packumentCache full:https://registry.npmjs.org/babel-plugin-transform-flow-enums cache-miss
1918 silly fetch manifest @babel/plugin-transform-typescript@^7.5.0
1919 silly packumentCache full:https://registry.npmjs.org/@babel%2fplugin-transform-typescript cache-miss
1920 silly fetch manifest @react-native/babel-plugin-codegen@0.74.87
1921 silly packumentCache full:https://registry.npmjs.org/@react-native%2fbabel-plugin-codegen cache-miss
1922 silly fetch manifest @babel/plugin-syntax-dynamic-import@^7.8.0
1923 silly packumentCache full:https://registry.npmjs.org/@babel%2fplugin-syntax-dynamic-import cache-miss
1924 silly fetch manifest @babel/plugin-syntax-optional-chaining@^7.0.0
1925 silly packumentCache full:https://registry.npmjs.org/@babel%2fplugin-syntax-optional-chaining cache-miss
1926 silly fetch manifest @babel/plugin-transform-react-jsx-self@^7.0.0
1927 silly packumentCache full:https://registry.npmjs.org/@babel%2fplugin-transform-react-jsx-self cache-miss
1928 silly fetch manifest @babel/plugin-proposal-class-properties@^7.18.0
1929 silly packumentCache full:https://registry.npmjs.org/@babel%2fplugin-proposal-class-properties cache-hit
1930 silly fetch manifest @babel/plugin-proposal-numeric-separator@^7.0.0
1931 silly packumentCache full:https://registry.npmjs.org/@babel%2fplugin-proposal-numeric-separator cache-miss
1932 silly fetch manifest @babel/plugin-proposal-optional-chaining@^7.20.0
1933 silly packumentCache full:https://registry.npmjs.org/@babel%2fplugin-proposal-optional-chaining cache-hit
1934 silly fetch manifest @babel/plugin-syntax-export-default-from@^7.0.0
1935 silly packumentCache full:https://registry.npmjs.org/@babel%2fplugin-syntax-export-default-from cache-miss
1936 silly fetch manifest @babel/plugin-transform-flow-strip-types@^7.20.0
1937 silly packumentCache full:https://registry.npmjs.org/@babel%2fplugin-transform-flow-strip-types cache-miss
1938 silly fetch manifest @babel/plugin-transform-react-jsx-source@^7.0.0
1939 silly packumentCache full:https://registry.npmjs.org/@babel%2fplugin-transform-react-jsx-source cache-miss
1940 silly fetch manifest @babel/plugin-proposal-object-rest-spread@^7.20.0
1941 silly packumentCache full:https://registry.npmjs.org/@babel%2fplugin-proposal-object-rest-spread cache-miss
1942 silly fetch manifest @babel/plugin-proposal-export-default-from@^7.0.0
1943 silly packumentCache full:https://registry.npmjs.org/@babel%2fplugin-proposal-export-default-from cache-miss
1944 http fetch GET 200 https://registry.npmjs.org/@babel%2fplugin-proposal-numeric-separator 124ms (cache revalidated)
1945 silly packumentCache full:https://registry.npmjs.org/@babel%2fplugin-proposal-numeric-separator set size:149998 disposed:false
1946 silly fetch manifest @babel/plugin-transform-react-display-name@^7.0.0
1947 silly packumentCache full:https://registry.npmjs.org/@babel%2fplugin-transform-react-display-name cache-miss
1948 http fetch GET 200 https://registry.npmjs.org/@babel%2fplugin-transform-runtime 133ms (cache revalidated)
1949 silly packumentCache full:https://registry.npmjs.org/@babel%2fplugin-transform-runtime set size:462646 disposed:false
1950 silly fetch manifest @babel/plugin-proposal-optional-catch-binding@^7.0.0
1951 silly packumentCache full:https://registry.npmjs.org/@babel%2fplugin-proposal-optional-catch-binding cache-miss
1952 http fetch GET 200 https://registry.npmjs.org/@babel%2fplugin-transform-typescript 141ms (cache revalidated)
1953 silly packumentCache full:https://registry.npmjs.org/@babel%2fplugin-transform-typescript set size:397906 disposed:false
1954 silly fetch manifest @babel/plugin-proposal-async-generator-functions@^7.0.0
1955 silly packumentCache full:https://registry.npmjs.org/@babel%2fplugin-proposal-async-generator-functions cache-miss
1956 http fetch GET 200 https://registry.npmjs.org/@babel%2fplugin-transform-flow-strip-types 158ms (cache revalidated)
1957 silly packumentCache full:https://registry.npmjs.org/@babel%2fplugin-transform-flow-strip-types set size:250252 disposed:false
1958 silly fetch manifest @babel/plugin-syntax-nullish-coalescing-operator@^7.0.0
1959 silly packumentCache full:https://registry.npmjs.org/@babel%2fplugin-syntax-nullish-coalescing-operator cache-miss
1960 http fetch GET 200 https://registry.npmjs.org/@babel%2fplugin-transform-react-display-name 95ms (cache revalidated)
1961 silly packumentCache full:https://registry.npmjs.org/@babel%2fplugin-transform-react-display-name set size:214480 disposed:false
1962 silly fetch manifest @babel/plugin-proposal-nullish-coalescing-operator@^7.18.0
1963 silly packumentCache full:https://registry.npmjs.org/@babel%2fplugin-proposal-nullish-coalescing-operator cache-hit
1964 silly fetch manifest @babel/plugin-proposal-logical-assignment-operators@^7.18.0
1965 silly packumentCache full:https://registry.npmjs.org/@babel%2fplugin-proposal-logical-assignment-operators cache-miss
1966 http fetch GET 200 https://registry.npmjs.org/babel-plugin-transform-flow-enums 347ms (cache revalidated)
1967 silly packumentCache full:https://registry.npmjs.org/babel-plugin-transform-flow-enums set size:8046 disposed:false
1968 http fetch GET 200 https://registry.npmjs.org/@babel%2fplugin-transform-react-jsx-self 356ms (cache revalidated)
1969 silly packumentCache full:https://registry.npmjs.org/@babel%2fplugin-transform-react-jsx-self set size:200274 disposed:false
1970 http fetch GET 200 https://registry.npmjs.org/@babel%2fplugin-syntax-optional-chaining 360ms (cache revalidated)
1971 silly packumentCache full:https://registry.npmjs.org/@babel%2fplugin-syntax-optional-chaining set size:82606 disposed:false
1972 http fetch GET 200 https://registry.npmjs.org/@babel%2fplugin-syntax-flow 375ms (cache revalidated)
1973 silly packumentCache full:https://registry.npmjs.org/@babel%2fplugin-syntax-flow set size:196884 disposed:false
1974 http fetch GET 200 https://registry.npmjs.org/@babel%2fplugin-syntax-nullish-coalescing-operator 348ms (cache revalidated)
1975 silly packumentCache full:https://registry.npmjs.org/@babel%2fplugin-syntax-nullish-coalescing-operator set size:85378 disposed:false
1976 http fetch GET 200 https://registry.npmjs.org/@babel%2fplugin-proposal-object-rest-spread 574ms (cache revalidated)
1977 silly packumentCache full:https://registry.npmjs.org/@babel%2fplugin-proposal-object-rest-spread set size:249794 disposed:false
1978 http fetch GET 200 https://registry.npmjs.org/@babel%2fplugin-proposal-export-default-from 585ms (cache revalidated)
1979 silly packumentCache full:https://registry.npmjs.org/@babel%2fplugin-proposal-export-default-from set size:213054 disposed:false
1980 http fetch GET 200 https://registry.npmjs.org/@babel%2fplugin-syntax-dynamic-import 602ms (cache revalidated)
1981 silly packumentCache full:https://registry.npmjs.org/@babel%2fplugin-syntax-dynamic-import set size:81432 disposed:false
1982 http fetch GET 200 https://registry.npmjs.org/@babel%2fplugin-transform-react-jsx 610ms (cache revalidated)
1983 silly packumentCache full:https://registry.npmjs.org/@babel%2fplugin-transform-react-jsx set size:293834 disposed:false
1984 http fetch GET 200 https://registry.npmjs.org/@babel%2fplugin-syntax-export-default-from 618ms (cache revalidated)
1985 silly packumentCache full:https://registry.npmjs.org/@babel%2fplugin-syntax-export-default-from set size:190848 disposed:false
1986 http fetch GET 200 https://registry.npmjs.org/@babel%2fplugin-transform-react-jsx-source 623ms (cache revalidated)
1987 silly packumentCache full:https://registry.npmjs.org/@babel%2fplugin-transform-react-jsx-source set size:205288 disposed:false
1988 http fetch GET 200 https://registry.npmjs.org/@babel%2fplugin-proposal-optional-catch-binding 562ms (cache revalidated)
1989 silly packumentCache full:https://registry.npmjs.org/@babel%2fplugin-proposal-optional-catch-binding set size:143831 disposed:false
1990 http fetch GET 200 https://registry.npmjs.org/@babel%2fplugin-proposal-async-generator-functions 602ms (cache revalidated)
1991 silly packumentCache full:https://registry.npmjs.org/@babel%2fplugin-proposal-async-generator-functions set size:213309 disposed:false
1992 http fetch GET 200 https://registry.npmjs.org/@react-native%2fbabel-plugin-codegen 790ms (cache revalidated)
1993 silly packumentCache full:https://registry.npmjs.org/@react-native%2fbabel-plugin-codegen set size:2182160 disposed:false
1994 http fetch GET 200 https://registry.npmjs.org/@babel%2fplugin-proposal-logical-assignment-operators 579ms (cache revalidated)
1995 silly packumentCache full:https://registry.npmjs.org/@babel%2fplugin-proposal-logical-assignment-operators set size:153052 disposed:false
1996 silly fetch manifest @babel/core@^7.20.0
1997 silly packumentCache full:https://registry.npmjs.org/@babel%2fcore cache-hit
1998 silly placeDep ROOT @babel/plugin-proposal-async-generator-functions@7.20.7 OK for: @react-native/babel-preset@0.74.87 want: ^7.0.0
1999 silly placeDep ROOT @babel/plugin-proposal-class-properties@7.18.6 OK for: @react-native/babel-preset@0.74.87 want: ^7.18.0
2000 silly placeDep ROOT @babel/plugin-proposal-export-default-from@7.29.7 OK for: @react-native/babel-preset@0.74.87 want: ^7.0.0
2001 silly placeDep ROOT @babel/plugin-proposal-logical-assignment-operators@7.20.7 OK for: @react-native/babel-preset@0.74.87 want: ^7.18.0
2002 silly placeDep ROOT @babel/plugin-proposal-nullish-coalescing-operator@7.18.6 OK for: @react-native/babel-preset@0.74.87 want: ^7.18.0
2003 silly placeDep ROOT @babel/plugin-proposal-numeric-separator@7.18.6 OK for: @react-native/babel-preset@0.74.87 want: ^7.0.0
2004 silly placeDep ROOT @babel/plugin-proposal-object-rest-spread@7.20.7 OK for: @react-native/babel-preset@0.74.87 want: ^7.20.0
2005 silly placeDep ROOT @babel/plugin-proposal-optional-catch-binding@7.18.6 OK for: @react-native/babel-preset@0.74.87 want: ^7.0.0
2006 silly placeDep ROOT @babel/plugin-proposal-optional-chaining@7.21.0 OK for: @react-native/babel-preset@0.74.87 want: ^7.20.0
2007 silly placeDep ROOT @babel/plugin-syntax-dynamic-import@7.8.3 OK for: @react-native/babel-preset@0.74.87 want: ^7.8.0
2008 silly placeDep ROOT @babel/plugin-syntax-export-default-from@7.29.7 OK for: @react-native/babel-preset@0.74.87 want: ^7.0.0
2009 silly placeDep ROOT @babel/plugin-syntax-flow@7.29.7 OK for: @react-native/babel-preset@0.74.87 want: ^7.18.0
2010 silly placeDep ROOT @babel/plugin-syntax-nullish-coalescing-operator@7.8.3 OK for: @react-native/babel-preset@0.74.87 want: ^7.0.0
2011 silly placeDep ROOT @babel/plugin-syntax-optional-chaining@7.8.3 OK for: @react-native/babel-preset@0.74.87 want: ^7.0.0
2012 silly placeDep ROOT @babel/plugin-transform-flow-strip-types@7.29.7 OK for: @react-native/babel-preset@0.74.87 want: ^7.20.0
2013 silly placeDep ROOT @babel/plugin-transform-react-display-name@7.29.7 OK for: @react-native/babel-preset@0.74.87 want: ^7.0.0
2014 silly placeDep ROOT @babel/plugin-transform-react-jsx@7.29.7 OK for: @react-native/babel-preset@0.74.87 want: ^7.0.0
2015 silly placeDep ROOT @babel/plugin-transform-react-jsx-self@7.29.7 OK for: @react-native/babel-preset@0.74.87 want: ^7.0.0
2016 silly placeDep ROOT @babel/plugin-transform-react-jsx-source@7.29.7 OK for: @react-native/babel-preset@0.74.87 want: ^7.0.0
2017 silly placeDep ROOT @babel/plugin-transform-runtime@7.29.7 OK for: @react-native/babel-preset@0.74.87 want: ^7.0.0
2018 silly placeDep ROOT @babel/plugin-transform-typescript@7.29.7 OK for: @react-native/babel-preset@0.74.87 want: ^7.5.0
2019 silly placeDep ROOT @react-native/babel-plugin-codegen@0.74.87 OK for: @react-native/babel-preset@0.74.87 want: 0.74.87
2020 silly placeDep ROOT babel-plugin-transform-flow-enums@0.0.2 OK for: @react-native/babel-preset@0.74.87 want: ^0.0.2
2021 silly fetch manifest @babel/helper-environment-visitor@^7.18.9
2022 silly packumentCache full:https://registry.npmjs.org/@babel%2fhelper-environment-visitor cache-miss
2023 silly fetch manifest @babel/plugin-syntax-async-generators@^7.8.4
2024 silly packumentCache full:https://registry.npmjs.org/@babel%2fplugin-syntax-async-generators cache-miss
2025 silly fetch manifest @babel/plugin-syntax-logical-assignment-operators@^7.10.4
2026 silly packumentCache full:https://registry.npmjs.org/@babel%2fplugin-syntax-logical-assignment-operators cache-miss
2027 silly fetch manifest @babel/plugin-syntax-nullish-coalescing-operator@^7.8.3
2028 silly packumentCache full:https://registry.npmjs.org/@babel%2fplugin-syntax-nullish-coalescing-operator cache-hit
2029 silly fetch manifest @babel/plugin-syntax-numeric-separator@^7.10.4
2030 silly packumentCache full:https://registry.npmjs.org/@babel%2fplugin-syntax-numeric-separator cache-miss
2031 silly fetch manifest @babel/plugin-syntax-object-rest-spread@^7.8.3
2032 silly packumentCache full:https://registry.npmjs.org/@babel%2fplugin-syntax-object-rest-spread cache-miss
2033 silly fetch manifest @babel/plugin-syntax-optional-catch-binding@^7.8.3
2034 silly packumentCache full:https://registry.npmjs.org/@babel%2fplugin-syntax-optional-catch-binding cache-miss
2035 silly fetch manifest @babel/plugin-syntax-optional-chaining@^7.8.3
2036 silly packumentCache full:https://registry.npmjs.org/@babel%2fplugin-syntax-optional-chaining cache-hit
2037 silly fetch manifest @babel/plugin-syntax-jsx@^7.29.7
2038 silly packumentCache full:https://registry.npmjs.org/@babel%2fplugin-syntax-jsx cache-miss
2039 silly fetch manifest babel-plugin-polyfill-corejs3@^0.13.0
2040 silly packumentCache full:https://registry.npmjs.org/babel-plugin-polyfill-corejs3 cache-hit
2041 silly fetch manifest @babel/plugin-syntax-typescript@^7.29.7
2042 silly packumentCache full:https://registry.npmjs.org/@babel%2fplugin-syntax-typescript cache-miss
2043 http fetch GET 200 https://registry.npmjs.org/@babel%2fplugin-syntax-optional-catch-binding 171ms (cache revalidated)
2044 silly packumentCache full:https://registry.npmjs.org/@babel%2fplugin-syntax-optional-catch-binding set size:83975 disposed:false
2045 http fetch GET 200 https://registry.npmjs.org/@babel%2fplugin-syntax-numeric-separator 329ms (cache revalidated)
2046 silly packumentCache full:https://registry.npmjs.org/@babel%2fplugin-syntax-numeric-separator set size:91054 disposed:false
2047 http fetch GET 200 https://registry.npmjs.org/@babel%2fplugin-syntax-object-rest-spread 334ms (cache revalidated)
2048 silly packumentCache full:https://registry.npmjs.org/@babel%2fplugin-syntax-object-rest-spread set size:82808 disposed:false
2049 http fetch GET 200 https://registry.npmjs.org/@babel%2fplugin-syntax-logical-assignment-operators 341ms (cache revalidated)
2050 silly packumentCache full:https://registry.npmjs.org/@babel%2fplugin-syntax-logical-assignment-operators set size:72392 disposed:false
2051 http fetch GET 200 https://registry.npmjs.org/@babel%2fplugin-syntax-typescript 367ms (cache revalidated)
2052 silly packumentCache full:https://registry.npmjs.org/@babel%2fplugin-syntax-typescript set size:214728 disposed:false
2053 http fetch GET 200 https://registry.npmjs.org/@babel%2fplugin-syntax-jsx 441ms (cache revalidated)
2054 silly packumentCache full:https://registry.npmjs.org/@babel%2fplugin-syntax-jsx set size:190870 disposed:false
2055 http fetch GET 200 https://registry.npmjs.org/@babel%2fplugin-syntax-async-generators 556ms (cache revalidated)
2056 silly packumentCache full:https://registry.npmjs.org/@babel%2fplugin-syntax-async-generators set size:82646 disposed:false
2057 http fetch GET 200 https://registry.npmjs.org/@babel%2fhelper-environment-visitor 598ms (cache revalidated)
2058 silly packumentCache full:https://registry.npmjs.org/@babel%2fhelper-environment-visitor set size:61477 disposed:false
2059 silly placeDep ROOT @babel/helper-environment-visitor@7.24.7 OK for: @babel/plugin-proposal-async-generator-functions@7.20.7 want: ^7.18.9
2060 silly placeDep ROOT @babel/plugin-syntax-async-generators@7.8.4 OK for: @babel/plugin-proposal-async-generator-functions@7.20.7 want: ^7.8.4
2061 silly placeDep ROOT @babel/plugin-syntax-logical-assignment-operators@7.10.4 OK for: @babel/plugin-proposal-logical-assignment-operators@7.20.7 want: ^7.10.4
2062 silly placeDep ROOT @babel/plugin-syntax-numeric-separator@7.10.4 OK for: @babel/plugin-proposal-numeric-separator@7.18.6 want: ^7.10.4
2063 silly placeDep ROOT @babel/plugin-syntax-object-rest-spread@7.8.3 OK for: @babel/plugin-proposal-object-rest-spread@7.20.7 want: ^7.8.3
2064 silly placeDep ROOT @babel/plugin-syntax-optional-catch-binding@7.8.3 OK for: @babel/plugin-proposal-optional-catch-binding@7.18.6 want: ^7.8.3
2065 silly placeDep ROOT @babel/plugin-syntax-jsx@7.29.7 OK for: @babel/plugin-transform-react-jsx@7.29.7 want: ^7.29.7
2066 silly placeDep node_modules/@babel/plugin-transform-runtime babel-plugin-polyfill-corejs3@0.13.0 OK for: @babel/plugin-transform-runtime@7.29.7 want: ^0.13.0
2067 silly fetch manifest @babel/helper-define-polyfill-provider@^0.6.5
2068 silly packumentCache full:https://registry.npmjs.org/@babel%2fhelper-define-polyfill-provider cache-hit
2069 silly placeDep ROOT @babel/plugin-syntax-typescript@7.29.7 OK for: @babel/plugin-transform-typescript@7.29.7 want: ^7.29.7
2070 silly placeDep node_modules/@rnx-kit/chromium-edge-launcher @types/node@18.19.130 OK for: @rnx-kit/chromium-edge-launcher@1.0.0 want: ^18.0.0
2071 silly placeDep ROOT escape-string-regexp@4.0.0 OK for: @rnx-kit/chromium-edge-launcher@1.0.0 want: ^4.0.0
2072 silly placeDep ROOT is-wsl@2.2.0 OK for: @rnx-kit/chromium-edge-launcher@1.0.0 want: ^2.2.0
2073 silly placeDep ROOT lighthouse-logger@1.4.2 OK for: @rnx-kit/chromium-edge-launcher@1.0.0 want: ^1.0.0
2074 silly placeDep node_modules/@rnx-kit/chromium-edge-launcher mkdirp@1.0.4 OK for: @rnx-kit/chromium-edge-launcher@1.0.0 want: ^1.0.4
2075 silly placeDep ROOT rimraf@3.0.2 OK for: @rnx-kit/chromium-edge-launcher@1.0.0 want: ^3.0.2
2076 silly fetch manifest undici-types@~5.26.4
2077 silly packumentCache full:https://registry.npmjs.org/undici-types cache-hit
2078 silly fetch manifest debug@^2.6.9
2079 silly packumentCache full:https://registry.npmjs.org/debug cache-hit
2080 silly fetch manifest marky@^1.2.2
2081 silly packumentCache full:https://registry.npmjs.org/marky cache-miss
2082 http fetch GET 200 https://registry.npmjs.org/marky 102ms (cache revalidated)
2083 silly packumentCache full:https://registry.npmjs.org/marky set size:45300 disposed:false
2084 silly placeDep ROOT @types/istanbul-lib-report@3.0.3 OK for: @types/istanbul-reports@3.0.4 want: *
2085 silly placeDep ROOT undici-types@7.24.6 OK for: @types/node@25.9.2 want: >=7.24.0 <7.24.7
2086 silly placeDep ROOT @types/yargs-parser@21.0.3 OK for: @types/yargs@17.0.35 want: *
2087 silly fetch manifest @babel/core@^7.4.0 || ^8.0.0-0 <8.0.0
2088 silly packumentCache full:https://registry.npmjs.org/@babel%2fcore cache-hit
2089 silly placeDep ROOT @babel/helper-define-polyfill-provider@0.6.8 OK for: babel-plugin-polyfill-corejs2@0.4.17 want: ^0.6.8
2090 silly fetch manifest resolve@^1.22.11
2091 silly packumentCache full:https://registry.npmjs.org/resolve cache-miss
2092 silly fetch manifest lodash.debounce@^4.0.8
2093 silly packumentCache full:https://registry.npmjs.org/lodash.debounce cache-miss
2094 http fetch GET 200 https://registry.npmjs.org/resolve 96ms (cache revalidated)
2095 silly packumentCache full:https://registry.npmjs.org/resolve set size:244568 disposed:false
2096 http fetch GET 200 https://registry.npmjs.org/lodash.debounce 324ms (cache revalidated)
2097 silly packumentCache full:https://registry.npmjs.org/lodash.debounce set size:44123 disposed:false
2098 silly placeDep ROOT lodash.debounce@4.0.8 OK for: @babel/helper-define-polyfill-provider@0.6.8 want: ^4.0.8
2099 silly placeDep ROOT resolve@1.22.12 OK for: @babel/helper-define-polyfill-provider@0.6.8 want: ^1.22.11
2100 silly fetch manifest es-errors@^1.3.0
2101 silly packumentCache full:https://registry.npmjs.org/es-errors cache-miss
2102 silly fetch manifest path-parse@^1.0.7
2103 silly packumentCache full:https://registry.npmjs.org/path-parse cache-miss
2104 silly fetch manifest is-core-module@^2.16.1
2105 silly packumentCache full:https://registry.npmjs.org/is-core-module cache-miss
2106 silly fetch manifest supports-preserve-symlinks-flag@^1.0.0
2107 silly packumentCache full:https://registry.npmjs.org/supports-preserve-symlinks-flag cache-miss
2108 http fetch GET 200 https://registry.npmjs.org/supports-preserve-symlinks-flag 83ms (cache revalidated)
2109 silly packumentCache full:https://registry.npmjs.org/supports-preserve-symlinks-flag set size:6802 disposed:false
2110 http fetch GET 200 https://registry.npmjs.org/es-errors 85ms (cache revalidated)
2111 silly packumentCache full:https://registry.npmjs.org/es-errors set size:16918 disposed:false
2112 http fetch GET 200 https://registry.npmjs.org/path-parse 324ms (cache revalidated)
2113 silly packumentCache full:https://registry.npmjs.org/path-parse set size:14523 disposed:false
2114 http fetch GET 200 https://registry.npmjs.org/is-core-module 328ms (cache revalidated)
2115 silly packumentCache full:https://registry.npmjs.org/is-core-module set size:74378 disposed:false
2116 silly fetch manifest browserslist@>= 4.21.0
2117 silly packumentCache full:https://registry.npmjs.org/browserslist cache-hit
2118 silly placeDep ROOT baseline-browser-mapping@2.10.34 OK for: browserslist@4.28.2 want: ^2.10.12
2119 silly placeDep ROOT caniuse-lite@1.0.30001797 OK for: browserslist@4.28.2 want: ^1.0.30001782
2120 silly placeDep ROOT electron-to-chromium@1.5.368 OK for: browserslist@4.28.2 want: ^1.5.328
2121 silly placeDep ROOT node-releases@2.0.47 OK for: browserslist@4.28.2 want: ^2.0.36
2122 silly placeDep ROOT update-browserslist-db@1.2.3 OK for: browserslist@4.28.2 want: ^1.2.3
2123 silly fetch manifest escalade@^3.2.0
2124 silly packumentCache full:https://registry.npmjs.org/escalade cache-hit
2125 silly placeDep ROOT ansi-styles@4.3.0 OK for: chalk@4.1.2 want: ^4.1.0
2126 silly placeDep ROOT supports-color@7.2.0 OK for: chalk@4.1.2 want: ^7.1.0
2127 silly fetch manifest color-convert@^2.0.1
2128 silly packumentCache full:https://registry.npmjs.org/color-convert cache-miss
2129 silly fetch manifest has-flag@^4.0.0
2130 silly packumentCache full:https://registry.npmjs.org/has-flag cache-miss
2131 http fetch GET 200 https://registry.npmjs.org/has-flag 83ms (cache revalidated)
2132 silly packumentCache full:https://registry.npmjs.org/has-flag set size:15180 disposed:false
2133 http fetch GET 200 https://registry.npmjs.org/color-convert 85ms (cache revalidated)
2134 silly packumentCache full:https://registry.npmjs.org/color-convert set size:72663 disposed:false
2135 silly placeDep ROOT color-convert@2.0.1 OK for: ansi-styles@4.3.0 want: ^2.0.1
2136 silly fetch manifest color-name@~1.1.4
2137 silly packumentCache full:https://registry.npmjs.org/color-name cache-miss
2138 http fetch GET 200 https://registry.npmjs.org/color-name 80ms (cache revalidated)
2139 silly packumentCache full:https://registry.npmjs.org/color-name set size:19467 disposed:false
2140 silly placeDep ROOT color-name@1.1.4 OK for: color-convert@2.0.1 want: ~1.1.4
2141 silly placeDep ROOT bytes@3.1.2 OK for: compression@1.8.1 want: 3.1.2
2142 silly placeDep ROOT compressible@2.0.18 OK for: compression@1.8.1 want: ~2.0.18
2143 silly placeDep node_modules/compression debug@2.6.9 OK for: compression@1.8.1 want: 2.6.9
2144 silly placeDep ROOT negotiator@0.6.4 OK for: compression@1.8.1 want: ~0.6.4
2145 silly placeDep ROOT on-headers@1.1.0 OK for: compression@1.8.1 want: ~1.1.0
2146 silly placeDep ROOT safe-buffer@5.2.1 OK for: compression@1.8.1 want: 5.2.1
2147 silly placeDep ROOT vary@1.1.2 OK for: compression@1.8.1 want: ~1.1.2
2148 silly fetch manifest mime-db@>= 1.43.0 < 2
2149 silly packumentCache full:https://registry.npmjs.org/mime-db cache-miss
2150 http fetch GET 200 https://registry.npmjs.org/mime-db 93ms (cache revalidated)
2151 silly packumentCache full:https://registry.npmjs.org/mime-db set size:164953 disposed:false
2152 silly placeDep ROOT mime-db@1.54.0 OK for: compressible@2.0.18 want: >= 1.43.0 < 2
2153 silly placeDep node_modules/connect debug@2.6.9 OK for: connect@3.7.0 want: 2.6.9
2154 silly placeDep ROOT finalhandler@1.1.2 OK for: connect@3.7.0 want: 1.1.2
2155 silly placeDep ROOT parseurl@1.3.3 OK for: connect@3.7.0 want: ~1.3.3
2156 silly placeDep ROOT utils-merge@1.0.1 OK for: connect@3.7.0 want: 1.0.1
2157 silly fetch manifest unpipe@~1.0.0
2158 silly packumentCache full:https://registry.npmjs.org/unpipe cache-miss
2159 silly fetch manifest statuses@~1.5.0
2160 silly packumentCache full:https://registry.npmjs.org/statuses cache-miss
2161 silly fetch manifest encodeurl@~1.0.2
2162 silly packumentCache full:https://registry.npmjs.org/encodeurl cache-hit
2163 silly fetch manifest on-finished@~2.3.0
2164 silly packumentCache full:https://registry.npmjs.org/on-finished cache-miss
2165 http fetch GET 200 https://registry.npmjs.org/statuses 91ms (cache revalidated)
2166 silly packumentCache full:https://registry.npmjs.org/statuses set size:37117 disposed:false
2167 http fetch GET 200 https://registry.npmjs.org/unpipe 97ms (cache revalidated)
2168 silly packumentCache full:https://registry.npmjs.org/unpipe set size:3609 disposed:false
2169 http fetch GET 200 https://registry.npmjs.org/on-finished 107ms (cache revalidated)
2170 silly packumentCache full:https://registry.npmjs.org/on-finished set size:23212 disposed:false
2171 silly placeDep ROOT import-fresh@2.0.0 OK for: cosmiconfig@5.2.1 want: ^2.0.0
2172 silly placeDep ROOT is-directory@0.3.1 OK for: cosmiconfig@5.2.1 want: ^0.3.1
2173 silly placeDep ROOT js-yaml@3.14.2 OK for: cosmiconfig@5.2.1 want: ^3.13.1
2174 silly placeDep ROOT parse-json@4.0.0 OK for: cosmiconfig@5.2.1 want: ^4.0.0
2175 silly fetch manifest caller-path@^2.0.0
2176 silly packumentCache full:https://registry.npmjs.org/caller-path cache-miss
2177 silly fetch manifest resolve-from@^3.0.0
2178 silly packumentCache full:https://registry.npmjs.org/resolve-from cache-miss
2179 silly fetch manifest esprima@^4.0.0
2180 silly packumentCache full:https://registry.npmjs.org/esprima cache-miss
2181 silly fetch manifest argparse@^1.0.7
2182 silly packumentCache full:https://registry.npmjs.org/argparse cache-miss
2183 silly fetch manifest error-ex@^1.3.1
2184 silly packumentCache full:https://registry.npmjs.org/error-ex cache-miss
2185 silly fetch manifest json-parse-better-errors@^1.0.1
2186 silly packumentCache full:https://registry.npmjs.org/json-parse-better-errors cache-miss
2187 http fetch GET 200 https://registry.npmjs.org/esprima 97ms (cache revalidated)
2188 silly packumentCache full:https://registry.npmjs.org/esprima set size:118410 disposed:false
2189 http fetch GET 200 https://registry.npmjs.org/argparse 102ms (cache revalidated)
2190 silly packumentCache full:https://registry.npmjs.org/argparse set size:49266 disposed:false
2191 http fetch GET 200 https://registry.npmjs.org/error-ex 321ms (cache revalidated)
2192 silly packumentCache full:https://registry.npmjs.org/error-ex set size:31684 disposed:false
2193 http fetch GET 200 https://registry.npmjs.org/caller-path 329ms (cache revalidated)
2194 silly packumentCache full:https://registry.npmjs.org/caller-path set size:15125 disposed:false
2195 http fetch GET 200 https://registry.npmjs.org/json-parse-better-errors 335ms (cache revalidated)
2196 silly packumentCache full:https://registry.npmjs.org/json-parse-better-errors set size:9157 disposed:false
2197 http fetch GET 200 https://registry.npmjs.org/resolve-from 347ms (cache revalidated)
2198 silly packumentCache full:https://registry.npmjs.org/resolve-from set size:12911 disposed:false
2199 silly placeDep ROOT ms@2.1.3 OK for: debug@4.4.3 want: ^2.1.3
2200 silly placeDep ROOT accepts@1.3.8 OK for: errorhandler@1.5.2 want: ~1.3.8
2201 silly placeDep ROOT escape-html@1.0.3 OK for: errorhandler@1.5.2 want: ~1.0.3
2202 silly fetch manifest mime-types@~2.1.34
2203 silly packumentCache full:https://registry.npmjs.org/mime-types cache-hit
2204 silly fetch manifest negotiator@0.6.3
2205 silly packumentCache full:https://registry.npmjs.org/negotiator cache-hit
2206 silly placeDep ROOT mime-types@2.1.35 OK for: accepts@1.3.8 want: ~2.1.34
2207 silly placeDep node_modules/accepts negotiator@0.6.3 OK for: accepts@1.3.8 want: 0.6.3
2208 silly fetch manifest mime-db@1.52.0
2209 silly packumentCache full:https://registry.npmjs.org/mime-db cache-hit
2210 silly placeDep ROOT cross-spawn@7.0.6 OK for: execa@5.1.1 want: ^7.0.3
2211 silly placeDep ROOT get-stream@6.0.1 OK for: execa@5.1.1 want: ^6.0.0
2212 silly placeDep ROOT human-signals@2.1.0 OK for: execa@5.1.1 want: ^2.1.0
2213 silly placeDep ROOT is-stream@2.0.1 OK for: execa@5.1.1 want: ^2.0.0
2214 silly placeDep ROOT merge-stream@2.0.0 OK for: execa@5.1.1 want: ^2.0.0
2215 silly placeDep ROOT npm-run-path@4.0.1 OK for: execa@5.1.1 want: ^4.0.1
2216 silly placeDep ROOT onetime@5.1.2 OK for: execa@5.1.1 want: ^5.1.2
2217 silly placeDep ROOT signal-exit@3.0.7 OK for: execa@5.1.1 want: ^3.0.3
2218 silly placeDep ROOT strip-final-newline@2.0.0 OK for: execa@5.1.1 want: ^2.0.0
2219 silly fetch manifest which@^2.0.1
2220 silly packumentCache full:https://registry.npmjs.org/which cache-miss
2221 silly fetch manifest path-key@^3.1.0
2222 silly packumentCache full:https://registry.npmjs.org/path-key cache-miss
2223 silly fetch manifest shebang-command@^2.0.0
2224 silly packumentCache full:https://registry.npmjs.org/shebang-command cache-miss
2225 silly fetch manifest path-key@^3.0.0
2226 silly packumentCache full:https://registry.npmjs.org/path-key cache-miss
2227 silly fetch manifest mimic-fn@^2.1.0
2228 silly packumentCache full:https://registry.npmjs.org/mimic-fn cache-miss
2229 http fetch GET 200 https://registry.npmjs.org/path-key 98ms (cache revalidated)
2230 silly packumentCache full:https://registry.npmjs.org/path-key set size:16975 disposed:false
2231 http fetch GET 200 https://registry.npmjs.org/path-key 104ms (cache revalidated)
2232 silly packumentCache full:https://registry.npmjs.org/path-key set size:16975 disposed:false
2233 silly packumentCache full:https://registry.npmjs.org/path-key dispose
2234 http fetch GET 200 https://registry.npmjs.org/mimic-fn 104ms (cache revalidated)
2235 silly packumentCache full:https://registry.npmjs.org/mimic-fn set size:22257 disposed:false
2236 http fetch GET 200 https://registry.npmjs.org/which 112ms (cache revalidated)
2237 silly packumentCache full:https://registry.npmjs.org/which set size:70143 disposed:false
2238 http fetch GET 200 https://registry.npmjs.org/shebang-command 122ms (cache revalidated)
2239 silly packumentCache full:https://registry.npmjs.org/shebang-command set size:8525 disposed:false
2240 silly placeDep ROOT path-key@3.1.1 OK for: cross-spawn@7.0.6 want: ^3.1.0
2241 silly placeDep ROOT shebang-command@2.0.0 OK for: cross-spawn@7.0.6 want: ^2.0.0
2242 silly placeDep ROOT which@2.0.2 OK for: cross-spawn@7.0.6 want: ^2.0.1
2243 silly fetch manifest shebang-regex@^3.0.0
2244 silly packumentCache full:https://registry.npmjs.org/shebang-regex cache-miss
2245 silly fetch manifest isexe@^2.0.0
2246 silly packumentCache full:https://registry.npmjs.org/isexe cache-miss
2247 http fetch GET 200 https://registry.npmjs.org/shebang-regex 86ms (cache revalidated)
2248 silly packumentCache full:https://registry.npmjs.org/shebang-regex set size:9763 disposed:false
2249 http fetch GET 200 https://registry.npmjs.org/isexe 95ms (cache revalidated)
2250 silly packumentCache full:https://registry.npmjs.org/isexe set size:31756 disposed:false
2251 silly placeDep ROOT @nodelib/fs.stat@2.0.5 OK for: fast-glob@3.3.3 want: ^2.0.2
2252 silly placeDep ROOT @nodelib/fs.walk@1.2.8 OK for: fast-glob@3.3.3 want: ^1.2.3
2253 silly placeDep ROOT glob-parent@5.1.2 OK for: fast-glob@3.3.3 want: ^5.1.2
2254 silly placeDep ROOT merge2@1.4.1 OK for: fast-glob@3.3.3 want: ^1.3.0
2255 silly placeDep ROOT micromatch@4.0.8 OK for: fast-glob@3.3.3 want: ^4.0.8
2256 silly fetch manifest fastq@^1.6.0
2257 silly packumentCache full:https://registry.npmjs.org/fastq cache-miss
2258 silly fetch manifest @nodelib/fs.scandir@2.1.5
2259 silly packumentCache full:https://registry.npmjs.org/@nodelib%2ffs.scandir cache-miss
2260 silly fetch manifest is-glob@^4.0.1
2261 silly packumentCache full:https://registry.npmjs.org/is-glob cache-miss
2262 silly fetch manifest braces@^3.0.3
2263 silly packumentCache full:https://registry.npmjs.org/braces cache-miss
2264 silly fetch manifest picomatch@^2.3.1
2265 silly packumentCache full:https://registry.npmjs.org/picomatch cache-miss
2266 http fetch GET 200 https://registry.npmjs.org/is-glob 83ms (cache revalidated)
2267 silly packumentCache full:https://registry.npmjs.org/is-glob set size:40530 disposed:false
2268 http fetch GET 200 https://registry.npmjs.org/braces 95ms (cache revalidated)
2269 silly packumentCache full:https://registry.npmjs.org/braces set size:114529 disposed:false
2270 http fetch GET 200 https://registry.npmjs.org/picomatch 107ms (cache revalidated)
2271 silly packumentCache full:https://registry.npmjs.org/picomatch set size:126376 disposed:false
2272 http fetch GET 200 https://registry.npmjs.org/fastq 346ms (cache revalidated)
2273 silly packumentCache full:https://registry.npmjs.org/fastq set size:78301 disposed:false
2274 http fetch GET 200 https://registry.npmjs.org/@nodelib%2ffs.scandir 792ms (cache revalidated)
2275 silly packumentCache full:https://registry.npmjs.org/@nodelib%2ffs.scandir set size:49256 disposed:false
2276 silly placeDep ROOT @nodelib/fs.scandir@2.1.5 OK for: @nodelib/fs.walk@1.2.8 want: 2.1.5
2277 silly placeDep ROOT fastq@1.20.1 OK for: @nodelib/fs.walk@1.2.8 want: ^1.6.0
2278 silly fetch manifest run-parallel@^1.1.9
2279 silly packumentCache full:https://registry.npmjs.org/run-parallel cache-miss
2280 silly fetch manifest reusify@^1.0.4
2281 silly packumentCache full:https://registry.npmjs.org/reusify cache-miss
2282 http fetch GET 200 https://registry.npmjs.org/run-parallel 316ms (cache revalidated)
2283 silly packumentCache full:https://registry.npmjs.org/run-parallel set size:35172 disposed:false
2284 http fetch GET 200 https://registry.npmjs.org/reusify 318ms (cache revalidated)
2285 silly packumentCache full:https://registry.npmjs.org/reusify set size:14249 disposed:false
2286 silly placeDep ROOT run-parallel@1.2.0 OK for: @nodelib/fs.scandir@2.1.5 want: ^1.1.9
2287 silly fetch manifest queue-microtask@^1.2.2
2288 silly packumentCache full:https://registry.npmjs.org/queue-microtask cache-miss
2289 http fetch GET 200 https://registry.npmjs.org/queue-microtask 92ms (cache revalidated)
2290 silly packumentCache full:https://registry.npmjs.org/queue-microtask set size:36088 disposed:false
2291 silly placeDep ROOT strnum@1.1.2 OK for: fast-xml-parser@4.5.6 want: ^1.0.5
2292 silly placeDep ROOT reusify@1.1.0 OK for: fastq@1.20.1 want: ^1.0.4
2293 silly placeDep node_modules/finalhandler debug@2.6.9 OK for: finalhandler@1.1.2 want: 2.6.9
2294 silly placeDep ROOT encodeurl@1.0.2 OK for: finalhandler@1.1.2 want: ~1.0.2
2295 silly placeDep ROOT on-finished@2.3.0 OK for: finalhandler@1.1.2 want: ~2.3.0
2296 silly placeDep ROOT statuses@1.5.0 OK for: finalhandler@1.1.2 want: ~1.5.0
2297 silly placeDep ROOT unpipe@1.0.0 OK for: finalhandler@1.1.2 want: ~1.0.0
2298 silly fetch manifest ee-first@1.1.1
2299 silly packumentCache full:https://registry.npmjs.org/ee-first cache-miss
2300 http fetch GET 200 https://registry.npmjs.org/ee-first 84ms (cache revalidated)
2301 silly packumentCache full:https://registry.npmjs.org/ee-first set size:15327 disposed:false
2302 silly placeDep ROOT locate-path@5.0.0 OK for: find-up@4.1.0 want: ^5.0.0
2303 silly placeDep ROOT path-exists@4.0.0 OK for: find-up@4.1.0 want: ^4.0.0
2304 silly fetch manifest p-locate@^4.1.0
2305 silly packumentCache full:https://registry.npmjs.org/p-locate cache-miss
2306 http fetch GET 200 https://registry.npmjs.org/p-locate 84ms (cache revalidated)
2307 silly packumentCache full:https://registry.npmjs.org/p-locate set size:22488 disposed:false
2308 silly placeDep ROOT jsonfile@4.0.0 OK for: fs-extra@8.1.0 want: ^4.0.0
2309 silly placeDep ROOT universalify@0.1.2 OK for: fs-extra@8.1.0 want: ^0.1.0
2310 silly placeDep ROOT fs.realpath@1.0.0 OK for: glob@7.2.3 want: ^1.0.0
2311 silly placeDep ROOT inflight@1.0.6 OK for: glob@7.2.3 want: ^1.0.4
2312 silly placeDep ROOT inherits@2.0.4 OK for: glob@7.2.3 want: 2
2313 silly placeDep ROOT minimatch@3.1.5 OK for: glob@7.2.3 want: ^3.1.1
2314 silly placeDep ROOT once@1.4.0 OK for: glob@7.2.3 want: ^1.3.0
2315 silly placeDep ROOT path-is-absolute@1.0.1 OK for: glob@7.2.3 want: ^1.0.0
2316 silly fetch manifest wrappy@1
2317 silly packumentCache full:https://registry.npmjs.org/wrappy cache-miss
2318 silly fetch manifest brace-expansion@^1.1.7
2319 silly packumentCache full:https://registry.npmjs.org/brace-expansion cache-miss
2320 silly fetch manifest wrappy@1
2321 silly packumentCache full:https://registry.npmjs.org/wrappy cache-miss
2322 http fetch GET 200 https://registry.npmjs.org/wrappy 88ms (cache revalidated)
2323 silly packumentCache full:https://registry.npmjs.org/wrappy set size:7682 disposed:false
2324 http fetch GET 200 https://registry.npmjs.org/wrappy 103ms (cache revalidated)
2325 silly packumentCache full:https://registry.npmjs.org/wrappy set size:7682 disposed:false
2326 silly packumentCache full:https://registry.npmjs.org/wrappy dispose
2327 http fetch GET 200 https://registry.npmjs.org/brace-expansion 317ms (cache revalidated)
2328 silly packumentCache full:https://registry.npmjs.org/brace-expansion set size:72152 disposed:false
2329 silly placeDep ROOT is-glob@4.0.3 OK for: glob-parent@5.1.2 want: ^4.0.1
2330 silly fetch manifest is-extglob@^2.1.1
2331 silly packumentCache full:https://registry.npmjs.org/is-extglob cache-miss
2332 http fetch GET 200 https://registry.npmjs.org/is-extglob 84ms (cache revalidated)
2333 silly packumentCache full:https://registry.npmjs.org/is-extglob set size:11766 disposed:false
2334 silly placeDep ROOT hermes-estree@0.19.1 OK for: hermes-parser@0.19.1 want: 0.19.1
2335 silly placeDep ROOT source-map@0.7.6 OK for: hermes-profile-transformer@0.0.6 want: ^0.7.3
2336 silly placeDep ROOT caller-path@2.0.0 OK for: import-fresh@2.0.0 want: ^2.0.0
2337 silly placeDep ROOT resolve-from@3.0.0 OK for: import-fresh@2.0.0 want: ^3.0.0
2338 silly fetch manifest caller-callsite@^2.0.0
2339 silly packumentCache full:https://registry.npmjs.org/caller-callsite cache-miss
2340 http fetch GET 200 https://registry.npmjs.org/caller-callsite 319ms (cache revalidated)
2341 silly packumentCache full:https://registry.npmjs.org/caller-callsite set size:19441 disposed:false
2342 silly placeDep ROOT caller-callsite@2.0.0 OK for: caller-path@2.0.0 want: ^2.0.0
2343 silly fetch manifest callsites@^2.0.0
2344 silly packumentCache full:https://registry.npmjs.org/callsites cache-miss
2345 http fetch GET 200 https://registry.npmjs.org/callsites 313ms (cache revalidated)
2346 silly packumentCache full:https://registry.npmjs.org/callsites set size:21349 disposed:false
2347 silly placeDep ROOT callsites@2.0.0 OK for: caller-callsite@2.0.0 want: ^2.0.0
2348 silly placeDep ROOT wrappy@1.0.2 OK for: inflight@1.0.6 want: 1
2349 silly placeDep ROOT is-extglob@2.1.1 OK for: is-glob@4.0.3 want: ^2.1.1
2350 silly placeDep ROOT is-docker@2.2.1 OK for: is-wsl@2.2.0 want: ^2.0.0
2351 silly placeDep ROOT @jest/environment@29.7.0 OK for: jest-environment-node@29.7.0 want: ^29.7.0
2352 silly placeDep ROOT @jest/fake-timers@29.7.0 OK for: jest-environment-node@29.7.0 want: ^29.7.0
2353 silly placeDep ROOT jest-mock@29.7.0 OK for: jest-environment-node@29.7.0 want: ^29.7.0
2354 silly placeDep ROOT jest-util@29.7.0 OK for: jest-environment-node@29.7.0 want: ^29.7.0
2355 silly fetch manifest jest-message-util@^29.7.0
2356 silly packumentCache full:https://registry.npmjs.org/jest-message-util cache-miss
2357 silly fetch manifest @sinonjs/fake-timers@^10.0.2
2358 silly packumentCache full:https://registry.npmjs.org/@sinonjs%2ffake-timers cache-miss
2359 silly fetch manifest ci-info@^3.2.0
2360 silly packumentCache full:https://registry.npmjs.org/ci-info cache-hit
2361 silly fetch manifest picomatch@^2.2.3
2362 silly packumentCache full:https://registry.npmjs.org/picomatch cache-hit
2363 http fetch GET 200 https://registry.npmjs.org/jest-message-util 99ms (cache revalidated)
2364 silly packumentCache full:https://registry.npmjs.org/jest-message-util set size:518776 disposed:false
2365 http fetch GET 200 https://registry.npmjs.org/@sinonjs%2ffake-timers 397ms (cache revalidated)
2366 silly packumentCache full:https://registry.npmjs.org/@sinonjs%2ffake-timers set size:407378 disposed:false
2367 silly placeDep ROOT @sinonjs/fake-timers@10.3.0 OK for: @jest/fake-timers@29.7.0 want: ^10.0.2
2368 silly placeDep ROOT jest-message-util@29.7.0 OK for: @jest/fake-timers@29.7.0 want: ^29.7.0
2369 silly fetch manifest @sinonjs/commons@^3.0.0
2370 silly packumentCache full:https://registry.npmjs.org/@sinonjs%2fcommons cache-miss
2371 silly fetch manifest slash@^3.0.0
2372 silly packumentCache full:https://registry.npmjs.org/slash cache-miss
2373 silly fetch manifest stack-utils@^2.0.3
2374 silly packumentCache full:https://registry.npmjs.org/stack-utils cache-miss
2375 silly fetch manifest pretty-format@^29.7.0
2376 silly packumentCache full:https://registry.npmjs.org/pretty-format cache-hit
2377 silly fetch manifest @types/stack-utils@^2.0.0
2378 silly packumentCache full:https://registry.npmjs.org/@types%2fstack-utils cache-miss
2379 http fetch GET 200 https://registry.npmjs.org/stack-utils 96ms (cache revalidated)
2380 silly packumentCache full:https://registry.npmjs.org/stack-utils set size:60586 disposed:false
2381 http fetch GET 200 https://registry.npmjs.org/slash 114ms (cache revalidated)
2382 silly packumentCache full:https://registry.npmjs.org/slash set size:20337 disposed:false
2383 http fetch GET 200 https://registry.npmjs.org/@sinonjs%2fcommons 554ms (cache revalidated)
2384 silly packumentCache full:https://registry.npmjs.org/@sinonjs%2fcommons set size:84818 disposed:false
2385 http fetch GET 200 https://registry.npmjs.org/@types%2fstack-utils 577ms (cache revalidated)
2386 silly packumentCache full:https://registry.npmjs.org/@types%2fstack-utils set size:11605 disposed:false
2387 silly placeDep ROOT @sinonjs/commons@3.0.1 OK for: @sinonjs/fake-timers@10.3.0 want: ^3.0.0
2388 silly fetch manifest type-detect@4.0.8
2389 silly packumentCache full:https://registry.npmjs.org/type-detect cache-miss
2390 http fetch GET 200 https://registry.npmjs.org/type-detect 97ms (cache revalidated)
2391 silly packumentCache full:https://registry.npmjs.org/type-detect set size:58804 disposed:false
2392 silly placeDep ROOT type-detect@4.0.8 OK for: @sinonjs/commons@3.0.1 want: 4.0.8
2393 silly placeDep ROOT @types/stack-utils@2.0.3 OK for: jest-message-util@29.7.0 want: ^2.0.0
2394 silly placeDep node_modules/jest-message-util pretty-format@29.7.0 OK for: jest-message-util@29.7.0 want: ^29.7.0
2395 silly placeDep ROOT slash@3.0.0 OK for: jest-message-util@29.7.0 want: ^3.0.0
2396 silly placeDep ROOT stack-utils@2.0.6 OK for: jest-message-util@29.7.0 want: ^2.0.3
2397 silly fetch manifest react-is@^18.0.0
2398 silly packumentCache full:https://registry.npmjs.org/react-is cache-miss
2399 silly fetch manifest ansi-styles@^5.0.0
2400 silly packumentCache full:https://registry.npmjs.org/ansi-styles cache-hit
2401 silly fetch manifest escape-string-regexp@^2.0.0
2402 silly packumentCache full:https://registry.npmjs.org/escape-string-regexp cache-hit
2403 http cache https://registry.npmjs.org/react-is 19ms (cache hit)
2404 silly packumentCache full:https://registry.npmjs.org/react-is set size:5415122 disposed:false
2405 silly placeDep ROOT ci-info@3.9.0 OK for: jest-util@29.7.0 want: ^3.2.0
2406 silly placeDep ROOT picomatch@2.3.2 OK for: jest-util@29.7.0 want: ^2.2.3
2407 silly placeDep ROOT @hapi/hoek@9.3.0 OK for: joi@17.13.3 want: ^9.3.0
2408 silly placeDep ROOT @hapi/topo@5.1.0 OK for: joi@17.13.3 want: ^5.1.0
2409 silly placeDep ROOT @sideway/address@4.1.5 OK for: joi@17.13.3 want: ^4.1.5
2410 silly placeDep ROOT @sideway/formula@3.0.1 OK for: joi@17.13.3 want: ^3.0.1
2411 silly placeDep ROOT @sideway/pinpoint@2.0.0 OK for: joi@17.13.3 want: ^2.0.0
2412 silly placeDep ROOT argparse@1.0.10 OK for: js-yaml@3.14.2 want: ^1.0.7
2413 silly placeDep ROOT esprima@4.0.1 OK for: js-yaml@3.14.2 want: ^4.0.0
2414 silly fetch manifest sprintf-js@~1.0.2
2415 silly packumentCache full:https://registry.npmjs.org/sprintf-js cache-miss
2416 http fetch GET 200 https://registry.npmjs.org/sprintf-js 87ms (cache revalidated)
2417 silly packumentCache full:https://registry.npmjs.org/sprintf-js set size:20495 disposed:false
2418 silly placeDep ROOT sprintf-js@1.0.3 OK for: argparse@1.0.10 want: ~1.0.2
2419 silly fetch manifest @babel/core@^7.13.16
2420 silly packumentCache full:https://registry.npmjs.org/@babel%2fcore cache-hit
2421 silly placeDep ROOT @babel/preset-flow@7.29.7 OK for: jscodeshift@0.14.0 want: ^7.13.13
2422 silly placeDep ROOT @babel/preset-typescript@7.29.7 OK for: jscodeshift@0.14.0 want: ^7.13.0
2423 silly placeDep ROOT @babel/register@7.29.7 OK for: jscodeshift@0.14.0 want: ^7.13.16
2424 silly placeDep ROOT babel-core@7.0.0-bridge.0 OK for: jscodeshift@0.14.0 want: ^7.0.0-bridge.0
2425 silly placeDep ROOT flow-parser@0.317.0 OK for: jscodeshift@0.14.0 want: 0.*
2426 silly placeDep ROOT neo-async@2.6.2 OK for: jscodeshift@0.14.0 want: ^2.5.0
2427 silly placeDep ROOT node-dir@0.1.17 OK for: jscodeshift@0.14.0 want: ^0.1.17
2428 silly placeDep ROOT recast@0.21.5 OK for: jscodeshift@0.14.0 want: ^0.21.0
2429 silly placeDep ROOT temp@0.8.4 OK for: jscodeshift@0.14.0 want: ^0.8.4
2430 silly placeDep ROOT write-file-atomic@2.4.3 OK for: jscodeshift@0.14.0 want: ^2.3.0
2431 silly fetch manifest clone-deep@^4.0.1
2432 silly packumentCache full:https://registry.npmjs.org/clone-deep cache-miss
2433 silly fetch manifest find-cache-dir@^2.0.0
2434 silly packumentCache full:https://registry.npmjs.org/find-cache-dir cache-miss
2435 silly fetch manifest make-dir@^2.1.0
2436 silly packumentCache full:https://registry.npmjs.org/make-dir cache-miss
2437 silly fetch manifest pirates@^4.0.6
2438 silly packumentCache full:https://registry.npmjs.org/pirates cache-miss
2439 silly fetch manifest source-map-support@^0.5.16
2440 silly packumentCache full:https://registry.npmjs.org/source-map-support cache-miss
2441 silly fetch manifest tslib@^2.0.1
2442 silly packumentCache full:https://registry.npmjs.org/tslib cache-miss
2443 silly fetch manifest ast-types@0.15.2
2444 silly packumentCache full:https://registry.npmjs.org/ast-types cache-miss
2445 silly fetch manifest source-map@~0.6.1
2446 silly packumentCache full:https://registry.npmjs.org/source-map cache-hit
2447 silly fetch manifest rimraf@~2.6.2
2448 silly packumentCache full:https://registry.npmjs.org/rimraf cache-hit
2449 silly fetch manifest imurmurhash@^0.1.4
2450 silly packumentCache full:https://registry.npmjs.org/imurmurhash cache-miss
2451 http fetch GET 200 https://registry.npmjs.org/tslib 84ms (cache revalidated)
2452 silly packumentCache full:https://registry.npmjs.org/tslib set size:108760 disposed:false
2453 http fetch GET 200 https://registry.npmjs.org/source-map-support 90ms (cache revalidated)
2454 silly packumentCache full:https://registry.npmjs.org/source-map-support set size:125488 disposed:false
2455 http fetch GET 200 https://registry.npmjs.org/pirates 103ms (cache revalidated)
2456 silly packumentCache full:https://registry.npmjs.org/pirates set size:51327 disposed:false
2457 http fetch GET 200 https://registry.npmjs.org/imurmurhash 102ms (cache revalidated)
2458 silly packumentCache full:https://registry.npmjs.org/imurmurhash set size:35819 disposed:false
2459 http fetch GET 200 https://registry.npmjs.org/find-cache-dir 109ms (cache revalidated)
2460 silly packumentCache full:https://registry.npmjs.org/find-cache-dir set size:35762 disposed:false
2461 http fetch GET 200 https://registry.npmjs.org/clone-deep 325ms (cache revalidated)
2462 silly packumentCache full:https://registry.npmjs.org/clone-deep set size:38043 disposed:false
2463 http fetch GET 200 https://registry.npmjs.org/make-dir 335ms (cache revalidated)
2464 silly packumentCache full:https://registry.npmjs.org/make-dir set size:34889 disposed:false
2465 http fetch GET 200 https://registry.npmjs.org/ast-types 336ms (cache revalidated)
2466 silly packumentCache full:https://registry.npmjs.org/ast-types set size:443020 disposed:false
2467 silly placeDep ROOT clone-deep@4.0.1 OK for: @babel/register@7.29.7 want: ^4.0.1
2468 silly placeDep ROOT find-cache-dir@2.1.0 OK for: @babel/register@7.29.7 want: ^2.0.0
2469 silly placeDep ROOT make-dir@2.1.0 OK for: @babel/register@7.29.7 want: ^2.1.0
2470 silly placeDep ROOT pirates@4.0.7 OK for: @babel/register@7.29.7 want: ^4.0.6
2471 silly placeDep ROOT source-map-support@0.5.21 OK for: @babel/register@7.29.7 want: ^0.5.16
2472 silly fetch manifest is-plain-object@^2.0.4
2473 silly packumentCache full:https://registry.npmjs.org/is-plain-object cache-miss
2474 silly fetch manifest kind-of@^6.0.2
2475 silly packumentCache full:https://registry.npmjs.org/kind-of cache-miss
2476 silly fetch manifest shallow-clone@^3.0.0
2477 silly packumentCache full:https://registry.npmjs.org/shallow-clone cache-miss
2478 silly fetch manifest pkg-dir@^3.0.0
2479 silly packumentCache full:https://registry.npmjs.org/pkg-dir cache-miss
2480 silly fetch manifest make-dir@^2.0.0
2481 silly packumentCache full:https://registry.npmjs.org/make-dir cache-hit
2482 silly fetch manifest commondir@^1.0.1
2483 silly packumentCache full:https://registry.npmjs.org/commondir cache-miss
2484 silly fetch manifest pify@^4.0.1
2485 silly packumentCache full:https://registry.npmjs.org/pify cache-miss
2486 silly fetch manifest semver@^5.6.0
2487 silly packumentCache full:https://registry.npmjs.org/semver cache-hit
2488 silly fetch manifest buffer-from@^1.0.0
2489 silly packumentCache full:https://registry.npmjs.org/buffer-from cache-miss
2490 silly fetch manifest source-map@^0.6.0
2491 silly packumentCache full:https://registry.npmjs.org/source-map cache-hit
2492 http fetch GET 200 https://registry.npmjs.org/commondir 87ms (cache revalidated)
2493 silly packumentCache full:https://registry.npmjs.org/commondir set size:8375 disposed:false
2494 http fetch GET 200 https://registry.npmjs.org/buffer-from 89ms (cache revalidated)
2495 silly packumentCache full:https://registry.npmjs.org/buffer-from set size:15463 disposed:false
2496 http fetch GET 200 https://registry.npmjs.org/kind-of 106ms (cache revalidated)
2497 silly packumentCache full:https://registry.npmjs.org/kind-of set size:70901 disposed:false
2498 http fetch GET 200 https://registry.npmjs.org/pify 334ms (cache revalidated)
2499 silly packumentCache full:https://registry.npmjs.org/pify set size:33583 disposed:false
2500 http fetch GET 200 https://registry.npmjs.org/shallow-clone 340ms (cache revalidated)
2501 silly packumentCache full:https://registry.npmjs.org/shallow-clone set size:24716 disposed:false
2502 http fetch GET 200 https://registry.npmjs.org/pkg-dir 346ms (cache revalidated)
2503 silly packumentCache full:https://registry.npmjs.org/pkg-dir set size:30166 disposed:false
2504 http fetch GET 200 https://registry.npmjs.org/is-plain-object 348ms (cache revalidated)
2505 silly packumentCache full:https://registry.npmjs.org/is-plain-object set size:47016 disposed:false
2506 silly placeDep ROOT is-plain-object@2.0.4 OK for: clone-deep@4.0.1 want: ^2.0.4
2507 silly placeDep ROOT kind-of@6.0.3 OK for: clone-deep@4.0.1 want: ^6.0.2
2508 silly placeDep ROOT shallow-clone@3.0.1 OK for: clone-deep@4.0.1 want: ^3.0.0
2509 silly fetch manifest isobject@^3.0.1
2510 silly packumentCache full:https://registry.npmjs.org/isobject cache-miss
2511 http fetch GET 200 https://registry.npmjs.org/isobject 317ms (cache revalidated)
2512 silly packumentCache full:https://registry.npmjs.org/isobject set size:26140 disposed:false
2513 silly placeDep ROOT commondir@1.0.1 OK for: find-cache-dir@2.1.0 want: ^1.0.1
2514 silly placeDep ROOT pkg-dir@3.0.0 OK for: find-cache-dir@2.1.0 want: ^3.0.0
2515 silly fetch manifest find-up@^3.0.0
2516 silly packumentCache full:https://registry.npmjs.org/find-up cache-hit
2517 silly placeDep ROOT isobject@3.0.1 OK for: is-plain-object@2.0.4 want: ^3.0.1
2518 silly placeDep node_modules/lighthouse-logger debug@2.6.9 OK for: lighthouse-logger@1.4.2 want: ^2.6.9
2519 silly placeDep ROOT marky@1.3.0 OK for: lighthouse-logger@1.4.2 want: ^1.2.2
2520 silly placeDep ROOT p-locate@4.1.0 OK for: locate-path@5.0.0 want: ^4.1.0
2521 silly fetch manifest p-limit@^2.2.0
2522 silly packumentCache full:https://registry.npmjs.org/p-limit cache-miss
2523 http fetch GET 200 https://registry.npmjs.org/p-limit 94ms (cache revalidated)
2524 silly packumentCache full:https://registry.npmjs.org/p-limit set size:61867 disposed:false
2525 silly placeDep ROOT ansi-fragments@0.2.1 OK for: logkitty@0.7.1 want: ^0.2.1
2526 silly placeDep ROOT dayjs@1.11.21 OK for: logkitty@0.7.1 want: ^1.8.15
2527 silly placeDep node_modules/logkitty yargs@15.4.1 OK for: logkitty@0.7.1 want: ^15.1.0
2528 silly fetch manifest colorette@^1.0.7
2529 silly packumentCache full:https://registry.npmjs.org/colorette cache-miss
2530 silly fetch manifest slice-ansi@^2.0.0
2531 silly packumentCache full:https://registry.npmjs.org/slice-ansi cache-miss
2532 silly fetch manifest y18n@^4.0.0
2533 silly packumentCache full:https://registry.npmjs.org/y18n cache-hit
2534 silly fetch manifest cliui@^6.0.0
2535 silly packumentCache full:https://registry.npmjs.org/cliui cache-hit
2536 silly fetch manifest decamelize@^1.2.0
2537 silly packumentCache full:https://registry.npmjs.org/decamelize cache-miss
2538 silly fetch manifest set-blocking@^2.0.0
2539 silly packumentCache full:https://registry.npmjs.org/set-blocking cache-miss
2540 silly fetch manifest string-width@^4.2.0
2541 silly packumentCache full:https://registry.npmjs.org/string-width cache-hit
2542 silly fetch manifest which-module@^2.0.0
2543 silly packumentCache full:https://registry.npmjs.org/which-module cache-miss
2544 silly fetch manifest yargs-parser@^18.1.2
2545 silly packumentCache full:https://registry.npmjs.org/yargs-parser cache-hit
2546 silly fetch manifest get-caller-file@^2.0.1
2547 silly packumentCache full:https://registry.npmjs.org/get-caller-file cache-hit
2548 silly fetch manifest require-main-filename@^2.0.0
2549 silly packumentCache full:https://registry.npmjs.org/require-main-filename cache-miss
2550 http fetch GET 200 https://registry.npmjs.org/set-blocking 97ms (cache revalidated)
2551 silly packumentCache full:https://registry.npmjs.org/set-blocking set size:5763 disposed:false
2552 http fetch GET 200 https://registry.npmjs.org/decamelize 99ms (cache revalidated)
2553 silly packumentCache full:https://registry.npmjs.org/decamelize set size:34500 disposed:false
2554 http fetch GET 200 https://registry.npmjs.org/require-main-filename 99ms (cache revalidated)
2555 silly packumentCache full:https://registry.npmjs.org/require-main-filename set size:7471 disposed:false
2556 http fetch GET 200 https://registry.npmjs.org/which-module 103ms (cache revalidated)
2557 silly packumentCache full:https://registry.npmjs.org/which-module set size:13898 disposed:false
2558 http fetch GET 200 https://registry.npmjs.org/colorette 106ms (cache revalidated)
2559 silly packumentCache full:https://registry.npmjs.org/colorette set size:92733 disposed:false
2560 http fetch GET 200 https://registry.npmjs.org/slice-ansi 109ms (cache revalidated)
2561 silly packumentCache full:https://registry.npmjs.org/slice-ansi set size:36418 disposed:false
2562 silly placeDep ROOT colorette@1.4.0 OK for: ansi-fragments@0.2.1 want: ^1.0.7
2563 silly placeDep ROOT slice-ansi@2.1.0 OK for: ansi-fragments@0.2.1 want: ^2.0.0
2564 silly fetch manifest ansi-styles@^3.2.0
2565 silly packumentCache full:https://registry.npmjs.org/ansi-styles cache-hit
2566 silly fetch manifest astral-regex@^1.0.0
2567 silly packumentCache full:https://registry.npmjs.org/astral-regex cache-miss
2568 silly fetch manifest is-fullwidth-code-point@^2.0.0
2569 silly packumentCache full:https://registry.npmjs.org/is-fullwidth-code-point cache-miss
2570 http fetch GET 200 https://registry.npmjs.org/astral-regex 78ms (cache revalidated)
2571 silly packumentCache full:https://registry.npmjs.org/astral-regex set size:5602 disposed:false
2572 http fetch GET 200 https://registry.npmjs.org/is-fullwidth-code-point 89ms (cache revalidated)
2573 silly packumentCache full:https://registry.npmjs.org/is-fullwidth-code-point set size:14578 disposed:false
2574 silly placeDep ROOT yallist@3.1.1 OK for: lru-cache@5.1.1 want: ^3.0.2
2575 silly placeDep ROOT pify@4.0.1 OK for: make-dir@2.1.0 want: ^4.0.1
2576 silly placeDep node_modules/make-dir semver@5.7.2 OK for: make-dir@2.1.0 want: ^5.6.0
2577 silly fetch manifest bufferutil@^4.0.1
2578 silly packumentCache full:https://registry.npmjs.org/bufferutil cache-miss
2579 http fetch GET 200 https://registry.npmjs.org/bufferutil 109ms (cache revalidated)
2580 silly packumentCache full:https://registry.npmjs.org/bufferutil set size:52763 disposed:false
2581 silly fetch manifest utf-8-validate@^5.0.2
2582 silly packumentCache full:https://registry.npmjs.org/utf-8-validate cache-miss
2583 http fetch GET 200 https://registry.npmjs.org/utf-8-validate 109ms (cache revalidated)
2584 silly packumentCache full:https://registry.npmjs.org/utf-8-validate set size:77148 disposed:false
2585 silly placeDep node_modules/metro ci-info@2.0.0 OK for: metro@0.80.12 want: ^2.0.0
2586 silly placeDep node_modules/metro debug@2.6.9 OK for: metro@0.80.12 want: ^2.2.0
2587 silly placeDep ROOT denodeify@1.2.1 OK for: metro@0.80.12 want: ^1.2.1
2588 silly placeDep ROOT error-stack-parser@2.1.4 OK for: metro@0.80.12 want: ^2.0.6
2589 silly placeDep node_modules/metro hermes-parser@0.23.1 OK for: metro@0.80.12 want: 0.23.1
2590 silly placeDep ROOT image-size@1.2.1 OK for: metro@0.80.12 want: ^1.0.2
2591 silly placeDep ROOT jest-worker@29.7.0 OK for: metro@0.80.12 want: ^29.6.3
2592 silly placeDep ROOT jsc-safe-url@0.2.4 OK for: metro@0.80.12 want: ^0.2.2
2593 silly placeDep ROOT lodash.throttle@4.1.1 OK for: metro@0.80.12 want: ^4.1.1
2594 silly placeDep ROOT metro-babel-transformer@0.80.12 OK for: metro@0.80.12 want: 0.80.12
2595 silly placeDep ROOT metro-cache@0.80.12 OK for: metro@0.80.12 want: 0.80.12
2596 silly placeDep ROOT metro-cache-key@0.80.12 OK for: metro@0.80.12 want: 0.80.12
2597 silly placeDep ROOT metro-file-map@0.80.12 OK for: metro@0.80.12 want: 0.80.12
2598 silly placeDep ROOT metro-resolver@0.80.12 OK for: metro@0.80.12 want: 0.80.12
2599 silly placeDep ROOT metro-symbolicate@0.80.12 OK for: metro@0.80.12 want: 0.80.12
2600 silly placeDep ROOT metro-transform-plugins@0.80.12 OK for: metro@0.80.12 want: 0.80.12
2601 silly placeDep ROOT metro-transform-worker@0.80.12 OK for: metro@0.80.12 want: 0.80.12
2602 silly placeDep ROOT serialize-error@2.1.0 OK for: metro@0.80.12 want: ^2.1.0
2603 silly placeDep node_modules/metro source-map@0.5.7 OK for: metro@0.80.12 want: ^0.5.6
2604 silly placeDep node_modules/metro strip-ansi@6.0.1 OK for: metro@0.80.12 want: ^6.0.0
2605 silly placeDep ROOT throat@5.0.0 OK for: metro@0.80.12 want: ^5.0.0
2606 silly placeDep node_modules/metro ws@7.5.11 OK for: metro@0.80.12 want: ^7.5.10
2607 silly fetch manifest stackframe@^1.3.4
2608 silly packumentCache full:https://registry.npmjs.org/stackframe cache-miss
2609 silly fetch manifest hermes-estree@0.23.1
2610 silly packumentCache full:https://registry.npmjs.org/hermes-estree cache-hit
2611 silly fetch manifest queue@6.0.2
2612 silly packumentCache full:https://registry.npmjs.org/queue cache-miss
2613 silly fetch manifest supports-color@^8.0.0
2614 silly packumentCache full:https://registry.npmjs.org/supports-color cache-hit
2615 silly fetch manifest exponential-backoff@^3.1.1
2616 silly packumentCache full:https://registry.npmjs.org/exponential-backoff cache-miss
2617 silly fetch manifest walker@^1.0.7
2618 silly packumentCache full:https://registry.npmjs.org/walker cache-miss
2619 silly fetch manifest anymatch@^3.0.3
2620 silly packumentCache full:https://registry.npmjs.org/anymatch cache-miss
2621 silly fetch manifest fb-watchman@^2.0.0
2622 silly packumentCache full:https://registry.npmjs.org/fb-watchman cache-miss
2623 silly fetch manifest node-abort-controller@^3.1.1
2624 silly packumentCache full:https://registry.npmjs.org/node-abort-controller cache-miss
2625 silly fetch manifest fsevents@^2.3.2
2626 silly packumentCache full:https://registry.npmjs.org/fsevents cache-miss
2627 silly fetch manifest through2@^2.0.1
2628 silly packumentCache full:https://registry.npmjs.org/through2 cache-miss
2629 silly fetch manifest metro-minify-terser@0.80.12
2630 silly packumentCache full:https://registry.npmjs.org/metro-minify-terser cache-miss
2631 http fetch GET 200 https://registry.npmjs.org/exponential-backoff 90ms (cache revalidated)
2632 silly packumentCache full:https://registry.npmjs.org/exponential-backoff set size:55896 disposed:false
2633 http fetch GET 200 https://registry.npmjs.org/through2 105ms (cache revalidated)
2634 silly packumentCache full:https://registry.npmjs.org/through2 set size:89506 disposed:false
2635 http fetch GET 200 https://registry.npmjs.org/fsevents 112ms (cache revalidated)
2636 silly packumentCache full:https://registry.npmjs.org/fsevents set size:182472 disposed:false
2637 http fetch GET 200 https://registry.npmjs.org/fb-watchman 310ms (cache revalidated)
2638 silly packumentCache full:https://registry.npmjs.org/fb-watchman set size:28099 disposed:false
2639 http fetch GET 200 https://registry.npmjs.org/walker 328ms (cache revalidated)
2640 silly packumentCache full:https://registry.npmjs.org/walker set size:16077 disposed:false
2641 http fetch GET 200 https://registry.npmjs.org/anymatch 329ms (cache revalidated)
2642 silly packumentCache full:https://registry.npmjs.org/anymatch set size:42974 disposed:false
2643 http fetch GET 200 https://registry.npmjs.org/stackframe 332ms (cache revalidated)
2644 silly packumentCache full:https://registry.npmjs.org/stackframe set size:54134 disposed:false
2645 http fetch GET 200 https://registry.npmjs.org/metro-minify-terser 330ms (cache revalidated)
2646 silly packumentCache full:https://registry.npmjs.org/metro-minify-terser set size:266979 disposed:false
2647 http fetch GET 200 https://registry.npmjs.org/queue 345ms (cache revalidated)
2648 silly packumentCache full:https://registry.npmjs.org/queue set size:76287 disposed:false
2649 http fetch GET 200 https://registry.npmjs.org/node-abort-controller 349ms (cache revalidated)
2650 silly packumentCache full:https://registry.npmjs.org/node-abort-controller set size:38850 disposed:false
2651 silly placeDep ROOT stackframe@1.3.4 OK for: error-stack-parser@2.1.4 want: ^1.3.4
2652 silly placeDep ROOT queue@6.0.2 OK for: image-size@1.2.1 want: 6.0.2
2653 silly placeDep node_modules/jest-worker supports-color@8.1.1 OK for: jest-worker@29.7.0 want: ^8.0.0
2654 silly placeDep node_modules/metro-babel-transformer hermes-parser@0.23.1 OK for: metro-babel-transformer@0.80.12 want: 0.23.1
2655 silly placeDep ROOT exponential-backoff@3.1.3 OK for: metro-cache@0.80.12 want: ^3.1.1
2656 silly placeDep ROOT jest-validate@29.7.0 OK for: metro-config@0.80.12 want: ^29.6.3
2657 silly fetch manifest leven@^3.1.0
2658 silly packumentCache full:https://registry.npmjs.org/leven cache-miss
2659 silly fetch manifest camelcase@^6.2.0
2660 silly packumentCache full:https://registry.npmjs.org/camelcase cache-miss
2661 silly fetch manifest jest-get-type@^29.6.3
2662 silly packumentCache full:https://registry.npmjs.org/jest-get-type cache-miss
2663 http fetch GET 200 https://registry.npmjs.org/jest-get-type 92ms (cache revalidated)
2664 silly packumentCache full:https://registry.npmjs.org/jest-get-type set size:201170 disposed:false
2665 http fetch GET 200 https://registry.npmjs.org/camelcase 335ms (cache revalidated)
2666 silly packumentCache full:https://registry.npmjs.org/camelcase set size:60255 disposed:false
2667 http fetch GET 200 https://registry.npmjs.org/leven 367ms (cache revalidated)
2668 silly packumentCache full:https://registry.npmjs.org/leven set size:23210 disposed:false
2669 silly placeDep ROOT camelcase@6.3.0 OK for: jest-validate@29.7.0 want: ^6.2.0
2670 silly placeDep ROOT jest-get-type@29.6.3 OK for: jest-validate@29.7.0 want: ^29.6.3
2671 silly placeDep ROOT leven@3.1.0 OK for: jest-validate@29.7.0 want: ^3.1.0
2672 silly placeDep node_modules/jest-validate pretty-format@29.7.0 OK for: jest-validate@29.7.0 want: ^29.7.0
2673 silly placeDep ROOT anymatch@3.1.3 OK for: metro-file-map@0.80.12 want: ^3.0.3
2674 silly placeDep node_modules/metro-file-map debug@2.6.9 OK for: metro-file-map@0.80.12 want: ^2.2.0
2675 silly placeDep ROOT fb-watchman@2.0.2 OK for: metro-file-map@0.80.12 want: ^2.0.0
2676 silly placeDep ROOT fsevents@2.3.3 OK for: metro-file-map@0.80.12 want: ^2.3.2
2677 silly placeDep ROOT node-abort-controller@3.1.1 OK for: metro-file-map@0.80.12 want: ^3.1.1
2678 silly placeDep ROOT walker@1.0.8 OK for: metro-file-map@0.80.12 want: ^1.0.7
2679 silly fetch manifest normalize-path@^3.0.0
2680 silly packumentCache full:https://registry.npmjs.org/normalize-path cache-miss
2681 silly fetch manifest bser@2.1.1
2682 silly packumentCache full:https://registry.npmjs.org/bser cache-miss
2683 silly fetch manifest makeerror@1.0.12
2684 silly packumentCache full:https://registry.npmjs.org/makeerror cache-miss
2685 http fetch GET 200 https://registry.npmjs.org/bser 81ms (cache revalidated)
2686 silly packumentCache full:https://registry.npmjs.org/bser set size:14158 disposed:false
2687 http fetch GET 200 https://registry.npmjs.org/makeerror 100ms (cache revalidated)
2688 silly packumentCache full:https://registry.npmjs.org/makeerror set size:16681 disposed:false
2689 http fetch GET 200 https://registry.npmjs.org/normalize-path 101ms (cache revalidated)
2690 silly packumentCache full:https://registry.npmjs.org/normalize-path set size:28713 disposed:false
2691 silly placeDep ROOT normalize-path@3.0.0 OK for: anymatch@3.1.3 want: ^3.0.0
2692 silly placeDep ROOT bser@2.1.1 OK for: fb-watchman@2.0.2 want: 2.1.1
2693 silly fetch manifest node-int64@^0.4.0
2694 silly packumentCache full:https://registry.npmjs.org/node-int64 cache-miss
2695 http fetch GET 200 https://registry.npmjs.org/node-int64 103ms (cache revalidated)
2696 silly packumentCache full:https://registry.npmjs.org/node-int64 set size:11660 disposed:false
2697 silly placeDep ROOT node-int64@0.4.0 OK for: bser@2.1.1 want: ^0.4.0
2698 silly placeDep ROOT @babel/runtime@7.29.7 OK for: metro-runtime@0.80.12 want: ^7.25.0
2699 silly placeDep ROOT ob1@0.80.12 OK for: metro-source-map@0.80.12 want: 0.80.12
2700 silly placeDep node_modules/metro-source-map source-map@0.5.7 OK for: metro-source-map@0.80.12 want: ^0.5.6
2701 silly placeDep ROOT vlq@1.0.1 OK for: metro-source-map@0.80.12 want: ^1.0.0
2702 silly placeDep node_modules/metro-symbolicate source-map@0.5.7 OK for: metro-symbolicate@0.80.12 want: ^0.5.6
2703 silly placeDep ROOT through2@2.0.5 OK for: metro-symbolicate@0.80.12 want: ^2.0.1
2704 silly fetch manifest xtend@~4.0.1
2705 silly packumentCache full:https://registry.npmjs.org/xtend cache-miss
2706 silly fetch manifest readable-stream@~2.3.6
2707 silly packumentCache full:https://registry.npmjs.org/readable-stream cache-miss
2708 http fetch GET 200 https://registry.npmjs.org/readable-stream 86ms (cache revalidated)
2709 silly packumentCache full:https://registry.npmjs.org/readable-stream set size:261096 disposed:false
2710 http fetch GET 200 https://registry.npmjs.org/xtend 95ms (cache revalidated)
2711 silly packumentCache full:https://registry.npmjs.org/xtend set size:28314 disposed:false
2712 silly placeDep ROOT metro-minify-terser@0.80.12 OK for: metro-transform-worker@0.80.12 want: 0.80.12
2713 silly fetch manifest terser@^5.15.0
2714 silly packumentCache full:https://registry.npmjs.org/terser cache-miss
2715 http fetch GET 200 https://registry.npmjs.org/terser 74ms (cache revalidated)
2716 silly packumentCache full:https://registry.npmjs.org/terser set size:803566 disposed:false
2717 silly placeDep ROOT terser@5.48.0 OK for: metro-minify-terser@0.80.12 want: ^5.15.0
2718 silly fetch manifest @jridgewell/source-map@^0.3.3
2719 silly packumentCache full:https://registry.npmjs.org/@jridgewell%2fsource-map cache-miss
2720 silly fetch manifest acorn@^8.15.0
2721 silly packumentCache full:https://registry.npmjs.org/acorn cache-miss
2722 silly fetch manifest commander@^2.20.0
2723 silly packumentCache full:https://registry.npmjs.org/commander cache-hit
2724 http fetch GET 200 https://registry.npmjs.org/acorn 334ms (cache revalidated)
2725 silly packumentCache full:https://registry.npmjs.org/acorn set size:379626 disposed:false
2726 http fetch GET 200 https://registry.npmjs.org/@jridgewell%2fsource-map 367ms (cache revalidated)
2727 silly packumentCache full:https://registry.npmjs.org/@jridgewell%2fsource-map set size:45204 disposed:false
2728 silly placeDep ROOT braces@3.0.3 OK for: micromatch@4.0.8 want: ^3.0.3
2729 silly fetch manifest fill-range@^7.1.1
2730 silly packumentCache full:https://registry.npmjs.org/fill-range cache-miss
2731 http fetch GET 200 https://registry.npmjs.org/fill-range 76ms (cache revalidated)
2732 silly packumentCache full:https://registry.npmjs.org/fill-range set size:90162 disposed:false
2733 silly placeDep ROOT fill-range@7.1.1 OK for: braces@3.0.3 want: ^7.1.1
2734 silly fetch manifest to-regex-range@^5.0.1
2735 silly packumentCache full:https://registry.npmjs.org/to-regex-range cache-miss
2736 http fetch GET 200 https://registry.npmjs.org/to-regex-range 362ms (cache revalidated)
2737 silly packumentCache full:https://registry.npmjs.org/to-regex-range set size:61569 disposed:false
2738 silly placeDep ROOT to-regex-range@5.0.1 OK for: fill-range@7.1.1 want: ^5.0.1
2739 silly fetch manifest is-number@^7.0.0
2740 silly packumentCache full:https://registry.npmjs.org/is-number cache-miss
2741 http fetch GET 200 https://registry.npmjs.org/is-number 83ms (cache revalidated)
2742 silly packumentCache full:https://registry.npmjs.org/is-number set size:36183 disposed:false
2743 silly placeDep node_modules/mime-types mime-db@1.52.0 OK for: mime-types@2.1.35 want: 1.52.0
2744 silly placeDep ROOT brace-expansion@1.1.15 OK for: minimatch@3.1.5 want: ^1.1.7
2745 silly fetch manifest balanced-match@^1.0.0
2746 silly packumentCache full:https://registry.npmjs.org/balanced-match cache-miss
2747 silly fetch manifest concat-map@0.0.1
2748 silly packumentCache full:https://registry.npmjs.org/concat-map cache-miss
2749 http fetch GET 200 https://registry.npmjs.org/concat-map 81ms (cache revalidated)
2750 silly packumentCache full:https://registry.npmjs.org/concat-map set size:9290 disposed:false
2751 http fetch GET 200 https://registry.npmjs.org/balanced-match 86ms (cache revalidated)
2752 silly packumentCache full:https://registry.npmjs.org/balanced-match set size:39082 disposed:false
2753 silly placeDep ROOT balanced-match@1.0.2 OK for: brace-expansion@1.1.15 want: ^1.0.0
2754 silly placeDep ROOT concat-map@0.0.1 OK for: brace-expansion@1.1.15 want: 0.0.1
2755 silly placeDep ROOT minimist@1.2.8 OK for: mkdirp@0.5.6 want: ^1.2.6
2756 silly placeDep ROOT whatwg-url@5.0.0 OK for: node-fetch@2.7.0 want: ^5.0.0
2757 silly fetch manifest tr46@~0.0.3
2758 silly packumentCache full:https://registry.npmjs.org/tr46 cache-miss
2759 silly fetch manifest webidl-conversions@^3.0.0
2760 silly packumentCache full:https://registry.npmjs.org/webidl-conversions cache-miss
2761 http fetch GET 200 https://registry.npmjs.org/tr46 81ms (cache revalidated)
2762 silly packumentCache full:https://registry.npmjs.org/tr46 set size:47377 disposed:false
2763 http fetch GET 200 https://registry.npmjs.org/webidl-conversions 100ms (cache revalidated)
2764 silly packumentCache full:https://registry.npmjs.org/webidl-conversions set size:46073 disposed:false
2765 silly placeDep ROOT ee-first@1.1.1 OK for: on-finished@2.3.0 want: 1.1.1
2766 silly placeDep ROOT mimic-fn@2.1.0 OK for: onetime@5.1.2 want: ^2.1.0
2767 silly placeDep node_modules/open is-wsl@1.1.0 OK for: open@6.4.0 want: ^1.1.0
2768 silly placeDep ROOT bl@4.1.0 OK for: ora@5.4.1 want: ^4.1.0
2769 silly placeDep ROOT cli-cursor@3.1.0 OK for: ora@5.4.1 want: ^3.1.0
2770 silly placeDep ROOT cli-spinners@2.9.2 OK for: ora@5.4.1 want: ^2.5.0
2771 silly placeDep ROOT is-interactive@1.0.0 OK for: ora@5.4.1 want: ^1.0.0
2772 silly placeDep ROOT is-unicode-supported@0.1.0 OK for: ora@5.4.1 want: ^0.1.0
2773 silly placeDep ROOT log-symbols@4.1.0 OK for: ora@5.4.1 want: ^4.1.0
2774 silly placeDep node_modules/ora strip-ansi@6.0.1 OK for: ora@5.4.1 want: ^6.0.0
2775 silly fetch manifest buffer@^5.5.0
2776 silly packumentCache full:https://registry.npmjs.org/buffer cache-miss
2777 silly fetch manifest readable-stream@^3.4.0
2778 silly packumentCache full:https://registry.npmjs.org/readable-stream cache-hit
2779 silly fetch manifest restore-cursor@^3.1.0
2780 silly packumentCache full:https://registry.npmjs.org/restore-cursor cache-miss
2781 http fetch GET 200 https://registry.npmjs.org/buffer 98ms (cache revalidated)
2782 silly packumentCache full:https://registry.npmjs.org/buffer set size:280480 disposed:false
2783 http fetch GET 200 https://registry.npmjs.org/restore-cursor 103ms (cache revalidated)
2784 silly packumentCache full:https://registry.npmjs.org/restore-cursor set size:17895 disposed:false
2785 silly placeDep ROOT buffer@5.7.1 OK for: bl@4.1.0 want: ^5.5.0
2786 silly placeDep ROOT readable-stream@3.6.2 OK for: bl@4.1.0 want: ^3.4.0
2787 silly fetch manifest ieee754@^1.1.13
2788 silly packumentCache full:https://registry.npmjs.org/ieee754 cache-miss
2789 silly fetch manifest string_decoder@^1.1.1
2790 silly packumentCache full:https://registry.npmjs.org/string_decoder cache-miss
2791 silly fetch manifest util-deprecate@^1.0.1
2792 silly packumentCache full:https://registry.npmjs.org/util-deprecate cache-miss
2793 http fetch GET 200 https://registry.npmjs.org/string_decoder 83ms (cache revalidated)
2794 silly packumentCache full:https://registry.npmjs.org/string_decoder set size:28441 disposed:false
2795 http fetch GET 200 https://registry.npmjs.org/ieee754 95ms (cache revalidated)
2796 silly packumentCache full:https://registry.npmjs.org/ieee754 set size:34910 disposed:false
2797 http fetch GET 200 https://registry.npmjs.org/util-deprecate 100ms (cache revalidated)
2798 silly packumentCache full:https://registry.npmjs.org/util-deprecate set size:6674 disposed:false
2799 silly placeDep ROOT ieee754@1.2.1 OK for: buffer@5.7.1 want: ^1.1.13
2800 silly placeDep ROOT restore-cursor@3.1.0 OK for: cli-cursor@3.1.0 want: ^3.1.0
2801 silly placeDep ROOT p-limit@2.3.0 OK for: p-locate@4.1.0 want: ^2.2.0
2802 silly fetch manifest p-try@^2.0.0
2803 silly packumentCache full:https://registry.npmjs.org/p-try cache-miss
2804 http fetch GET 200 https://registry.npmjs.org/p-try 89ms (cache revalidated)
2805 silly packumentCache full:https://registry.npmjs.org/p-try set size:13014 disposed:false
2806 silly placeDep ROOT p-try@2.2.0 OK for: p-limit@2.3.0 want: ^2.0.0
2807 silly placeDep ROOT error-ex@1.3.4 OK for: parse-json@4.0.0 want: ^1.3.1
2808 silly placeDep ROOT json-parse-better-errors@1.0.2 OK for: parse-json@4.0.0 want: ^1.0.1
2809 silly fetch manifest is-arrayish@^0.2.1
2810 silly packumentCache full:https://registry.npmjs.org/is-arrayish cache-miss
2811 http fetch GET 200 https://registry.npmjs.org/is-arrayish 339ms (cache revalidated)
2812 silly packumentCache full:https://registry.npmjs.org/is-arrayish set size:15371 disposed:false
2813 silly placeDep ROOT is-arrayish@0.2.1 OK for: error-ex@1.3.4 want: ^0.2.1
2814 silly placeDep node_modules/pkg-dir find-up@3.0.0 OK for: pkg-dir@3.0.0 want: ^3.0.0
2815 silly fetch manifest locate-path@^3.0.0
2816 silly packumentCache full:https://registry.npmjs.org/locate-path cache-hit
2817 silly placeDep node_modules/pretty-format @jest/types@26.6.2 OK for: pretty-format@26.6.2 want: ^26.6.2
2818 silly placeDep ROOT react-is@17.0.2 OK for: pretty-format@26.6.2 want: ^17.0.1
2819 silly fetch manifest @types/yargs@^15.0.0
2820 silly packumentCache full:https://registry.npmjs.org/@types%2fyargs cache-hit
2821 silly placeDep ROOT asap@2.0.6 OK for: promise@8.3.0 want: ~2.0.6
2822 silly placeDep ROOT kleur@3.0.3 OK for: prompts@2.4.2 want: ^3.0.3
2823 silly placeDep ROOT sisteransi@1.0.5 OK for: prompts@2.4.2 want: ^1.0.5
2824 silly placeDep node_modules/react-devtools-core ws@7.5.11 OK for: react-devtools-core@5.3.2 want: ^7
2825 silly placeDep ROOT object-assign@4.1.1 OK for: react-shallow-renderer@16.15.0 want: ^4.1.1
2826 silly placeDep ROOT string_decoder@1.3.0 OK for: readable-stream@3.6.2 want: ^1.1.1
2827 silly placeDep ROOT util-deprecate@1.0.2 OK for: readable-stream@3.6.2 want: ^1.0.1
2828 silly placeDep ROOT ast-types@0.15.2 OK for: recast@0.21.5 want: 0.15.2
2829 silly placeDep node_modules/recast source-map@0.6.1 OK for: recast@0.21.5 want: ~0.6.1
2830 silly placeDep ROOT tslib@2.8.1 OK for: recast@0.21.5 want: ^2.0.1
2831 silly placeDep ROOT regenerate@1.4.2 OK for: regexpu-core@6.4.0 want: ^1.4.2
2832 silly placeDep ROOT regenerate-unicode-properties@10.2.2 OK for: regexpu-core@6.4.0 want: ^10.2.2
2833 silly placeDep ROOT regjsgen@0.8.0 OK for: regexpu-core@6.4.0 want: ^0.8.0
2834 silly placeDep ROOT regjsparser@0.13.1 OK for: regexpu-core@6.4.0 want: ^0.13.0
2835 silly placeDep ROOT unicode-match-property-ecmascript@2.0.0 OK for: regexpu-core@6.4.0 want: ^2.0.0
2836 silly placeDep ROOT unicode-match-property-value-ecmascript@2.2.1 OK for: regexpu-core@6.4.0 want: ^2.2.1
2837 silly fetch manifest unicode-canonical-property-names-ecmascript@^2.0.0
2838 silly packumentCache full:https://registry.npmjs.org/unicode-canonical-property-names-ecmascript cache-miss
2839 silly fetch manifest unicode-property-aliases-ecmascript@^2.0.0
2840 silly packumentCache full:https://registry.npmjs.org/unicode-property-aliases-ecmascript cache-miss
2841 http fetch GET 200 https://registry.npmjs.org/unicode-property-aliases-ecmascript 77ms (cache revalidated)
2842 silly packumentCache full:https://registry.npmjs.org/unicode-property-aliases-ecmascript set size:28095 disposed:false
2843 http fetch GET 200 https://registry.npmjs.org/unicode-canonical-property-names-ecmascript 82ms (cache revalidated)
2844 silly packumentCache full:https://registry.npmjs.org/unicode-canonical-property-names-ecmascript set size:17227 disposed:false
2845 silly placeDep ROOT es-errors@1.3.0 OK for: resolve@1.22.12 want: ^1.3.0
2846 silly placeDep ROOT is-core-module@2.16.2 OK for: resolve@1.22.12 want: ^2.16.1
2847 silly placeDep ROOT path-parse@1.0.7 OK for: resolve@1.22.12 want: ^1.0.7
2848 silly placeDep ROOT supports-preserve-symlinks-flag@1.0.0 OK for: resolve@1.22.12 want: ^1.0.0
2849 silly fetch manifest hasown@^2.0.3
2850 silly packumentCache full:https://registry.npmjs.org/hasown cache-miss
2851 http fetch GET 200 https://registry.npmjs.org/hasown 101ms (cache revalidated)
2852 silly packumentCache full:https://registry.npmjs.org/hasown set size:18361 disposed:false
2853 silly placeDep ROOT hasown@2.0.4 OK for: is-core-module@2.16.2 want: ^2.0.3
2854 silly fetch manifest function-bind@^1.1.2
2855 silly packumentCache full:https://registry.npmjs.org/function-bind cache-miss
2856 http fetch GET 200 https://registry.npmjs.org/function-bind 83ms (cache revalidated)
2857 silly packumentCache full:https://registry.npmjs.org/function-bind set size:15733 disposed:false
2858 silly placeDep ROOT function-bind@1.1.2 OK for: hasown@2.0.4 want: ^1.1.2
2859 silly placeDep ROOT queue-microtask@1.2.3 OK for: run-parallel@1.2.0 want: ^1.2.2
2860 silly placeDep ROOT @types/node-forge@1.3.14 OK for: selfsigned@2.4.1 want: ^1.3.0
2861 silly placeDep ROOT node-forge@1.4.0 OK for: selfsigned@2.4.1 want: ^1
2862 silly placeDep node_modules/serve-static encodeurl@2.0.0 OK for: serve-static@1.16.3 want: ~2.0.0
2863 silly placeDep ROOT send@0.19.2 OK for: serve-static@1.16.3 want: ~0.19.1
2864 silly fetch manifest depd@2.0.0
2865 silly packumentCache full:https://registry.npmjs.org/depd cache-miss
2866 silly fetch manifest etag@~1.8.1
2867 silly packumentCache full:https://registry.npmjs.org/etag cache-miss
2868 silly fetch manifest mime@1.6.0
2869 silly packumentCache full:https://registry.npmjs.org/mime cache-hit
2870 silly fetch manifest fresh@~0.5.2
2871 silly packumentCache full:https://registry.npmjs.org/fresh cache-miss
2872 silly fetch manifest destroy@1.2.0
2873 silly packumentCache full:https://registry.npmjs.org/destroy cache-miss
2874 silly fetch manifest statuses@~2.0.2
2875 silly packumentCache full:https://registry.npmjs.org/statuses cache-hit
2876 silly fetch manifest http-errors@~2.0.1
2877 silly packumentCache full:https://registry.npmjs.org/http-errors cache-miss
2878 silly fetch manifest on-finished@~2.4.1
2879 silly packumentCache full:https://registry.npmjs.org/on-finished cache-hit
2880 silly fetch manifest range-parser@~1.2.1
2881 silly packumentCache full:https://registry.npmjs.org/range-parser cache-miss
2882 http fetch GET 200 https://registry.npmjs.org/depd 88ms (cache revalidated)
2883 silly packumentCache full:https://registry.npmjs.org/depd set size:40182 disposed:false
2884 http fetch GET 200 https://registry.npmjs.org/destroy 92ms (cache revalidated)
2885 silly packumentCache full:https://registry.npmjs.org/destroy set size:15738 disposed:false
2886 http fetch GET 200 https://registry.npmjs.org/fresh 93ms (cache revalidated)
2887 silly packumentCache full:https://registry.npmjs.org/fresh set size:25427 disposed:false
2888 http fetch GET 200 https://registry.npmjs.org/etag 106ms (cache revalidated)
2889 silly packumentCache full:https://registry.npmjs.org/etag set size:30032 disposed:false
2890 http fetch GET 200 https://registry.npmjs.org/http-errors 111ms (cache revalidated)
2891 silly packumentCache full:https://registry.npmjs.org/http-errors set size:71987 disposed:false
2892 http fetch GET 200 https://registry.npmjs.org/range-parser 112ms (cache revalidated)
2893 silly packumentCache full:https://registry.npmjs.org/range-parser set size:22228 disposed:false
2894 silly placeDep node_modules/send debug@2.6.9 OK for: send@0.19.2 want: 2.6.9
2895 silly placeDep ROOT depd@2.0.0 OK for: send@0.19.2 want: 2.0.0
2896 silly placeDep ROOT destroy@1.2.0 OK for: send@0.19.2 want: 1.2.0
2897 silly placeDep node_modules/send encodeurl@2.0.0 OK for: send@0.19.2 want: ~2.0.0
2898 silly placeDep ROOT etag@1.8.1 OK for: send@0.19.2 want: ~1.8.1
2899 silly placeDep ROOT fresh@0.5.2 OK for: send@0.19.2 want: ~0.5.2
2900 silly placeDep ROOT http-errors@2.0.1 OK for: send@0.19.2 want: ~2.0.1
2901 silly placeDep node_modules/send mime@1.6.0 OK for: send@0.19.2 want: 1.6.0
2902 silly placeDep node_modules/send on-finished@2.4.1 OK for: send@0.19.2 want: ~2.4.1
2903 silly placeDep ROOT range-parser@1.2.1 OK for: send@0.19.2 want: ~1.2.1
2904 silly placeDep node_modules/send statuses@2.0.2 OK for: send@0.19.2 want: ~2.0.2
2905 silly fetch manifest setprototypeof@~1.2.0
2906 silly packumentCache full:https://registry.npmjs.org/setprototypeof cache-miss
2907 silly fetch manifest toidentifier@~1.0.1
2908 silly packumentCache full:https://registry.npmjs.org/toidentifier cache-miss
2909 http fetch GET 200 https://registry.npmjs.org/setprototypeof 89ms (cache revalidated)
2910 silly packumentCache full:https://registry.npmjs.org/setprototypeof set size:14532 disposed:false
2911 http fetch GET 200 https://registry.npmjs.org/toidentifier 101ms (cache revalidated)
2912 silly packumentCache full:https://registry.npmjs.org/toidentifier set size:12006 disposed:false
2913 silly placeDep ROOT setprototypeof@1.2.0 OK for: http-errors@2.0.1 want: ~1.2.0
2914 silly placeDep node_modules/http-errors statuses@2.0.2 OK for: http-errors@2.0.1 want: ~2.0.2
2915 silly placeDep ROOT toidentifier@1.0.1 OK for: http-errors@2.0.1 want: ~1.0.1
2916 silly placeDep ROOT shebang-regex@3.0.0 OK for: shebang-command@2.0.0 want: ^3.0.0
2917 silly placeDep node_modules/slice-ansi ansi-styles@3.2.1 OK for: slice-ansi@2.1.0 want: ^3.2.0
2918 silly placeDep ROOT astral-regex@1.0.0 OK for: slice-ansi@2.1.0 want: ^1.0.0
2919 silly placeDep ROOT is-fullwidth-code-point@2.0.0 OK for: slice-ansi@2.1.0 want: ^2.0.0
2920 silly fetch manifest color-convert@^1.9.0
2921 silly packumentCache full:https://registry.npmjs.org/color-convert cache-hit
2922 silly placeDep ROOT buffer-from@1.1.2 OK for: source-map-support@0.5.21 want: ^1.0.0
2923 silly placeDep node_modules/source-map-support source-map@0.6.1 OK for: source-map-support@0.5.21 want: ^0.6.0
2924 silly placeDep node_modules/stack-utils escape-string-regexp@2.0.0 OK for: stack-utils@2.0.6 want: ^2.0.0
2925 silly placeDep ROOT type-fest@0.7.1 OK for: stacktrace-parser@0.1.11 want: ^0.7.1
2926 silly placeDep node_modules/strip-ansi ansi-regex@4.1.1 OK for: strip-ansi@5.2.0 want: ^4.1.0
2927 silly placeDep ROOT has-flag@4.0.0 OK for: supports-color@7.2.0 want: ^4.0.0
2928 silly placeDep node_modules/temp rimraf@2.6.3 OK for: temp@0.8.4 want: ~2.6.2
2929 silly placeDep ROOT @jridgewell/source-map@0.3.11 OK for: terser@5.48.0 want: ^0.3.3
2930 silly placeDep ROOT acorn@8.16.0 OK for: terser@5.48.0 want: ^8.15.0
2931 silly placeDep node_modules/terser commander@2.20.3 OK for: terser@5.48.0 want: ^2.20.0
2932 silly placeDep node_modules/through2 readable-stream@2.3.8 OK for: through2@2.0.5 want: ~2.3.6
2933 silly placeDep ROOT xtend@4.0.2 OK for: through2@2.0.5 want: ~4.0.1
2934 silly fetch manifest isarray@~1.0.0
2935 silly packumentCache full:https://registry.npmjs.org/isarray cache-miss
2936 silly fetch manifest safe-buffer@~5.1.1
2937 silly packumentCache full:https://registry.npmjs.org/safe-buffer cache-hit
2938 silly fetch manifest core-util-is@~1.0.0
2939 silly packumentCache full:https://registry.npmjs.org/core-util-is cache-miss
2940 silly fetch manifest string_decoder@~1.1.1
2941 silly packumentCache full:https://registry.npmjs.org/string_decoder cache-hit
2942 silly fetch manifest process-nextick-args@~2.0.0
2943 silly packumentCache full:https://registry.npmjs.org/process-nextick-args cache-miss
2944 http fetch GET 200 https://registry.npmjs.org/process-nextick-args 86ms (cache revalidated)
2945 silly packumentCache full:https://registry.npmjs.org/process-nextick-args set size:15428 disposed:false
2946 http fetch GET 200 https://registry.npmjs.org/core-util-is 94ms (cache revalidated)
2947 silly packumentCache full:https://registry.npmjs.org/core-util-is set size:7163 disposed:false
2948 http fetch GET 200 https://registry.npmjs.org/isarray 100ms (cache revalidated)
2949 silly packumentCache full:https://registry.npmjs.org/isarray set size:17392 disposed:false
2950 silly placeDep ROOT is-number@7.0.0 OK for: to-regex-range@5.0.1 want: ^7.0.0
2951 silly placeDep ROOT unicode-canonical-property-names-ecmascript@2.0.1 OK for: unicode-match-property-ecmascript@2.0.0 want: ^2.0.0
2952 silly placeDep ROOT unicode-property-aliases-ecmascript@2.2.0 OK for: unicode-match-property-ecmascript@2.0.0 want: ^2.0.0
2953 silly placeDep ROOT escalade@3.2.0 OK for: update-browserslist-db@1.2.3 want: ^3.2.0
2954 silly placeDep ROOT makeerror@1.0.12 OK for: walker@1.0.8 want: 1.0.12
2955 silly fetch manifest tmpl@1.0.5
2956 silly packumentCache full:https://registry.npmjs.org/tmpl cache-miss
2957 http fetch GET 200 https://registry.npmjs.org/tmpl 81ms (cache revalidated)
2958 silly packumentCache full:https://registry.npmjs.org/tmpl set size:7979 disposed:false
2959 silly placeDep ROOT tmpl@1.0.5 OK for: makeerror@1.0.12 want: 1.0.5
2960 silly placeDep ROOT defaults@1.0.4 OK for: wcwidth@1.0.1 want: ^1.0.3
2961 silly fetch manifest clone@^1.0.2
2962 silly packumentCache full:https://registry.npmjs.org/clone cache-miss
2963 http fetch GET 200 https://registry.npmjs.org/clone 336ms (cache revalidated)
2964 silly packumentCache full:https://registry.npmjs.org/clone set size:82973 disposed:false
2965 silly placeDep ROOT clone@1.0.4 OK for: defaults@1.0.4 want: ^1.0.2
2966 silly placeDep ROOT tr46@0.0.3 OK for: whatwg-url@5.0.0 want: ~0.0.3
2967 silly placeDep ROOT webidl-conversions@3.0.1 OK for: whatwg-url@5.0.0 want: ^3.0.0
2968 silly placeDep ROOT isexe@2.0.0 OK for: which@2.0.2 want: ^2.0.0
2969 silly placeDep ROOT imurmurhash@0.1.4 OK for: write-file-atomic@2.4.3 want: ^0.1.4
2970 silly placeDep ROOT async-limiter@1.0.1 OK for: ws@6.2.4 want: ~1.0.0
2971 silly placeDep ROOT cliui@8.0.1 OK for: yargs@17.7.2 want: ^8.0.1
2972 silly placeDep ROOT get-caller-file@2.0.5 OK for: yargs@17.7.2 want: ^2.0.5
2973 silly placeDep ROOT require-directory@2.1.1 OK for: yargs@17.7.2 want: ^2.1.1
2974 silly placeDep ROOT string-width@4.2.3 OK for: yargs@17.7.2 want: ^4.2.3
2975 silly placeDep ROOT y18n@5.0.8 OK for: yargs@17.7.2 want: ^5.0.5
2976 silly placeDep ROOT yargs-parser@21.1.1 OK for: yargs@17.7.2 want: ^21.1.1
2977 silly fetch manifest wrap-ansi@^7.0.0
2978 silly packumentCache full:https://registry.npmjs.org/wrap-ansi cache-miss
2979 silly fetch manifest strip-ansi@^6.0.1
2980 silly packumentCache full:https://registry.npmjs.org/strip-ansi cache-hit
2981 silly fetch manifest strip-ansi@^6.0.1
2982 silly packumentCache full:https://registry.npmjs.org/strip-ansi cache-hit
2983 silly fetch manifest emoji-regex@^8.0.0
2984 silly packumentCache full:https://registry.npmjs.org/emoji-regex cache-miss
2985 silly fetch manifest is-fullwidth-code-point@^3.0.0
2986 silly packumentCache full:https://registry.npmjs.org/is-fullwidth-code-point cache-hit
2987 http fetch GET 200 https://registry.npmjs.org/emoji-regex 96ms (cache revalidated)
2988 silly packumentCache full:https://registry.npmjs.org/emoji-regex set size:89064 disposed:false
2989 http fetch GET 200 https://registry.npmjs.org/wrap-ansi 103ms (cache revalidated)
2990 silly packumentCache full:https://registry.npmjs.org/wrap-ansi set size:55299 disposed:false
2991 silly placeDep node_modules/cliui strip-ansi@6.0.1 OK for: cliui@8.0.1 want: ^6.0.1
2992 silly placeDep ROOT wrap-ansi@7.0.0 OK for: cliui@8.0.1 want: ^7.0.0
2993 silly placeDep ROOT emoji-regex@8.0.0 OK for: string-width@4.2.3 want: ^8.0.0
2994 silly placeDep node_modules/string-width is-fullwidth-code-point@3.0.0 OK for: string-width@4.2.3 want: ^3.0.0
2995 silly placeDep node_modules/string-width strip-ansi@6.0.1 OK for: string-width@4.2.3 want: ^6.0.1
2996 silly placeDep node_modules/wrap-ansi strip-ansi@6.0.1 OK for: wrap-ansi@7.0.0 want: ^6.0.0
2997 silly placeDep node_modules/@react-native-community/cli-tools locate-path@6.0.0 OK for: find-up@5.0.0 want: ^6.0.0
2998 silly fetch manifest p-locate@^5.0.0
2999 silly packumentCache full:https://registry.npmjs.org/p-locate cache-hit
3000 silly placeDep node_modules/@react-native-community/cli-tools p-locate@5.0.0 OK for: locate-path@6.0.0 want: ^5.0.0
3001 silly fetch manifest p-limit@^3.0.2
3002 silly packumentCache full:https://registry.npmjs.org/p-limit cache-hit
3003 silly placeDep node_modules/@react-native-community/cli-tools p-limit@3.1.0 OK for: p-locate@5.0.0 want: ^3.0.2
3004 silly fetch manifest yocto-queue@^0.1.0
3005 silly packumentCache full:https://registry.npmjs.org/yocto-queue cache-miss
3006 http fetch GET 200 https://registry.npmjs.org/yocto-queue 96ms (cache revalidated)
3007 silly packumentCache full:https://registry.npmjs.org/yocto-queue set size:20256 disposed:false
3008 silly placeDep ROOT yocto-queue@0.1.0 OK for: p-limit@3.1.0 want: ^0.1.0
3009 silly placeDep node_modules/@react-native/dev-middleware ms@2.0.0 OK for: debug@2.6.9 want: 2.0.0
3010 silly placeDep node_modules/@rnx-kit/chromium-edge-launcher undici-types@5.26.5 OK for: @types/node@18.19.130 want: ~5.26.4
3011 silly placeDep node_modules/compression ms@2.0.0 OK for: debug@2.6.9 want: 2.0.0
3012 silly placeDep node_modules/connect ms@2.0.0 OK for: debug@2.6.9 want: 2.0.0
3013 silly placeDep node_modules/finalhandler ms@2.0.0 OK for: debug@2.6.9 want: 2.0.0
3014 silly placeDep node_modules/jest-message-util ansi-styles@5.2.0 OK for: pretty-format@29.7.0 want: ^5.0.0
3015 silly placeDep node_modules/jest-message-util react-is@18.3.1 OK for: pretty-format@29.7.0 want: ^18.0.0
3016 silly placeDep node_modules/jest-validate ansi-styles@5.2.0 OK for: pretty-format@29.7.0 want: ^5.0.0
3017 silly placeDep node_modules/jest-validate react-is@18.3.1 OK for: pretty-format@29.7.0 want: ^18.0.0
3018 silly placeDep node_modules/lighthouse-logger ms@2.0.0 OK for: debug@2.6.9 want: 2.0.0
3019 silly placeDep node_modules/logkitty cliui@6.0.0 OK for: yargs@15.4.1 want: ^6.0.0
3020 silly placeDep ROOT decamelize@1.2.0 OK for: yargs@15.4.1 want: ^1.2.0
3021 silly placeDep ROOT require-main-filename@2.0.0 OK for: yargs@15.4.1 want: ^2.0.0
3022 silly placeDep ROOT set-blocking@2.0.0 OK for: yargs@15.4.1 want: ^2.0.0
3023 silly placeDep ROOT which-module@2.0.1 OK for: yargs@15.4.1 want: ^2.0.0
3024 silly placeDep node_modules/logkitty y18n@4.0.3 OK for: yargs@15.4.1 want: ^4.0.0
3025 silly placeDep node_modules/logkitty yargs-parser@18.1.3 OK for: yargs@15.4.1 want: ^18.1.2
3026 silly fetch manifest wrap-ansi@^6.2.0
3027 silly packumentCache full:https://registry.npmjs.org/wrap-ansi cache-hit
3028 silly fetch manifest camelcase@^5.0.0
3029 silly packumentCache full:https://registry.npmjs.org/camelcase cache-hit
3030 silly placeDep node_modules/logkitty strip-ansi@6.0.1 OK for: cliui@6.0.0 want: ^6.0.0
3031 silly placeDep node_modules/logkitty wrap-ansi@6.2.0 OK for: cliui@6.0.0 want: ^6.2.0
3032 silly placeDep node_modules/logkitty camelcase@5.3.1 OK for: yargs-parser@18.1.3 want: ^5.0.0
3033 silly placeDep node_modules/metro-babel-transformer hermes-estree@0.23.1 OK for: hermes-parser@0.23.1 want: 0.23.1
3034 silly placeDep node_modules/metro-file-map ms@2.0.0 OK for: debug@2.6.9 want: 2.0.0
3035 silly placeDep node_modules/metro ms@2.0.0 OK for: debug@2.6.9 want: 2.0.0
3036 silly placeDep node_modules/metro hermes-estree@0.23.1 OK for: hermes-parser@0.23.1 want: 0.23.1
3037 silly placeDep node_modules/pkg-dir locate-path@3.0.0 OK for: find-up@3.0.0 want: ^3.0.0
3038 silly fetch manifest p-locate@^3.0.0
3039 silly packumentCache full:https://registry.npmjs.org/p-locate cache-hit
3040 silly fetch manifest path-exists@^3.0.0
3041 silly packumentCache full:https://registry.npmjs.org/path-exists cache-hit
3042 silly placeDep node_modules/pkg-dir p-locate@3.0.0 OK for: locate-path@3.0.0 want: ^3.0.0
3043 silly placeDep node_modules/pkg-dir path-exists@3.0.0 OK for: locate-path@3.0.0 want: ^3.0.0
3044 silly placeDep node_modules/pretty-format @types/yargs@15.0.20 OK for: @jest/types@26.6.2 want: ^15.0.0
3045 silly placeDep node_modules/send/node_modules/debug ms@2.0.0 OK for: debug@2.6.9 want: 2.0.0
3046 silly placeDep node_modules/slice-ansi color-convert@1.9.3 OK for: ansi-styles@3.2.1 want: ^1.9.0
3047 silly fetch manifest color-name@1.1.3
3048 silly packumentCache full:https://registry.npmjs.org/color-name cache-hit
3049 silly placeDep node_modules/slice-ansi color-name@1.1.3 OK for: color-convert@1.9.3 want: 1.1.3
3050 silly placeDep ROOT core-util-is@1.0.3 OK for: readable-stream@2.3.8 want: ~1.0.0
3051 silly placeDep ROOT isarray@1.0.0 OK for: readable-stream@2.3.8 want: ~1.0.0
3052 silly placeDep ROOT process-nextick-args@2.0.1 OK for: readable-stream@2.3.8 want: ~2.0.0
3053 silly placeDep node_modules/through2 safe-buffer@5.1.2 OK for: readable-stream@2.3.8 want: ~5.1.1
3054 silly placeDep node_modules/through2 string_decoder@1.1.1 OK for: readable-stream@2.3.8 want: ~1.1.1
3055 silly reify moves {}
3056 silly audit bulk request {
3056 silly audit   'react-native': [ '0.74.5' ],
3056 silly audit   react: [ '18.2.0' ],
3056 silly audit   'loose-envify': [ '1.4.0' ],
3056 silly audit   'js-tokens': [ '4.0.0' ],
3056 silly audit   '@jest/create-cache-key-function': [ '29.7.0' ],
3056 silly audit   '@react-native-community/cli': [ '13.6.9' ],
3056 silly audit   '@react-native-community/cli-platform-android': [ '13.6.9' ],
3056 silly audit   '@react-native-community/cli-platform-ios': [ '13.6.9' ],
3056 silly audit   '@react-native/assets-registry': [ '0.74.87' ],
3056 silly audit   '@react-native/codegen': [ '0.74.87' ],
3056 silly audit   '@babel/preset-env': [ '7.29.7' ],
3056 silly audit   '@babel/core': [ '7.29.7' ],
3056 silly audit   '@react-native/community-cli-plugin': [ '0.74.87' ],
3056 silly audit   '@react-native/gradle-plugin': [ '0.74.87' ],
3056 silly audit   '@react-native/js-polyfills': [ '0.74.87' ],
3056 silly audit   '@react-native/normalize-colors': [ '0.74.87' ],
3056 silly audit   '@react-native/virtualized-lists': [ '0.74.87' ],
3056 silly audit   'abort-controller': [ '3.0.0' ],
3056 silly audit   anser: [ '1.4.10' ],
3056 silly audit   'ansi-regex': [ '5.0.1', '4.1.1' ],
3056 silly audit   'base64-js': [ '1.5.1' ],
3056 silly audit   chalk: [ '4.1.2' ],
3056 silly audit   'event-target-shim': [ '5.0.1' ],
3056 silly audit   'flow-enums-runtime': [ '0.0.6' ],
3056 silly audit   invariant: [ '2.2.4' ],
3056 silly audit   'jest-environment-node': [ '29.7.0' ],
3056 silly audit   'jsc-android': [ '250231.0.0' ],
3056 silly audit   'memoize-one': [ '5.2.1' ],
3056 silly audit   'metro-runtime': [ '0.80.12' ],
3056 silly audit   'metro-source-map': [ '0.80.12' ],
3056 silly audit   mkdirp: [ '0.5.6', '1.0.4' ],
3056 silly audit   nullthrows: [ '1.1.1' ],
3056 silly audit   'pretty-format': [ '26.6.2', '29.7.0' ],
3056 silly audit   promise: [ '8.3.0' ],
3056 silly audit   'react-devtools-core': [ '5.3.2' ],
3056 silly audit   'react-refresh': [ '0.14.2' ],
3056 silly audit   'react-shallow-renderer': [ '16.15.0' ],
3056 silly audit   'regenerator-runtime': [ '0.13.11' ],
3056 silly audit   scheduler: [ '0.24.0-canary-efb381bbf-20230505' ],
3056 silly audit   'stacktrace-parser': [ '0.1.11' ],
3056 silly audit   'whatwg-fetch': [ '3.6.20' ],
3056 silly audit   ws: [ '6.2.4', '7.5.11' ],
3056 silly audit   yargs: [ '17.7.2', '15.4.1' ],
3056 silly audit   '@babel/code-frame': [ '7.29.7' ],
3056 silly audit   '@babel/generator': [ '7.29.7' ],
3056 silly audit   '@babel/helper-compilation-targets': [ '7.29.7' ],
3056 silly audit   '@babel/helper-module-transforms': [ '7.29.7' ],
3056 silly audit   '@babel/helpers': [ '7.29.7' ],
3056 silly audit   '@babel/parser': [ '7.29.7' ],
3056 silly audit   '@babel/template': [ '7.29.7' ],
3056 silly audit   '@babel/traverse': [ '7.29.7' ],
3056 silly audit   '@babel/types': [ '7.29.7' ],
3056 silly audit   '@jridgewell/remapping': [ '2.3.5' ],
3056 silly audit   'convert-source-map': [ '2.0.0' ],
3056 silly audit   debug: [ '4.4.3', '2.6.9' ],
3056 silly audit   gensync: [ '1.0.0-beta.2' ],
3056 silly audit   json5: [ '2.2.3' ],
3056 silly audit   semver: [ '6.3.1', '7.8.3', '5.7.2' ],
3056 silly audit   '@babel/helper-validator-identifier': [ '7.29.7' ],
3056 silly audit   picocolors: [ '1.1.1' ],
3056 silly audit   '@jridgewell/gen-mapping': [ '0.3.13' ],
3056 silly audit   '@jridgewell/trace-mapping': [ '0.3.31' ],
3056 silly audit   jsesc: [ '3.1.0' ],
3056 silly audit   '@babel/compat-data': [ '7.29.7' ],
3056 silly audit   '@babel/helper-validator-option': [ '7.29.7' ],
3056 silly audit   browserslist: [ '4.28.2' ],
3056 silly audit   'lru-cache': [ '5.1.1' ],
3056 silly audit   '@babel/helper-module-imports': [ '7.29.7' ],
3056 silly audit   '@babel/helper-plugin-utils': [ '7.29.7' ],
3056 silly audit   '@babel/plugin-bugfix-firefox-class-in-computed-class-key': [ '7.29.7' ],
3056 silly audit   '@babel/plugin-bugfix-safari-class-field-initializer-scope': [ '7.29.7' ],
3056 silly audit   '@babel/plugin-bugfix-safari-id-destructuring-collision-in-function-expression': [ '7.29.7' ],
3056 silly audit   '@babel/plugin-bugfix-safari-rest-destructuring-rhs-array': [ '7.29.7' ],
3056 silly audit   '@babel/plugin-bugfix-v8-spread-parameters-in-optional-chaining': [ '7.29.7' ],
3056 silly audit   '@babel/plugin-bugfix-v8-static-class-fields-redefine-readonly': [ '7.29.7' ],
3056 silly audit   '@babel/plugin-proposal-private-property-in-object': [ '7.21.0-placeholder-for-preset-env.2' ],
3056 silly audit   '@babel/plugin-syntax-import-assertions': [ '7.29.7' ],
3056 silly audit   '@babel/plugin-syntax-import-attributes': [ '7.29.7' ],
3056 silly audit   '@babel/plugin-syntax-unicode-sets-regex': [ '7.18.6' ],
3056 silly audit   '@babel/plugin-transform-arrow-functions': [ '7.29.7' ],
3056 silly audit   '@babel/plugin-transform-async-generator-functions': [ '7.29.7' ],
3056 silly audit   '@babel/plugin-transform-async-to-generator': [ '7.29.7' ],
3056 silly audit   '@babel/plugin-transform-block-scoped-functions': [ '7.29.7' ],
3056 silly audit   '@babel/plugin-transform-block-scoping': [ '7.29.7' ],
3056 silly audit   '@babel/plugin-transform-class-properties': [ '7.29.7' ],
3056 silly audit   '@babel/plugin-transform-class-static-block': [ '7.29.7' ],
3056 silly audit   '@babel/plugin-transform-classes': [ '7.29.7' ],
3056 silly audit   '@babel/plugin-transform-computed-properties': [ '7.29.7' ],
3056 silly audit   '@babel/plugin-transform-destructuring': [ '7.29.7' ],
3056 silly audit   '@babel/plugin-transform-dotall-regex': [ '7.29.7' ],
3056 silly audit   '@babel/plugin-transform-duplicate-keys': [ '7.29.7' ],
3056 silly audit   '@babel/plugin-transform-duplicate-named-capturing-groups-regex': [ '7.29.7' ],
3056 silly audit   '@babel/plugin-transform-dynamic-import': [ '7.29.7' ],
3056 silly audit   '@babel/plugin-transform-explicit-resource-management': [ '7.29.7' ],
3056 silly audit   '@babel/plugin-transform-exponentiation-operator': [ '7.29.7' ],
3056 silly audit   '@babel/plugin-transform-export-namespace-from': [ '7.29.7' ],
3056 silly audit   '@babel/plugin-transform-for-of': [ '7.29.7' ],
3056 silly audit   '@babel/plugin-transform-function-name': [ '7.29.7' ],
3056 silly audit   '@babel/plugin-transform-json-strings': [ '7.29.7' ],
3056 silly audit   '@babel/plugin-transform-literals': [ '7.29.7' ],
3056 silly audit   '@babel/plugin-transform-logical-assignment-operators': [ '7.29.7' ],
3056 silly audit   '@babel/plugin-transform-member-expression-literals': [ '7.29.7' ],
3056 silly audit   '@babel/plugin-transform-modules-amd': [ '7.29.7' ],
3056 silly audit   '@babel/plugin-transform-modules-commonjs': [ '7.29.7' ],
3056 silly audit   '@babel/plugin-transform-modules-systemjs': [ '7.29.7' ],
3056 silly audit   '@babel/plugin-transform-modules-umd': [ '7.29.7' ],
3056 silly audit   '@babel/plugin-transform-named-capturing-groups-regex': [ '7.29.7' ],
3056 silly audit   '@babel/plugin-transform-new-target': [ '7.29.7' ],
3056 silly audit   '@babel/plugin-transform-nullish-coalescing-operator': [ '7.29.7' ],
3056 silly audit   '@babel/plugin-transform-numeric-separator': [ '7.29.7' ],
3056 silly audit   '@babel/plugin-transform-object-rest-spread': [ '7.29.7' ],
3056 silly audit   '@babel/plugin-transform-object-super': [ '7.29.7' ],
3056 silly audit   '@babel/plugin-transform-optional-catch-binding': [ '7.29.7' ],
3056 silly audit   '@babel/plugin-transform-optional-chaining': [ '7.29.7' ],
3056 silly audit   '@babel/plugin-transform-parameters': [ '7.29.7' ],
3056 silly audit   '@babel/plugin-transform-private-methods': [ '7.29.7' ],
3056 silly audit   '@babel/plugin-transform-private-property-in-object': [ '7.29.7' ],
3056 silly audit   '@babel/plugin-transform-property-literals': [ '7.29.7' ],
3056 silly audit   '@babel/plugin-transform-regenerator': [ '7.29.7' ],
3056 silly audit   '@babel/plugin-transform-regexp-modifiers': [ '7.29.7' ],
3056 silly audit   '@babel/plugin-transform-reserved-words': [ '7.29.7' ],
3056 silly audit   '@babel/plugin-transform-shorthand-properties': [ '7.29.7' ],
3056 silly audit   '@babel/plugin-transform-spread': [ '7.29.7' ],
3056 silly audit   '@babel/plugin-transform-sticky-regex': [ '7.29.7' ],
3056 silly audit   '@babel/plugin-transform-template-literals': [ '7.29.7' ],
3056 silly audit   '@babel/plugin-transform-typeof-symbol': [ '7.29.7' ],
3056 silly audit   '@babel/plugin-transform-unicode-escapes': [ '7.29.7' ],
3056 silly audit   '@babel/plugin-transform-unicode-property-regex': [ '7.29.7' ],
3056 silly audit   '@babel/plugin-transform-unicode-regex': [ '7.29.7' ],
3056 silly audit   '@babel/plugin-transform-unicode-sets-regex': [ '7.29.7' ],
3056 silly audit   '@babel/preset-modules': [ '0.1.6-no-external-plugins' ],
3056 silly audit   'babel-plugin-polyfill-corejs2': [ '0.4.17' ],
3056 silly audit   'babel-plugin-polyfill-corejs3': [ '0.14.2', '0.13.0' ],
3056 silly audit   'babel-plugin-polyfill-regenerator': [ '0.6.8' ],
3056 silly audit   'core-js-compat': [ '3.49.0' ],
3056 silly audit   '@babel/helper-skip-transparent-expression-wrappers': [ '7.29.7' ],
3056 silly audit   '@babel/helper-create-regexp-features-plugin': [ '7.29.7' ],
3056 silly audit   '@babel/helper-annotate-as-pure': [ '7.29.7' ],
3056 silly audit   'regexpu-core': [ '6.4.0' ],
3056 silly audit   '@babel/helper-remap-async-to-generator': [ '7.29.7' ],
3056 silly audit   '@babel/helper-wrap-function': [ '7.29.7' ],
3056 silly audit   '@babel/helper-create-class-features-plugin': [ '7.29.7' ],
3056 silly audit   '@babel/helper-member-expression-to-functions': [ '7.29.7' ],
3056 silly audit   '@babel/helper-optimise-call-expression': [ '7.29.7' ],
3056 silly audit   '@babel/helper-replace-supers': [ '7.29.7' ],
3056 silly audit   '@babel/helper-globals': [ '7.29.7' ],
3056 silly audit   esutils: [ '2.0.3' ],
3056 silly audit   '@babel/helper-string-parser': [ '7.29.7' ],
3056 silly audit   '@jest/types': [ '29.6.3', '26.6.2' ],
3056 silly audit   '@jest/schemas': [ '29.6.3' ],
3056 silly audit   '@types/istanbul-lib-coverage': [ '2.0.6' ],
3056 silly audit   '@types/istanbul-reports': [ '3.0.4' ],
3056 silly audit   '@types/node': [ '25.9.2', '18.19.130' ],
3056 silly audit   '@types/yargs': [ '17.0.35', '15.0.20' ],
3056 silly audit   '@sinclair/typebox': [ '0.27.10' ],
3056 silly audit   '@jridgewell/sourcemap-codec': [ '1.5.5' ],
3056 silly audit   '@jridgewell/resolve-uri': [ '3.1.2' ],
3056 silly audit   '@react-native-community/cli-clean': [ '13.6.9' ],
3056 silly audit   '@react-native-community/cli-config': [ '13.6.9' ],
3056 silly audit   '@react-native-community/cli-debugger-ui': [ '13.6.9' ],
3056 silly audit   '@react-native-community/cli-doctor': [ '13.6.9' ],
3056 silly audit   '@react-native-community/cli-hermes': [ '13.6.9' ],
3056 silly audit   '@react-native-community/cli-server-api': [ '13.6.9' ],
3056 silly audit   '@react-native-community/cli-tools': [ '13.6.9' ],
3056 silly audit   '@react-native-community/cli-types': [ '13.6.9' ],
3056 silly audit   commander: [ '9.5.0', '2.20.3' ],
3056 silly audit   deepmerge: [ '4.3.1' ],
3056 silly audit   execa: [ '5.1.1' ],
3056 silly audit   'find-up': [ '4.1.0', '5.0.0', '3.0.0' ],
3056 silly audit   'fs-extra': [ '8.1.0' ],
3056 silly audit   'graceful-fs': [ '4.2.11' ],
3056 silly audit   prompts: [ '2.4.2' ],
3056 silly audit   'fast-glob': [ '3.3.3' ],
3056 silly audit   cosmiconfig: [ '5.2.1' ],
3056 silly audit   joi: [ '17.13.3' ],
3056 silly audit   'serve-static': [ '1.16.3' ],
3056 silly audit   '@react-native-community/cli-platform-apple': [ '13.6.9' ],
3056 silly audit   'command-exists': [ '1.2.9' ],
3056 silly audit   envinfo: [ '7.21.0' ],
3056 silly audit   'hermes-profile-transformer': [ '0.0.6' ],
3056 silly audit   'node-stream-zip': [ '1.15.0' ],
3056 silly audit   ora: [ '5.4.1' ],
3056 silly audit   'strip-ansi': [ '5.2.0', '6.0.1' ],
3056 silly audit   wcwidth: [ '1.0.1' ],
3056 silly audit   yaml: [ '2.9.0' ],
3056 silly audit   'fast-xml-parser': [ '4.5.6' ],
3056 silly audit   logkitty: [ '0.7.1' ],
3056 silly audit   compression: [ '1.8.1' ],
3056 silly audit   connect: [ '3.7.0' ],
3056 silly audit   errorhandler: [ '1.5.2' ],
3056 silly audit   nocache: [ '3.0.4' ],
3056 silly audit   appdirsjs: [ '1.2.7' ],
3056 silly audit   mime: [ '2.6.0', '1.6.0' ],
3056 silly audit   'node-fetch': [ '2.7.0' ],
3056 silly audit   open: [ '6.4.0', '7.4.2' ],
3056 silly audit   'shell-quote': [ '1.8.4' ],
3056 silly audit   'sudo-prompt': [ '9.2.1' ],
3056 silly audit   glob: [ '7.2.3' ],
3056 silly audit   'hermes-parser': [ '0.19.1', '0.23.1' ],
3056 silly audit   jscodeshift: [ '0.14.0' ],
3056 silly audit   '@react-native/dev-middleware': [ '0.74.87' ],
3056 silly audit   '@react-native/metro-babel-transformer': [ '0.74.87' ],
3056 silly audit   metro: [ '0.80.12' ],
3056 silly audit   'metro-config': [ '0.80.12' ],
3056 silly audit   'metro-core': [ '0.80.12' ],
3056 silly audit   querystring: [ '0.2.1' ],
3056 silly audit   readline: [ '1.3.0' ],
3056 silly audit   '@isaacs/ttlcache': [ '1.4.1' ],
3056 silly audit   '@react-native/debugger-frontend': [ '0.74.87' ],
3056 silly audit   '@rnx-kit/chromium-edge-launcher': [ '1.0.0' ],
3056 silly audit   'chrome-launcher': [ '0.15.2' ],
3056 silly audit   selfsigned: [ '2.4.1' ],
3056 silly audit   'temp-dir': [ '2.0.0' ],
3056 silly audit   '@react-native/babel-preset': [ '0.74.87' ],
3056 silly audit   '@babel/plugin-proposal-async-generator-functions': [ '7.20.7' ],
3056 silly audit   '@babel/plugin-proposal-class-properties': [ '7.18.6' ],
3056 silly audit   '@babel/plugin-proposal-export-default-from': [ '7.29.7' ],
3056 silly audit   '@babel/plugin-proposal-logical-assignment-operators': [ '7.20.7' ],
3056 silly audit   '@babel/plugin-proposal-nullish-coalescing-operator': [ '7.18.6' ],
3056 silly audit   '@babel/plugin-proposal-numeric-separator': [ '7.18.6' ],
3056 silly audit   '@babel/plugin-proposal-object-rest-spread': [ '7.20.7' ],
3056 silly audit   '@babel/plugin-proposal-optional-catch-binding': [ '7.18.6' ],
3056 silly audit   '@babel/plugin-proposal-optional-chaining': [ '7.21.0' ],
3056 silly audit   '@babel/plugin-syntax-dynamic-import': [ '7.8.3' ],
3056 silly audit   '@babel/plugin-syntax-export-default-from': [ '7.29.7' ],
3056 silly audit   '@babel/plugin-syntax-flow': [ '7.29.7' ],
3056 silly audit   '@babel/plugin-syntax-nullish-coalescing-operator': [ '7.8.3' ],
3056 silly audit   '@babel/plugin-syntax-optional-chaining': [ '7.8.3' ],
3056 silly audit   '@babel/plugin-transform-flow-strip-types': [ '7.29.7' ],
3056 silly audit   '@babel/plugin-transform-react-display-name': [ '7.29.7' ],
3056 silly audit   '@babel/plugin-transform-react-jsx': [ '7.29.7' ],
3056 silly audit   '@babel/plugin-transform-react-jsx-self': [ '7.29.7' ],
3056 silly audit   '@babel/plugin-transform-react-jsx-source': [ '7.29.7' ],
3056 silly audit   '@babel/plugin-transform-runtime': [ '7.29.7' ],
3056 silly audit   '@babel/plugin-transform-typescript': [ '7.29.7' ],
3056 silly audit   '@react-native/babel-plugin-codegen': [ '0.74.87' ],
3056 silly audit   'babel-plugin-transform-flow-enums': [ '0.0.2' ],
3056 silly audit   '@babel/helper-environment-visitor': [ '7.24.7' ],
3056 silly audit   '@babel/plugin-syntax-async-generators': [ '7.8.4' ],
3056 silly audit   '@babel/plugin-syntax-logical-assignment-operators': [ '7.10.4' ],
3056 silly audit   '@babel/plugin-syntax-numeric-separator': [ '7.10.4' ],
3056 silly audit   '@babel/plugin-syntax-object-rest-spread': [ '7.8.3' ],
3056 silly audit   '@babel/plugin-syntax-optional-catch-binding': [ '7.8.3' ],
3056 silly audit   '@babel/plugin-syntax-jsx': [ '7.29.7' ],
3056 silly audit   '@babel/plugin-syntax-typescript': [ '7.29.7' ],
3056 silly audit   'escape-string-regexp': [ '4.0.0', '2.0.0' ],
3056 silly audit   'is-wsl': [ '2.2.0', '1.1.0' ],
3056 silly audit   'lighthouse-logger': [ '1.4.2' ],
3056 silly audit   rimraf: [ '3.0.2', '2.6.3' ],
3056 silly audit   '@types/istanbul-lib-report': [ '3.0.3' ],
3056 silly audit   'undici-types': [ '7.24.6', '5.26.5' ],
3056 silly audit   '@types/yargs-parser': [ '21.0.3' ],
3056 silly audit   '@babel/helper-define-polyfill-provider': [ '0.6.8' ],
3056 silly audit   'lodash.debounce': [ '4.0.8' ],
3056 silly audit   resolve: [ '1.22.12' ],
3056 silly audit   'baseline-browser-mapping': [ '2.10.34' ],
3056 silly audit   'caniuse-lite': [ '1.0.30001797' ],
3056 silly audit   'electron-to-chromium': [ '1.5.368' ],
3056 silly audit   'node-releases': [ '2.0.47' ],
3056 silly audit   'update-browserslist-db': [ '1.2.3' ],
3056 silly audit   'ansi-styles': [ '4.3.0', '3.2.1', '5.2.0' ],
3056 silly audit   'supports-color': [ '7.2.0', '8.1.1' ],
3056 silly audit   'color-convert': [ '2.0.1', '1.9.3' ],
3056 silly audit   'color-name': [ '1.1.4', '1.1.3' ],
3056 silly audit   bytes: [ '3.1.2' ],
3056 silly audit   compressible: [ '2.0.18' ],
3056 silly audit   negotiator: [ '0.6.4', '0.6.3' ],
3056 silly audit   'on-headers': [ '1.1.0' ],
3056 silly audit   'safe-buffer': [ '5.2.1', '5.1.2' ],
3056 silly audit   vary: [ '1.1.2' ],
3056 silly audit   'mime-db': [ '1.54.0', '1.52.0' ],
3056 silly audit   finalhandler: [ '1.1.2' ],
3056 silly audit   parseurl: [ '1.3.3' ],
3056 silly audit   'utils-merge': [ '1.0.1' ],
3056 silly audit   'import-fresh': [ '2.0.0' ],
3056 silly audit   'is-directory': [ '0.3.1' ],
3056 silly audit   'js-yaml': [ '3.14.2' ],
3056 silly audit   'parse-json': [ '4.0.0' ],
3056 silly audit   ms: [ '2.1.3', '2.0.0' ],
3056 silly audit   accepts: [ '1.3.8' ],
3056 silly audit   'escape-html': [ '1.0.3' ],
3056 silly audit   'mime-types': [ '2.1.35' ],
3056 silly audit   'cross-spawn': [ '7.0.6' ],
3056 silly audit   'get-stream': [ '6.0.1' ],
3056 silly audit   'human-signals': [ '2.1.0' ],
3056 silly audit   'is-stream': [ '2.0.1' ],
3056 silly audit   'merge-stream': [ '2.0.0' ],
3056 silly audit   'npm-run-path': [ '4.0.1' ],
3056 silly audit   onetime: [ '5.1.2' ],
3056 silly audit   'signal-exit': [ '3.0.7' ],
3056 silly audit   'strip-final-newline': [ '2.0.0' ],
3056 silly audit   'path-key': [ '3.1.1' ],
3056 silly audit   'shebang-command': [ '2.0.0' ],
3056 silly audit   which: [ '2.0.2' ],
3056 silly audit   '@nodelib/fs.stat': [ '2.0.5' ],
3056 silly audit   '@nodelib/fs.walk': [ '1.2.8' ],
3056 silly audit   'glob-parent': [ '5.1.2' ],
3056 silly audit   merge2: [ '1.4.1' ],
3056 silly audit   micromatch: [ '4.0.8' ],
3056 silly audit   '@nodelib/fs.scandir': [ '2.1.5' ],
3056 silly audit   fastq: [ '1.20.1' ],
3056 silly audit   'run-parallel': [ '1.2.0' ],
3056 silly audit   strnum: [ '1.1.2' ],
3056 silly audit   reusify: [ '1.1.0' ],
3056 silly audit   encodeurl: [ '1.0.2', '2.0.0' ],
3056 silly audit   'on-finished': [ '2.3.0', '2.4.1' ],
3056 silly audit   statuses: [ '1.5.0', '2.0.2' ],
3056 silly audit   unpipe: [ '1.0.0' ],
3056 silly audit   'locate-path': [ '5.0.0', '6.0.0', '3.0.0' ],
3056 silly audit   'path-exists': [ '4.0.0', '3.0.0' ],
3056 silly audit   jsonfile: [ '4.0.0' ],
3056 silly audit   universalify: [ '0.1.2' ],
3056 silly audit   'fs.realpath': [ '1.0.0' ],
3056 silly audit   inflight: [ '1.0.6' ],
3056 silly audit   inherits: [ '2.0.4' ],
3056 silly audit   minimatch: [ '3.1.5' ],
3056 silly audit   once: [ '1.4.0' ],
3056 silly audit   'path-is-absolute': [ '1.0.1' ],
3056 silly audit   'is-glob': [ '4.0.3' ],
3056 silly audit   'hermes-estree': [ '0.19.1', '0.23.1' ],
3056 silly audit   'source-map': [ '0.7.6', '0.5.7', '0.6.1' ],
3056 silly audit   'caller-path': [ '2.0.0' ],
3056 silly audit   'resolve-from': [ '3.0.0' ],
3056 silly audit   'caller-callsite': [ '2.0.0' ],
3056 silly audit   callsites: [ '2.0.0' ],
3056 silly audit   wrappy: [ '1.0.2' ],
3056 silly audit   'is-extglob': [ '2.1.1' ],
3056 silly audit   'is-docker': [ '2.2.1' ],
3056 silly audit   '@jest/environment': [ '29.7.0' ],
3056 silly audit   '@jest/fake-timers': [ '29.7.0' ],
3056 silly audit   'jest-mock': [ '29.7.0' ],
3056 silly audit   'jest-util': [ '29.7.0' ],
3056 silly audit   '@sinonjs/fake-timers': [ '10.3.0' ],
3056 silly audit   'jest-message-util': [ '29.7.0' ],
3056 silly audit   '@sinonjs/commons': [ '3.0.1' ],
3056 silly audit   'type-detect': [ '4.0.8' ],
3056 silly audit   '@types/stack-utils': [ '2.0.3' ],
3056 silly audit   slash: [ '3.0.0' ],
3056 silly audit   'stack-utils': [ '2.0.6' ],
3056 silly audit   'ci-info': [ '3.9.0', '2.0.0' ],
3056 silly audit   picomatch: [ '2.3.2' ],
3056 silly audit   '@hapi/hoek': [ '9.3.0' ],
3056 silly audit   '@hapi/topo': [ '5.1.0' ],
3056 silly audit   '@sideway/address': [ '4.1.5' ],
3056 silly audit   '@sideway/formula': [ '3.0.1' ],
3056 silly audit   '@sideway/pinpoint': [ '2.0.0' ],
3056 silly audit   argparse: [ '1.0.10' ],
3056 silly audit   esprima: [ '4.0.1' ],
3056 silly audit   'sprintf-js': [ '1.0.3' ],
3056 silly audit   '@babel/preset-flow': [ '7.29.7' ],
3056 silly audit   '@babel/preset-typescript': [ '7.29.7' ],
3056 silly audit   '@babel/register': [ '7.29.7' ],
3056 silly audit   'babel-core': [ '7.0.0-bridge.0' ],
3056 silly audit   'flow-parser': [ '0.317.0' ],
3056 silly audit   'neo-async': [ '2.6.2' ],
3056 silly audit   'node-dir': [ '0.1.17' ],
3056 silly audit   recast: [ '0.21.5' ],
3056 silly audit   temp: [ '0.8.4' ],
3056 silly audit   'write-file-atomic': [ '2.4.3' ],
3056 silly audit   'clone-deep': [ '4.0.1' ],
3056 silly audit   'find-cache-dir': [ '2.1.0' ],
3056 silly audit   'make-dir': [ '2.1.0' ],
3056 silly audit   pirates: [ '4.0.7' ],
3056 silly audit   'source-map-support': [ '0.5.21' ],
3056 silly audit   'is-plain-object': [ '2.0.4' ],
3056 silly audit   'kind-of': [ '6.0.3' ],
3056 silly audit   'shallow-clone': [ '3.0.1' ],
3056 silly audit   commondir: [ '1.0.1' ],
3056 silly audit   'pkg-dir': [ '3.0.0' ],
3056 silly audit   isobject: [ '3.0.1' ],
3056 silly audit   marky: [ '1.3.0' ],
3056 silly audit   'p-locate': [ '4.1.0', '5.0.0', '3.0.0' ],
3056 silly audit   'ansi-fragments': [ '0.2.1' ],
3056 silly audit   dayjs: [ '1.11.21' ],
3056 silly audit   colorette: [ '1.4.0' ],
3056 silly audit   'slice-ansi': [ '2.1.0' ],
3056 silly audit   yallist: [ '3.1.1' ],
3056 silly audit   pify: [ '4.0.1' ],
3056 silly audit   denodeify: [ '1.2.1' ],
3056 silly audit   'error-stack-parser': [ '2.1.4' ],
3056 silly audit   'image-size': [ '1.2.1' ],
3056 silly audit   'jest-worker': [ '29.7.0' ],
3056 silly audit   'jsc-safe-url': [ '0.2.4' ],
3056 silly audit   'lodash.throttle': [ '4.1.1' ],
3056 silly audit   'metro-babel-transformer': [ '0.80.12' ],
3056 silly audit   'metro-cache': [ '0.80.12' ],
3056 silly audit   'metro-cache-key': [ '0.80.12' ],
3056 silly audit   'metro-file-map': [ '0.80.12' ],
3056 silly audit   'metro-resolver': [ '0.80.12' ],
3056 silly audit   'metro-symbolicate': [ '0.80.12' ],
3056 silly audit   'metro-transform-plugins': [ '0.80.12' ],
3056 silly audit   'metro-transform-worker': [ '0.80.12' ],
3056 silly audit   'serialize-error': [ '2.1.0' ],
3056 silly audit   throat: [ '5.0.0' ],
3056 silly audit   stackframe: [ '1.3.4' ],
3056 silly audit   queue: [ '6.0.2' ],
3056 silly audit   'exponential-backoff': [ '3.1.3' ],
3056 silly audit   'jest-validate': [ '29.7.0' ],
3056 silly audit   camelcase: [ '6.3.0', '5.3.1' ],
3056 silly audit   'jest-get-type': [ '29.6.3' ],
3056 silly audit   leven: [ '3.1.0' ],
3056 silly audit   anymatch: [ '3.1.3' ],
3056 silly audit   'fb-watchman': [ '2.0.2' ],
3056 silly audit   fsevents: [ '2.3.3' ],
3056 silly audit   'node-abort-controller': [ '3.1.1' ],
3056 silly audit   walker: [ '1.0.8' ],
3056 silly audit   'normalize-path': [ '3.0.0' ],
3056 silly audit   bser: [ '2.1.1' ],
3056 silly audit   'node-int64': [ '0.4.0' ],
3056 silly audit   '@babel/runtime': [ '7.29.7' ],
3056 silly audit   ob1: [ '0.80.12' ],
3056 silly audit   vlq: [ '1.0.1' ],
3056 silly audit   through2: [ '2.0.5' ],
3056 silly audit   'metro-minify-terser': [ '0.80.12' ],
3056 silly audit   terser: [ '5.48.0' ],
3056 silly audit   braces: [ '3.0.3' ],
3056 silly audit   'fill-range': [ '7.1.1' ],
3056 silly audit   'to-regex-range': [ '5.0.1' ],
3056 silly audit   'brace-expansion': [ '1.1.15' ],
3056 silly audit   'balanced-match': [ '1.0.2' ],
3056 silly audit   'concat-map': [ '0.0.1' ],
3056 silly audit   minimist: [ '1.2.8' ],
3056 silly audit   'whatwg-url': [ '5.0.0' ],
3056 silly audit   'ee-first': [ '1.1.1' ],
3056 silly audit   'mimic-fn': [ '2.1.0' ],
3056 silly audit   bl: [ '4.1.0' ],
3056 silly audit   'cli-cursor': [ '3.1.0' ],
3056 silly audit   'cli-spinners': [ '2.9.2' ],
3056 silly audit   'is-interactive': [ '1.0.0' ],
3056 silly audit   'is-unicode-supported': [ '0.1.0' ],
3056 silly audit   'log-symbols': [ '4.1.0' ],
3056 silly audit   buffer: [ '5.7.1' ],
3056 silly audit   'readable-stream': [ '3.6.2', '2.3.8' ],
3056 silly audit   ieee754: [ '1.2.1' ],
3056 silly audit   'restore-cursor': [ '3.1.0' ],
3056 silly audit   'p-limit': [ '2.3.0', '3.1.0' ],
3056 silly audit   'p-try': [ '2.2.0' ],
3056 silly audit   'error-ex': [ '1.3.4' ],
3056 silly audit   'json-parse-better-errors': [ '1.0.2' ],
3056 silly audit   'is-arrayish': [ '0.2.1' ],
3056 silly audit   'react-is': [ '17.0.2', '18.3.1' ],
3056 silly audit   asap: [ '2.0.6' ],
3056 silly audit   kleur: [ '3.0.3' ],
3056 silly audit   sisteransi: [ '1.0.5' ],
3056 silly audit   'object-assign': [ '4.1.1' ],
3056 silly audit   string_decoder: [ '1.3.0', '1.1.1' ],
3056 silly audit   'util-deprecate': [ '1.0.2' ],
3056 silly audit   'ast-types': [ '0.15.2' ],
3056 silly audit   tslib: [ '2.8.1' ],
3056 silly audit   regenerate: [ '1.4.2' ],
3056 silly audit   'regenerate-unicode-properties': [ '10.2.2' ],
3056 silly audit   regjsgen: [ '0.8.0' ],
3056 silly audit   regjsparser: [ '0.13.1' ],
3056 silly audit   'unicode-match-property-ecmascript': [ '2.0.0' ],
3056 silly audit   'unicode-match-property-value-ecmascript': [ '2.2.1' ],
3056 silly audit   'es-errors': [ '1.3.0' ],
3056 silly audit   'is-core-module': [ '2.16.2' ],
3056 silly audit   'path-parse': [ '1.0.7' ],
3056 silly audit   'supports-preserve-symlinks-flag': [ '1.0.0' ],
3056 silly audit   hasown: [ '2.0.4' ],
3056 silly audit   'function-bind': [ '1.1.2' ],
3056 silly audit   'queue-microtask': [ '1.2.3' ],
3056 silly audit   '@types/node-forge': [ '1.3.14' ],
3056 silly audit   'node-forge': [ '1.4.0' ],
3056 silly audit   send: [ '0.19.2' ],
3056 silly audit   depd: [ '2.0.0' ],
3056 silly audit   destroy: [ '1.2.0' ],
3056 silly audit   etag: [ '1.8.1' ],
3056 silly audit   fresh: [ '0.5.2' ],
3056 silly audit   'http-errors': [ '2.0.1' ],
3056 silly audit   'range-parser': [ '1.2.1' ],
3056 silly audit   setprototypeof: [ '1.2.0' ],
3056 silly audit   toidentifier: [ '1.0.1' ],
3056 silly audit   'shebang-regex': [ '3.0.0' ],
3056 silly audit   'astral-regex': [ '1.0.0' ],
3056 silly audit   'is-fullwidth-code-point': [ '2.0.0', '3.0.0' ],
3056 silly audit   'buffer-from': [ '1.1.2' ],
3056 silly audit   'type-fest': [ '0.7.1' ],
3056 silly audit   'has-flag': [ '4.0.0' ],
3056 silly audit   '@jridgewell/source-map': [ '0.3.11' ],
3056 silly audit   acorn: [ '8.16.0' ],
3056 silly audit   xtend: [ '4.0.2' ],
3056 silly audit   'is-number': [ '7.0.0' ],
3056 silly audit   'unicode-canonical-property-names-ecmascript': [ '2.0.1' ],
3056 silly audit   'unicode-property-aliases-ecmascript': [ '2.2.0' ],
3056 silly audit   escalade: [ '3.2.0' ],
3056 silly audit   makeerror: [ '1.0.12' ],
3056 silly audit   tmpl: [ '1.0.5' ],
3056 silly audit   defaults: [ '1.0.4' ],
3056 silly audit   clone: [ '1.0.4' ],
3056 silly audit   tr46: [ '0.0.3' ],
3056 silly audit   'webidl-conversions': [ '3.0.1' ],
3056 silly audit   isexe: [ '2.0.0' ],
3056 silly audit   imurmurhash: [ '0.1.4' ],
3056 silly audit   'async-limiter': [ '1.0.1' ],
3056 silly audit   cliui: [ '8.0.1', '6.0.0' ],
3056 silly audit   'get-caller-file': [ '2.0.5' ],
3056 silly audit   'require-directory': [ '2.1.1' ],
3056 silly audit   'string-width': [ '4.2.3' ],
3056 silly audit   y18n: [ '5.0.8', '4.0.3' ],
3056 silly audit   'yargs-parser': [ '21.1.1', '18.1.3' ],
3056 silly audit   'wrap-ansi': [ '7.0.0', '6.2.0' ],
3056 silly audit   'emoji-regex': [ '8.0.0' ],
3056 silly audit   'yocto-queue': [ '0.1.0' ],
3056 silly audit   decamelize: [ '1.2.0' ],
3056 silly audit   'require-main-filename': [ '2.0.0' ],
3056 silly audit   'set-blocking': [ '2.0.0' ],
3056 silly audit   'which-module': [ '2.0.1' ],
3056 silly audit   'core-util-is': [ '1.0.3' ],
3056 silly audit   isarray: [ '1.0.0' ],
3056 silly audit   'process-nextick-args': [ '2.0.1' ]
3056 silly audit }
3057 http cache isarray@https://registry.npmjs.org/isarray/-/isarray-1.0.0.tgz 0ms (cache hit)
3058 http cache process-nextick-args@https://registry.npmjs.org/process-nextick-args/-/process-nextick-args-2.0.1.tgz 0ms (cache hit)
3059 http cache core-util-is@https://registry.npmjs.org/core-util-is/-/core-util-is-1.0.3.tgz 0ms (cache hit)
3060 http cache set-blocking@https://registry.npmjs.org/set-blocking/-/set-blocking-2.0.0.tgz 0ms (cache hit)
3061 http cache decamelize@https://registry.npmjs.org/decamelize/-/decamelize-1.2.0.tgz 0ms (cache hit)
3062 http cache require-main-filename@https://registry.npmjs.org/require-main-filename/-/require-main-filename-2.0.0.tgz 0ms (cache hit)
3063 http cache emoji-regex@https://registry.npmjs.org/emoji-regex/-/emoji-regex-8.0.0.tgz 0ms (cache hit)
3064 http cache which-module@https://registry.npmjs.org/which-module/-/which-module-2.0.1.tgz 0ms (cache hit)
3065 http cache wrap-ansi@https://registry.npmjs.org/wrap-ansi/-/wrap-ansi-7.0.0.tgz 0ms (cache hit)
3066 http cache yargs-parser@https://registry.npmjs.org/yargs-parser/-/yargs-parser-21.1.1.tgz 0ms (cache hit)
3067 http cache yocto-queue@https://registry.npmjs.org/yocto-queue/-/yocto-queue-0.1.0.tgz 0ms (cache hit)
3068 http cache y18n@https://registry.npmjs.org/y18n/-/y18n-5.0.8.tgz 0ms (cache hit)
3069 http cache string-width@https://registry.npmjs.org/string-width/-/string-width-4.2.3.tgz 0ms (cache hit)
3070 http cache require-directory@https://registry.npmjs.org/require-directory/-/require-directory-2.1.1.tgz 0ms (cache hit)
3071 http cache get-caller-file@https://registry.npmjs.org/get-caller-file/-/get-caller-file-2.0.5.tgz 0ms (cache hit)
3072 http cache cliui@https://registry.npmjs.org/cliui/-/cliui-8.0.1.tgz 0ms (cache hit)
3073 http cache async-limiter@https://registry.npmjs.org/async-limiter/-/async-limiter-1.0.1.tgz 0ms (cache hit)
3074 http cache imurmurhash@https://registry.npmjs.org/imurmurhash/-/imurmurhash-0.1.4.tgz 0ms (cache hit)
3075 http cache webidl-conversions@https://registry.npmjs.org/webidl-conversions/-/webidl-conversions-3.0.1.tgz 0ms (cache hit)
3076 http cache tr46@https://registry.npmjs.org/tr46/-/tr46-0.0.3.tgz 0ms (cache hit)
3077 http cache clone@https://registry.npmjs.org/clone/-/clone-1.0.4.tgz 0ms (cache hit)
3078 http cache defaults@https://registry.npmjs.org/defaults/-/defaults-1.0.4.tgz 0ms (cache hit)
3079 http cache isexe@https://registry.npmjs.org/isexe/-/isexe-2.0.0.tgz 0ms (cache hit)
3080 http cache makeerror@https://registry.npmjs.org/makeerror/-/makeerror-1.0.12.tgz 0ms (cache hit)
3081 http cache escalade@https://registry.npmjs.org/escalade/-/escalade-3.2.0.tgz 0ms (cache hit)
3082 http cache tmpl@https://registry.npmjs.org/tmpl/-/tmpl-1.0.5.tgz 0ms (cache hit)
3083 http cache unicode-property-aliases-ecmascript@https://registry.npmjs.org/unicode-property-aliases-ecmascript/-/unicode-property-aliases-ecmascript-2.2.0.tgz 0ms (cache hit)
3084 http cache unicode-canonical-property-names-ecmascript@https://registry.npmjs.org/unicode-canonical-property-names-ecmascript/-/unicode-canonical-property-names-ecmascript-2.0.1.tgz 0ms (cache hit)
3085 http cache is-number@https://registry.npmjs.org/is-number/-/is-number-7.0.0.tgz 0ms (cache hit)
3086 http cache xtend@https://registry.npmjs.org/xtend/-/xtend-4.0.2.tgz 0ms (cache hit)
3087 http cache acorn@https://registry.npmjs.org/acorn/-/acorn-8.16.0.tgz 0ms (cache hit)
3088 http cache has-flag@https://registry.npmjs.org/has-flag/-/has-flag-4.0.0.tgz 0ms (cache hit)
3089 http cache @jridgewell/source-map@https://registry.npmjs.org/@jridgewell/source-map/-/source-map-0.3.11.tgz 0ms (cache hit)
3090 http cache buffer-from@https://registry.npmjs.org/buffer-from/-/buffer-from-1.1.2.tgz 0ms (cache hit)
3091 http cache is-fullwidth-code-point@https://registry.npmjs.org/is-fullwidth-code-point/-/is-fullwidth-code-point-2.0.0.tgz 0ms (cache hit)
3092 http cache astral-regex@https://registry.npmjs.org/astral-regex/-/astral-regex-1.0.0.tgz 0ms (cache hit)
3093 http cache type-fest@https://registry.npmjs.org/type-fest/-/type-fest-0.7.1.tgz 0ms (cache hit)
3094 http cache shebang-regex@https://registry.npmjs.org/shebang-regex/-/shebang-regex-3.0.0.tgz 0ms (cache hit)
3095 http cache setprototypeof@https://registry.npmjs.org/setprototypeof/-/setprototypeof-1.2.0.tgz 0ms (cache hit)
3096 http cache toidentifier@https://registry.npmjs.org/toidentifier/-/toidentifier-1.0.1.tgz 0ms (cache hit)
3097 http cache range-parser@https://registry.npmjs.org/range-parser/-/range-parser-1.2.1.tgz 0ms (cache hit)
3098 http cache http-errors@https://registry.npmjs.org/http-errors/-/http-errors-2.0.1.tgz 0ms (cache hit)
3099 http cache fresh@https://registry.npmjs.org/fresh/-/fresh-0.5.2.tgz 0ms (cache hit)
3100 http cache etag@https://registry.npmjs.org/etag/-/etag-1.8.1.tgz 0ms (cache hit)
3101 http cache depd@https://registry.npmjs.org/depd/-/depd-2.0.0.tgz 0ms (cache hit)
3102 http cache destroy@https://registry.npmjs.org/destroy/-/destroy-1.2.0.tgz 0ms (cache hit)
3103 http cache send@https://registry.npmjs.org/send/-/send-0.19.2.tgz 0ms (cache hit)
3104 http cache node-forge@https://registry.npmjs.org/node-forge/-/node-forge-1.4.0.tgz 0ms (cache hit)
3105 http cache @types/node-forge@https://registry.npmjs.org/@types/node-forge/-/node-forge-1.3.14.tgz 0ms (cache hit)
3106 http cache queue-microtask@https://registry.npmjs.org/queue-microtask/-/queue-microtask-1.2.3.tgz 0ms (cache hit)
3107 http cache hasown@https://registry.npmjs.org/hasown/-/hasown-2.0.4.tgz 0ms (cache hit)
3108 http cache supports-preserve-symlinks-flag@https://registry.npmjs.org/supports-preserve-symlinks-flag/-/supports-preserve-symlinks-flag-1.0.0.tgz 0ms (cache hit)
3109 http cache function-bind@https://registry.npmjs.org/function-bind/-/function-bind-1.1.2.tgz 0ms (cache hit)
3110 http cache path-parse@https://registry.npmjs.org/path-parse/-/path-parse-1.0.7.tgz 0ms (cache hit)
3111 http cache es-errors@https://registry.npmjs.org/es-errors/-/es-errors-1.3.0.tgz 0ms (cache hit)
3112 http cache is-core-module@https://registry.npmjs.org/is-core-module/-/is-core-module-2.16.2.tgz 0ms (cache hit)
3113 http cache unicode-match-property-ecmascript@https://registry.npmjs.org/unicode-match-property-ecmascript/-/unicode-match-property-ecmascript-2.0.0.tgz 0ms (cache hit)
3114 http cache regjsparser@https://registry.npmjs.org/regjsparser/-/regjsparser-0.13.1.tgz 0ms (cache hit)
3115 http cache regjsgen@https://registry.npmjs.org/regjsgen/-/regjsgen-0.8.0.tgz 0ms (cache hit)
3116 http cache regenerate-unicode-properties@https://registry.npmjs.org/regenerate-unicode-properties/-/regenerate-unicode-properties-10.2.2.tgz 0ms (cache hit)
3117 http cache regenerate@https://registry.npmjs.org/regenerate/-/regenerate-1.4.2.tgz 0ms (cache hit)
3118 http cache unicode-match-property-value-ecmascript@https://registry.npmjs.org/unicode-match-property-value-ecmascript/-/unicode-match-property-value-ecmascript-2.2.1.tgz 0ms (cache hit)
3119 http cache tslib@https://registry.npmjs.org/tslib/-/tslib-2.8.1.tgz 0ms (cache hit)
3120 http cache ast-types@https://registry.npmjs.org/ast-types/-/ast-types-0.15.2.tgz 0ms (cache hit)
3121 http cache util-deprecate@https://registry.npmjs.org/util-deprecate/-/util-deprecate-1.0.2.tgz 0ms (cache hit)
3122 http cache string_decoder@https://registry.npmjs.org/string_decoder/-/string_decoder-1.3.0.tgz 0ms (cache hit)
3123 http cache object-assign@https://registry.npmjs.org/object-assign/-/object-assign-4.1.1.tgz 0ms (cache hit)
3124 http cache kleur@https://registry.npmjs.org/kleur/-/kleur-3.0.3.tgz 0ms (cache hit)
3125 http cache sisteransi@https://registry.npmjs.org/sisteransi/-/sisteransi-1.0.5.tgz 0ms (cache hit)
3126 http cache react-is@https://registry.npmjs.org/react-is/-/react-is-17.0.2.tgz 0ms (cache hit)
3127 http cache asap@https://registry.npmjs.org/asap/-/asap-2.0.6.tgz 0ms (cache hit)
3128 http cache is-arrayish@https://registry.npmjs.org/is-arrayish/-/is-arrayish-0.2.1.tgz 0ms (cache hit)
3129 http cache json-parse-better-errors@https://registry.npmjs.org/json-parse-better-errors/-/json-parse-better-errors-1.0.2.tgz 0ms (cache hit)
3130 http cache error-ex@https://registry.npmjs.org/error-ex/-/error-ex-1.3.4.tgz 0ms (cache hit)
3131 http cache p-limit@https://registry.npmjs.org/p-limit/-/p-limit-2.3.0.tgz 0ms (cache hit)
3132 http cache p-try@https://registry.npmjs.org/p-try/-/p-try-2.2.0.tgz 0ms (cache hit)
3133 http cache restore-cursor@https://registry.npmjs.org/restore-cursor/-/restore-cursor-3.1.0.tgz 0ms (cache hit)
3134 http cache ieee754@https://registry.npmjs.org/ieee754/-/ieee754-1.2.1.tgz 0ms (cache hit)
3135 http cache buffer@https://registry.npmjs.org/buffer/-/buffer-5.7.1.tgz 0ms (cache hit)
3136 http cache is-unicode-supported@https://registry.npmjs.org/is-unicode-supported/-/is-unicode-supported-0.1.0.tgz 0ms (cache hit)
3137 http cache readable-stream@https://registry.npmjs.org/readable-stream/-/readable-stream-3.6.2.tgz 0ms (cache hit)
3138 http cache log-symbols@https://registry.npmjs.org/log-symbols/-/log-symbols-4.1.0.tgz 0ms (cache hit)
3139 http cache is-interactive@https://registry.npmjs.org/is-interactive/-/is-interactive-1.0.0.tgz 0ms (cache hit)
3140 http cache cli-spinners@https://registry.npmjs.org/cli-spinners/-/cli-spinners-2.9.2.tgz 0ms (cache hit)
3141 http cache bl@https://registry.npmjs.org/bl/-/bl-4.1.0.tgz 0ms (cache hit)
3142 http cache cli-cursor@https://registry.npmjs.org/cli-cursor/-/cli-cursor-3.1.0.tgz 0ms (cache hit)
3143 http cache mimic-fn@https://registry.npmjs.org/mimic-fn/-/mimic-fn-2.1.0.tgz 0ms (cache hit)
3144 http cache minimist@https://registry.npmjs.org/minimist/-/minimist-1.2.8.tgz 0ms (cache hit)
3145 http cache ee-first@https://registry.npmjs.org/ee-first/-/ee-first-1.1.1.tgz 0ms (cache hit)
3146 http cache whatwg-url@https://registry.npmjs.org/whatwg-url/-/whatwg-url-5.0.0.tgz 0ms (cache hit)
3147 http cache concat-map@https://registry.npmjs.org/concat-map/-/concat-map-0.0.1.tgz 0ms (cache hit)
3148 http cache brace-expansion@https://registry.npmjs.org/brace-expansion/-/brace-expansion-1.1.15.tgz 0ms (cache hit)
3149 http cache fill-range@https://registry.npmjs.org/fill-range/-/fill-range-7.1.1.tgz 0ms (cache hit)
3150 http cache balanced-match@https://registry.npmjs.org/balanced-match/-/balanced-match-1.0.2.tgz 0ms (cache hit)
3151 http cache braces@https://registry.npmjs.org/braces/-/braces-3.0.3.tgz 0ms (cache hit)
3152 http cache to-regex-range@https://registry.npmjs.org/to-regex-range/-/to-regex-range-5.0.1.tgz 0ms (cache hit)
3153 http cache terser@https://registry.npmjs.org/terser/-/terser-5.48.0.tgz 0ms (cache hit)
3154 http cache metro-minify-terser@https://registry.npmjs.org/metro-minify-terser/-/metro-minify-terser-0.80.12.tgz 0ms (cache hit)
3155 http cache ob1@https://registry.npmjs.org/ob1/-/ob1-0.80.12.tgz 0ms (cache hit)
3156 http cache vlq@https://registry.npmjs.org/vlq/-/vlq-1.0.1.tgz 0ms (cache hit)
3157 http cache through2@https://registry.npmjs.org/through2/-/through2-2.0.5.tgz 0ms (cache hit)
3158 http cache node-int64@https://registry.npmjs.org/node-int64/-/node-int64-0.4.0.tgz 0ms (cache hit)
3159 http cache @babel/runtime@https://registry.npmjs.org/@babel/runtime/-/runtime-7.29.7.tgz 0ms (cache hit)
3160 http cache normalize-path@https://registry.npmjs.org/normalize-path/-/normalize-path-3.0.0.tgz 0ms (cache hit)
3161 http cache walker@https://registry.npmjs.org/walker/-/walker-1.0.8.tgz 0ms (cache hit)
3162 http cache node-abort-controller@https://registry.npmjs.org/node-abort-controller/-/node-abort-controller-3.1.1.tgz 0ms (cache hit)
3163 http cache bser@https://registry.npmjs.org/bser/-/bser-2.1.1.tgz 0ms (cache hit)
3164 http cache fb-watchman@https://registry.npmjs.org/fb-watchman/-/fb-watchman-2.0.2.tgz 0ms (cache hit)
3165 http cache fsevents@https://registry.npmjs.org/fsevents/-/fsevents-2.3.3.tgz 0ms (cache hit)
3166 http cache jest-get-type@https://registry.npmjs.org/jest-get-type/-/jest-get-type-29.6.3.tgz 0ms (cache hit)
3167 http cache leven@https://registry.npmjs.org/leven/-/leven-3.1.0.tgz 0ms (cache hit)
3168 http cache anymatch@https://registry.npmjs.org/anymatch/-/anymatch-3.1.3.tgz 0ms (cache hit)
3169 http cache jest-validate@https://registry.npmjs.org/jest-validate/-/jest-validate-29.7.0.tgz 0ms (cache hit)
3170 http cache camelcase@https://registry.npmjs.org/camelcase/-/camelcase-6.3.0.tgz 0ms (cache hit)
3171 http cache exponential-backoff@https://registry.npmjs.org/exponential-backoff/-/exponential-backoff-3.1.3.tgz 0ms (cache hit)
3172 http cache queue@https://registry.npmjs.org/queue/-/queue-6.0.2.tgz 0ms (cache hit)
3173 http cache stackframe@https://registry.npmjs.org/stackframe/-/stackframe-1.3.4.tgz 0ms (cache hit)
3174 http cache serialize-error@https://registry.npmjs.org/serialize-error/-/serialize-error-2.1.0.tgz 0ms (cache hit)
3175 http cache throat@https://registry.npmjs.org/throat/-/throat-5.0.0.tgz 0ms (cache hit)
3176 http cache metro-transform-plugins@https://registry.npmjs.org/metro-transform-plugins/-/metro-transform-plugins-0.80.12.tgz 0ms (cache hit)
3177 http cache metro-transform-worker@https://registry.npmjs.org/metro-transform-worker/-/metro-transform-worker-0.80.12.tgz 0ms (cache hit)
3178 http cache metro-symbolicate@https://registry.npmjs.org/metro-symbolicate/-/metro-symbolicate-0.80.12.tgz 0ms (cache hit)
3179 http cache metro-resolver@https://registry.npmjs.org/metro-resolver/-/metro-resolver-0.80.12.tgz 0ms (cache hit)
3180 http cache metro-cache@https://registry.npmjs.org/metro-cache/-/metro-cache-0.80.12.tgz 0ms (cache hit)
3181 http cache metro-cache-key@https://registry.npmjs.org/metro-cache-key/-/metro-cache-key-0.80.12.tgz 0ms (cache hit)
3182 http cache metro-babel-transformer@https://registry.npmjs.org/metro-babel-transformer/-/metro-babel-transformer-0.80.12.tgz 0ms (cache hit)
3183 http cache metro-file-map@https://registry.npmjs.org/metro-file-map/-/metro-file-map-0.80.12.tgz 0ms (cache hit)
3184 http cache lodash.throttle@https://registry.npmjs.org/lodash.throttle/-/lodash.throttle-4.1.1.tgz 0ms (cache hit)
3185 http cache jsc-safe-url@https://registry.npmjs.org/jsc-safe-url/-/jsc-safe-url-0.2.4.tgz 0ms (cache hit)
3186 http cache jest-worker@https://registry.npmjs.org/jest-worker/-/jest-worker-29.7.0.tgz 0ms (cache hit)
3187 http cache image-size@https://registry.npmjs.org/image-size/-/image-size-1.2.1.tgz 0ms (cache hit)
3188 http cache error-stack-parser@https://registry.npmjs.org/error-stack-parser/-/error-stack-parser-2.1.4.tgz 0ms (cache hit)
3189 http cache denodeify@https://registry.npmjs.org/denodeify/-/denodeify-1.2.1.tgz 0ms (cache hit)
3190 http cache pify@https://registry.npmjs.org/pify/-/pify-4.0.1.tgz 0ms (cache hit)
3191 http cache yallist@https://registry.npmjs.org/yallist/-/yallist-3.1.1.tgz 0ms (cache hit)
3192 http cache slice-ansi@https://registry.npmjs.org/slice-ansi/-/slice-ansi-2.1.0.tgz 0ms (cache hit)
3193 http cache colorette@https://registry.npmjs.org/colorette/-/colorette-1.4.0.tgz 0ms (cache hit)
3194 http cache ansi-fragments@https://registry.npmjs.org/ansi-fragments/-/ansi-fragments-0.2.1.tgz 0ms (cache hit)
3195 http cache p-locate@https://registry.npmjs.org/p-locate/-/p-locate-4.1.0.tgz 0ms (cache hit)
3196 http cache dayjs@https://registry.npmjs.org/dayjs/-/dayjs-1.11.21.tgz 0ms (cache hit)
3197 http cache isobject@https://registry.npmjs.org/isobject/-/isobject-3.0.1.tgz 0ms (cache hit)
3198 http cache pkg-dir@https://registry.npmjs.org/pkg-dir/-/pkg-dir-3.0.0.tgz 0ms (cache hit)
3199 http cache commondir@https://registry.npmjs.org/commondir/-/commondir-1.0.1.tgz 0ms (cache hit)
3200 http cache marky@https://registry.npmjs.org/marky/-/marky-1.3.0.tgz 0ms (cache hit)
3201 http cache kind-of@https://registry.npmjs.org/kind-of/-/kind-of-6.0.3.tgz 0ms (cache hit)
3202 http cache is-plain-object@https://registry.npmjs.org/is-plain-object/-/is-plain-object-2.0.4.tgz 0ms (cache hit)
3203 http cache source-map-support@https://registry.npmjs.org/source-map-support/-/source-map-support-0.5.21.tgz 0ms (cache hit)
3204 http cache pirates@https://registry.npmjs.org/pirates/-/pirates-4.0.7.tgz 0ms (cache hit)
3205 http cache shallow-clone@https://registry.npmjs.org/shallow-clone/-/shallow-clone-3.0.1.tgz 0ms (cache hit)
3206 http cache make-dir@https://registry.npmjs.org/make-dir/-/make-dir-2.1.0.tgz 0ms (cache hit)
3207 http cache find-cache-dir@https://registry.npmjs.org/find-cache-dir/-/find-cache-dir-2.1.0.tgz 0ms (cache hit)
3208 http cache temp@https://registry.npmjs.org/temp/-/temp-0.8.4.tgz 1ms (cache hit)
3209 http cache clone-deep@https://registry.npmjs.org/clone-deep/-/clone-deep-4.0.1.tgz 0ms (cache hit)
3210 http cache write-file-atomic@https://registry.npmjs.org/write-file-atomic/-/write-file-atomic-2.4.3.tgz 0ms (cache hit)
3211 http cache recast@https://registry.npmjs.org/recast/-/recast-0.21.5.tgz 0ms (cache hit)
3212 http cache node-dir@https://registry.npmjs.org/node-dir/-/node-dir-0.1.17.tgz 0ms (cache hit)
3213 http cache neo-async@https://registry.npmjs.org/neo-async/-/neo-async-2.6.2.tgz 0ms (cache hit)
3214 http cache flow-parser@https://registry.npmjs.org/flow-parser/-/flow-parser-0.317.0.tgz 0ms (cache hit)
3215 http cache babel-core@https://registry.npmjs.org/babel-core/-/babel-core-7.0.0-bridge.0.tgz 0ms (cache hit)
3216 http cache @babel/register@https://registry.npmjs.org/@babel/register/-/register-7.29.7.tgz 0ms (cache hit)
3217 http cache @babel/preset-typescript@https://registry.npmjs.org/@babel/preset-typescript/-/preset-typescript-7.29.7.tgz 0ms (cache hit)
3218 http cache @babel/preset-flow@https://registry.npmjs.org/@babel/preset-flow/-/preset-flow-7.29.7.tgz 0ms (cache hit)
3219 http cache esprima@https://registry.npmjs.org/esprima/-/esprima-4.0.1.tgz 0ms (cache hit)
3220 http cache argparse@https://registry.npmjs.org/argparse/-/argparse-1.0.10.tgz 0ms (cache hit)
3221 http cache sprintf-js@https://registry.npmjs.org/sprintf-js/-/sprintf-js-1.0.3.tgz 0ms (cache hit)
3222 http cache @sideway/formula@https://registry.npmjs.org/@sideway/formula/-/formula-3.0.1.tgz 0ms (cache hit)
3223 http cache @sideway/pinpoint@https://registry.npmjs.org/@sideway/pinpoint/-/pinpoint-2.0.0.tgz 0ms (cache hit)
3224 http cache @sideway/address@https://registry.npmjs.org/@sideway/address/-/address-4.1.5.tgz 0ms (cache hit)
3225 http cache @hapi/topo@https://registry.npmjs.org/@hapi/topo/-/topo-5.1.0.tgz 0ms (cache hit)
3226 http cache @hapi/hoek@https://registry.npmjs.org/@hapi/hoek/-/hoek-9.3.0.tgz 0ms (cache hit)
3227 http cache stack-utils@https://registry.npmjs.org/stack-utils/-/stack-utils-2.0.6.tgz 0ms (cache hit)
3228 http cache ci-info@https://registry.npmjs.org/ci-info/-/ci-info-3.9.0.tgz 0ms (cache hit)
3229 http cache slash@https://registry.npmjs.org/slash/-/slash-3.0.0.tgz 0ms (cache hit)
3230 http cache picomatch@https://registry.npmjs.org/picomatch/-/picomatch-2.3.2.tgz 0ms (cache hit)
3231 http cache type-detect@https://registry.npmjs.org/type-detect/-/type-detect-4.0.8.tgz 0ms (cache hit)
3232 http cache @types/stack-utils@https://registry.npmjs.org/@types/stack-utils/-/stack-utils-2.0.3.tgz 0ms (cache hit)
3233 http cache @sinonjs/commons@https://registry.npmjs.org/@sinonjs/commons/-/commons-3.0.1.tgz 0ms (cache hit)
3234 http cache jest-message-util@https://registry.npmjs.org/jest-message-util/-/jest-message-util-29.7.0.tgz 0ms (cache hit)
3235 http cache @sinonjs/fake-timers@https://registry.npmjs.org/@sinonjs/fake-timers/-/fake-timers-10.3.0.tgz 0ms (cache hit)
3236 http cache jest-util@https://registry.npmjs.org/jest-util/-/jest-util-29.7.0.tgz 0ms (cache hit)
3237 http cache @jest/fake-timers@https://registry.npmjs.org/@jest/fake-timers/-/fake-timers-29.7.0.tgz 0ms (cache hit)
3238 http cache @jest/environment@https://registry.npmjs.org/@jest/environment/-/environment-29.7.0.tgz 0ms (cache hit)
3239 http cache is-docker@https://registry.npmjs.org/is-docker/-/is-docker-2.2.1.tgz 0ms (cache hit)
3240 http cache jest-mock@https://registry.npmjs.org/jest-mock/-/jest-mock-29.7.0.tgz 0ms (cache hit)
3241 http cache is-extglob@https://registry.npmjs.org/is-extglob/-/is-extglob-2.1.1.tgz 0ms (cache hit)
3242 http cache wrappy@https://registry.npmjs.org/wrappy/-/wrappy-1.0.2.tgz 0ms (cache hit)
3243 http cache callsites@https://registry.npmjs.org/callsites/-/callsites-2.0.0.tgz 0ms (cache hit)
3244 http cache caller-callsite@https://registry.npmjs.org/caller-callsite/-/caller-callsite-2.0.0.tgz 0ms (cache hit)
3245 http cache resolve-from@https://registry.npmjs.org/resolve-from/-/resolve-from-3.0.0.tgz 0ms (cache hit)
3246 http cache caller-path@https://registry.npmjs.org/caller-path/-/caller-path-2.0.0.tgz 0ms (cache hit)
3247 http cache source-map@https://registry.npmjs.org/source-map/-/source-map-0.7.6.tgz 0ms (cache hit)
3248 http cache hermes-estree@https://registry.npmjs.org/hermes-estree/-/hermes-estree-0.19.1.tgz 0ms (cache hit)
3249 http cache path-is-absolute@https://registry.npmjs.org/path-is-absolute/-/path-is-absolute-1.0.1.tgz 0ms (cache hit)
3250 http cache once@https://registry.npmjs.org/once/-/once-1.4.0.tgz 0ms (cache hit)
3251 http cache minimatch@https://registry.npmjs.org/minimatch/-/minimatch-3.1.5.tgz 0ms (cache hit)
3252 http cache inherits@https://registry.npmjs.org/inherits/-/inherits-2.0.4.tgz 0ms (cache hit)
3253 http cache is-glob@https://registry.npmjs.org/is-glob/-/is-glob-4.0.3.tgz 0ms (cache hit)
3254 http cache inflight@https://registry.npmjs.org/inflight/-/inflight-1.0.6.tgz 0ms (cache hit)
3255 http cache fs.realpath@https://registry.npmjs.org/fs.realpath/-/fs.realpath-1.0.0.tgz 0ms (cache hit)
3256 http cache universalify@https://registry.npmjs.org/universalify/-/universalify-0.1.2.tgz 0ms (cache hit)
3257 http cache jsonfile@https://registry.npmjs.org/jsonfile/-/jsonfile-4.0.0.tgz 0ms (cache hit)
3258 http cache path-exists@https://registry.npmjs.org/path-exists/-/path-exists-4.0.0.tgz 0ms (cache hit)
3259 http cache locate-path@https://registry.npmjs.org/locate-path/-/locate-path-5.0.0.tgz 0ms (cache hit)
3260 http cache unpipe@https://registry.npmjs.org/unpipe/-/unpipe-1.0.0.tgz 0ms (cache hit)
3261 http cache statuses@https://registry.npmjs.org/statuses/-/statuses-1.5.0.tgz 0ms (cache hit)
3262 http cache on-finished@https://registry.npmjs.org/on-finished/-/on-finished-2.3.0.tgz 0ms (cache hit)
3263 http cache encodeurl@https://registry.npmjs.org/encodeurl/-/encodeurl-1.0.2.tgz 0ms (cache hit)
3264 http cache strnum@https://registry.npmjs.org/strnum/-/strnum-1.1.2.tgz 0ms (cache hit)
3265 http cache fastq@https://registry.npmjs.org/fastq/-/fastq-1.20.1.tgz 0ms (cache hit)
3266 http cache run-parallel@https://registry.npmjs.org/run-parallel/-/run-parallel-1.2.0.tgz 0ms (cache hit)
3267 http cache reusify@https://registry.npmjs.org/reusify/-/reusify-1.1.0.tgz 0ms (cache hit)
3268 http cache @nodelib/fs.scandir@https://registry.npmjs.org/@nodelib/fs.scandir/-/fs.scandir-2.1.5.tgz 0ms (cache hit)
3269 http cache merge2@https://registry.npmjs.org/merge2/-/merge2-1.4.1.tgz 0ms (cache hit)
3270 http cache glob-parent@https://registry.npmjs.org/glob-parent/-/glob-parent-5.1.2.tgz 0ms (cache hit)
3271 http cache micromatch@https://registry.npmjs.org/micromatch/-/micromatch-4.0.8.tgz 0ms (cache hit)
3272 http cache @nodelib/fs.walk@https://registry.npmjs.org/@nodelib/fs.walk/-/fs.walk-1.2.8.tgz 0ms (cache hit)
3273 http cache @nodelib/fs.stat@https://registry.npmjs.org/@nodelib/fs.stat/-/fs.stat-2.0.5.tgz 0ms (cache hit)
3274 http cache shebang-command@https://registry.npmjs.org/shebang-command/-/shebang-command-2.0.0.tgz 0ms (cache hit)
3275 http cache path-key@https://registry.npmjs.org/path-key/-/path-key-3.1.1.tgz 0ms (cache hit)
3276 http cache which@https://registry.npmjs.org/which/-/which-2.0.2.tgz 0ms (cache hit)
3277 http cache onetime@https://registry.npmjs.org/onetime/-/onetime-5.1.2.tgz 1ms (cache hit)
3278 http cache npm-run-path@https://registry.npmjs.org/npm-run-path/-/npm-run-path-4.0.1.tgz 0ms (cache hit)
3279 http cache strip-final-newline@https://registry.npmjs.org/strip-final-newline/-/strip-final-newline-2.0.0.tgz 0ms (cache hit)
3280 http cache merge-stream@https://registry.npmjs.org/merge-stream/-/merge-stream-2.0.0.tgz 0ms (cache hit)
3281 http cache signal-exit@https://registry.npmjs.org/signal-exit/-/signal-exit-3.0.7.tgz 0ms (cache hit)
3282 http cache is-stream@https://registry.npmjs.org/is-stream/-/is-stream-2.0.1.tgz 0ms (cache hit)
3283 http cache human-signals@https://registry.npmjs.org/human-signals/-/human-signals-2.1.0.tgz 0ms (cache hit)
3284 http cache cross-spawn@https://registry.npmjs.org/cross-spawn/-/cross-spawn-7.0.6.tgz 0ms (cache hit)
3285 http cache get-stream@https://registry.npmjs.org/get-stream/-/get-stream-6.0.1.tgz 0ms (cache hit)
3286 http cache mime-types@https://registry.npmjs.org/mime-types/-/mime-types-2.1.35.tgz 0ms (cache hit)
3287 http cache escape-html@https://registry.npmjs.org/escape-html/-/escape-html-1.0.3.tgz 0ms (cache hit)
3288 http cache ms@https://registry.npmjs.org/ms/-/ms-2.1.3.tgz 0ms (cache hit)
3289 http cache parse-json@https://registry.npmjs.org/parse-json/-/parse-json-4.0.0.tgz 0ms (cache hit)
3290 http cache accepts@https://registry.npmjs.org/accepts/-/accepts-1.3.8.tgz 0ms (cache hit)
3291 http cache js-yaml@https://registry.npmjs.org/js-yaml/-/js-yaml-3.14.2.tgz 0ms (cache hit)
3292 http cache is-directory@https://registry.npmjs.org/is-directory/-/is-directory-0.3.1.tgz 0ms (cache hit)
3293 http cache import-fresh@https://registry.npmjs.org/import-fresh/-/import-fresh-2.0.0.tgz 0ms (cache hit)
3294 http cache utils-merge@https://registry.npmjs.org/utils-merge/-/utils-merge-1.0.1.tgz 0ms (cache hit)
3295 http cache parseurl@https://registry.npmjs.org/parseurl/-/parseurl-1.3.3.tgz 0ms (cache hit)
3296 http cache finalhandler@https://registry.npmjs.org/finalhandler/-/finalhandler-1.1.2.tgz 0ms (cache hit)
3297 http cache vary@https://registry.npmjs.org/vary/-/vary-1.1.2.tgz 0ms (cache hit)
3298 http cache mime-db@https://registry.npmjs.org/mime-db/-/mime-db-1.54.0.tgz 0ms (cache hit)
3299 http cache safe-buffer@https://registry.npmjs.org/safe-buffer/-/safe-buffer-5.2.1.tgz 0ms (cache hit)
3300 http cache on-headers@https://registry.npmjs.org/on-headers/-/on-headers-1.1.0.tgz 0ms (cache hit)
3301 http cache negotiator@https://registry.npmjs.org/negotiator/-/negotiator-0.6.4.tgz 0ms (cache hit)
3302 http cache compressible@https://registry.npmjs.org/compressible/-/compressible-2.0.18.tgz 0ms (cache hit)
3303 http cache bytes@https://registry.npmjs.org/bytes/-/bytes-3.1.2.tgz 0ms (cache hit)
3304 http cache color-name@https://registry.npmjs.org/color-name/-/color-name-1.1.4.tgz 0ms (cache hit)
3305 http cache color-convert@https://registry.npmjs.org/color-convert/-/color-convert-2.0.1.tgz 0ms (cache hit)
3306 http cache ansi-styles@https://registry.npmjs.org/ansi-styles/-/ansi-styles-4.3.0.tgz 0ms (cache hit)
3307 http cache update-browserslist-db@https://registry.npmjs.org/update-browserslist-db/-/update-browserslist-db-1.2.3.tgz 1ms (cache hit)
3308 http cache supports-color@https://registry.npmjs.org/supports-color/-/supports-color-7.2.0.tgz 0ms (cache hit)
3309 http cache node-releases@https://registry.npmjs.org/node-releases/-/node-releases-2.0.47.tgz 0ms (cache hit)
3310 http cache electron-to-chromium@https://registry.npmjs.org/electron-to-chromium/-/electron-to-chromium-1.5.368.tgz 0ms (cache hit)
3311 http cache caniuse-lite@https://registry.npmjs.org/caniuse-lite/-/caniuse-lite-1.0.30001797.tgz 0ms (cache hit)
3312 http cache baseline-browser-mapping@https://registry.npmjs.org/baseline-browser-mapping/-/baseline-browser-mapping-2.10.34.tgz 0ms (cache hit)
3313 http cache resolve@https://registry.npmjs.org/resolve/-/resolve-1.22.12.tgz 0ms (cache hit)
3314 http cache lodash.debounce@https://registry.npmjs.org/lodash.debounce/-/lodash.debounce-4.0.8.tgz 0ms (cache hit)
3315 http cache undici-types@https://registry.npmjs.org/undici-types/-/undici-types-7.24.6.tgz 0ms (cache hit)
3316 http cache @babel/helper-define-polyfill-provider@https://registry.npmjs.org/@babel/helper-define-polyfill-provider/-/helper-define-polyfill-provider-0.6.8.tgz 0ms (cache hit)
3317 http cache @types/istanbul-lib-report@https://registry.npmjs.org/@types/istanbul-lib-report/-/istanbul-lib-report-3.0.3.tgz 0ms (cache hit)
3318 http cache @types/yargs-parser@https://registry.npmjs.org/@types/yargs-parser/-/yargs-parser-21.0.3.tgz 0ms (cache hit)
3319 http cache lighthouse-logger@https://registry.npmjs.org/lighthouse-logger/-/lighthouse-logger-1.4.2.tgz 0ms (cache hit)
3320 http cache rimraf@https://registry.npmjs.org/rimraf/-/rimraf-3.0.2.tgz 0ms (cache hit)
3321 http cache is-wsl@https://registry.npmjs.org/is-wsl/-/is-wsl-2.2.0.tgz 0ms (cache hit)
3322 http cache escape-string-regexp@https://registry.npmjs.org/escape-string-regexp/-/escape-string-regexp-4.0.0.tgz 0ms (cache hit)
3323 http cache @babel/plugin-syntax-typescript@https://registry.npmjs.org/@babel/plugin-syntax-typescript/-/plugin-syntax-typescript-7.29.7.tgz 0ms (cache hit)
3324 http cache @babel/plugin-syntax-optional-catch-binding@https://registry.npmjs.org/@babel/plugin-syntax-optional-catch-binding/-/plugin-syntax-optional-catch-binding-7.8.3.tgz 0ms (cache hit)
3325 http cache @babel/plugin-syntax-jsx@https://registry.npmjs.org/@babel/plugin-syntax-jsx/-/plugin-syntax-jsx-7.29.7.tgz 0ms (cache hit)
3326 http cache @babel/plugin-syntax-numeric-separator@https://registry.npmjs.org/@babel/plugin-syntax-numeric-separator/-/plugin-syntax-numeric-separator-7.10.4.tgz 0ms (cache hit)
3327 http cache @babel/plugin-syntax-object-rest-spread@https://registry.npmjs.org/@babel/plugin-syntax-object-rest-spread/-/plugin-syntax-object-rest-spread-7.8.3.tgz 0ms (cache hit)
3328 http cache @babel/plugin-syntax-logical-assignment-operators@https://registry.npmjs.org/@babel/plugin-syntax-logical-assignment-operators/-/plugin-syntax-logical-assignment-operators-7.10.4.tgz 0ms (cache hit)
3329 http cache babel-plugin-transform-flow-enums@https://registry.npmjs.org/babel-plugin-transform-flow-enums/-/babel-plugin-transform-flow-enums-0.0.2.tgz 0ms (cache hit)
3330 http cache @babel/plugin-syntax-async-generators@https://registry.npmjs.org/@babel/plugin-syntax-async-generators/-/plugin-syntax-async-generators-7.8.4.tgz 0ms (cache hit)
3331 http cache @react-native/babel-plugin-codegen@https://registry.npmjs.org/@react-native/babel-plugin-codegen/-/babel-plugin-codegen-0.74.87.tgz 0ms (cache hit)
3332 http cache @babel/helper-environment-visitor@https://registry.npmjs.org/@babel/helper-environment-visitor/-/helper-environment-visitor-7.24.7.tgz 0ms (cache hit)
3333 http cache @babel/plugin-transform-typescript@https://registry.npmjs.org/@babel/plugin-transform-typescript/-/plugin-transform-typescript-7.29.7.tgz 0ms (cache hit)
3334 http cache @babel/plugin-transform-runtime@https://registry.npmjs.org/@babel/plugin-transform-runtime/-/plugin-transform-runtime-7.29.7.tgz 0ms (cache hit)
3335 http cache @babel/plugin-transform-react-jsx-source@https://registry.npmjs.org/@babel/plugin-transform-react-jsx-source/-/plugin-transform-react-jsx-source-7.29.7.tgz 0ms (cache hit)
3336 http cache @babel/plugin-transform-react-jsx-self@https://registry.npmjs.org/@babel/plugin-transform-react-jsx-self/-/plugin-transform-react-jsx-self-7.29.7.tgz 0ms (cache hit)
3337 http cache @babel/plugin-transform-react-jsx@https://registry.npmjs.org/@babel/plugin-transform-react-jsx/-/plugin-transform-react-jsx-7.29.7.tgz 0ms (cache hit)
3338 http cache @babel/plugin-transform-react-display-name@https://registry.npmjs.org/@babel/plugin-transform-react-display-name/-/plugin-transform-react-display-name-7.29.7.tgz 0ms (cache hit)
3339 http cache @babel/plugin-transform-flow-strip-types@https://registry.npmjs.org/@babel/plugin-transform-flow-strip-types/-/plugin-transform-flow-strip-types-7.29.7.tgz 0ms (cache hit)
3340 http cache @babel/plugin-syntax-optional-chaining@https://registry.npmjs.org/@babel/plugin-syntax-optional-chaining/-/plugin-syntax-optional-chaining-7.8.3.tgz 0ms (cache hit)
3341 http cache @babel/plugin-syntax-export-default-from@https://registry.npmjs.org/@babel/plugin-syntax-export-default-from/-/plugin-syntax-export-default-from-7.29.7.tgz 0ms (cache hit)
3342 http cache @babel/plugin-syntax-flow@https://registry.npmjs.org/@babel/plugin-syntax-flow/-/plugin-syntax-flow-7.29.7.tgz 0ms (cache hit)
3343 http cache @babel/plugin-syntax-nullish-coalescing-operator@https://registry.npmjs.org/@babel/plugin-syntax-nullish-coalescing-operator/-/plugin-syntax-nullish-coalescing-operator-7.8.3.tgz 0ms (cache hit)
3344 http cache @babel/plugin-syntax-dynamic-import@https://registry.npmjs.org/@babel/plugin-syntax-dynamic-import/-/plugin-syntax-dynamic-import-7.8.3.tgz 0ms (cache hit)
3345 http cache @babel/plugin-proposal-optional-chaining@https://registry.npmjs.org/@babel/plugin-proposal-optional-chaining/-/plugin-proposal-optional-chaining-7.21.0.tgz 0ms (cache hit)
3346 http cache @babel/plugin-proposal-optional-catch-binding@https://registry.npmjs.org/@babel/plugin-proposal-optional-catch-binding/-/plugin-proposal-optional-catch-binding-7.18.6.tgz 0ms (cache hit)
3347 http cache @babel/plugin-proposal-object-rest-spread@https://registry.npmjs.org/@babel/plugin-proposal-object-rest-spread/-/plugin-proposal-object-rest-spread-7.20.7.tgz 0ms (cache hit)
3348 http cache @babel/plugin-proposal-numeric-separator@https://registry.npmjs.org/@babel/plugin-proposal-numeric-separator/-/plugin-proposal-numeric-separator-7.18.6.tgz 0ms (cache hit)
3349 http cache @babel/plugin-proposal-nullish-coalescing-operator@https://registry.npmjs.org/@babel/plugin-proposal-nullish-coalescing-operator/-/plugin-proposal-nullish-coalescing-operator-7.18.6.tgz 0ms (cache hit)
3350 http cache @babel/plugin-proposal-logical-assignment-operators@https://registry.npmjs.org/@babel/plugin-proposal-logical-assignment-operators/-/plugin-proposal-logical-assignment-operators-7.20.7.tgz 0ms (cache hit)
3351 http cache @babel/plugin-proposal-class-properties@https://registry.npmjs.org/@babel/plugin-proposal-class-properties/-/plugin-proposal-class-properties-7.18.6.tgz 0ms (cache hit)
3352 http cache @babel/plugin-proposal-export-default-from@https://registry.npmjs.org/@babel/plugin-proposal-export-default-from/-/plugin-proposal-export-default-from-7.29.7.tgz 0ms (cache hit)
3353 http cache @babel/plugin-proposal-async-generator-functions@https://registry.npmjs.org/@babel/plugin-proposal-async-generator-functions/-/plugin-proposal-async-generator-functions-7.20.7.tgz 0ms (cache hit)
3354 http cache temp-dir@https://registry.npmjs.org/temp-dir/-/temp-dir-2.0.0.tgz 0ms (cache hit)
3355 http cache @react-native/babel-preset@https://registry.npmjs.org/@react-native/babel-preset/-/babel-preset-0.74.87.tgz 0ms (cache hit)
3356 http cache chrome-launcher@https://registry.npmjs.org/chrome-launcher/-/chrome-launcher-0.15.2.tgz 0ms (cache hit)
3357 http cache selfsigned@https://registry.npmjs.org/selfsigned/-/selfsigned-2.4.1.tgz 0ms (cache hit)
3358 http cache @rnx-kit/chromium-edge-launcher@https://registry.npmjs.org/@rnx-kit/chromium-edge-launcher/-/chromium-edge-launcher-1.0.0.tgz 0ms (cache hit)
3359 http cache @react-native/debugger-frontend@https://registry.npmjs.org/@react-native/debugger-frontend/-/debugger-frontend-0.74.87.tgz 0ms (cache hit)
3360 http cache @isaacs/ttlcache@https://registry.npmjs.org/@isaacs/ttlcache/-/ttlcache-1.4.1.tgz 0ms (cache hit)
3361 http cache querystring@https://registry.npmjs.org/querystring/-/querystring-0.2.1.tgz 0ms (cache hit)
3362 http cache readline@https://registry.npmjs.org/readline/-/readline-1.3.0.tgz 0ms (cache hit)
3363 http cache metro-config@https://registry.npmjs.org/metro-config/-/metro-config-0.80.12.tgz 0ms (cache hit)
3364 http cache metro-core@https://registry.npmjs.org/metro-core/-/metro-core-0.80.12.tgz 0ms (cache hit)
3365 http cache @react-native/metro-babel-transformer@https://registry.npmjs.org/@react-native/metro-babel-transformer/-/metro-babel-transformer-0.74.87.tgz 0ms (cache hit)
3366 http cache metro@https://registry.npmjs.org/metro/-/metro-0.80.12.tgz 0ms (cache hit)
3367 http cache @react-native/dev-middleware@https://registry.npmjs.org/@react-native/dev-middleware/-/dev-middleware-0.74.87.tgz 0ms (cache hit)
3368 http cache hermes-parser@https://registry.npmjs.org/hermes-parser/-/hermes-parser-0.19.1.tgz 0ms (cache hit)
3369 http cache jscodeshift@https://registry.npmjs.org/jscodeshift/-/jscodeshift-0.14.0.tgz 0ms (cache hit)
3370 http cache glob@https://registry.npmjs.org/glob/-/glob-7.2.3.tgz 0ms (cache hit)
3371 http cache shell-quote@https://registry.npmjs.org/shell-quote/-/shell-quote-1.8.4.tgz 0ms (cache hit)
3372 http cache open@https://registry.npmjs.org/open/-/open-6.4.0.tgz 0ms (cache hit)
3373 http cache sudo-prompt@https://registry.npmjs.org/sudo-prompt/-/sudo-prompt-9.2.1.tgz 0ms (cache hit)
3374 http cache node-fetch@https://registry.npmjs.org/node-fetch/-/node-fetch-2.7.0.tgz 0ms (cache hit)
3375 http cache mime@https://registry.npmjs.org/mime/-/mime-2.6.0.tgz 0ms (cache hit)
3376 http cache appdirsjs@https://registry.npmjs.org/appdirsjs/-/appdirsjs-1.2.7.tgz 0ms (cache hit)
3377 http cache errorhandler@https://registry.npmjs.org/errorhandler/-/errorhandler-1.5.2.tgz 0ms (cache hit)
3378 http cache compression@https://registry.npmjs.org/compression/-/compression-1.8.1.tgz 0ms (cache hit)
3379 http cache nocache@https://registry.npmjs.org/nocache/-/nocache-3.0.4.tgz 0ms (cache hit)
3380 http cache connect@https://registry.npmjs.org/connect/-/connect-3.7.0.tgz 0ms (cache hit)
3381 http cache logkitty@https://registry.npmjs.org/logkitty/-/logkitty-0.7.1.tgz 0ms (cache hit)
3382 http cache fast-xml-parser@https://registry.npmjs.org/fast-xml-parser/-/fast-xml-parser-4.5.6.tgz 0ms (cache hit)
3383 http cache yaml@https://registry.npmjs.org/yaml/-/yaml-2.9.0.tgz 0ms (cache hit)
3384 http cache strip-ansi@https://registry.npmjs.org/strip-ansi/-/strip-ansi-5.2.0.tgz 0ms (cache hit)
3385 http cache ora@https://registry.npmjs.org/ora/-/ora-5.4.1.tgz 0ms (cache hit)
3386 http cache wcwidth@https://registry.npmjs.org/wcwidth/-/wcwidth-1.0.1.tgz 0ms (cache hit)
3387 http cache node-stream-zip@https://registry.npmjs.org/node-stream-zip/-/node-stream-zip-1.15.0.tgz 0ms (cache hit)
3388 http cache hermes-profile-transformer@https://registry.npmjs.org/hermes-profile-transformer/-/hermes-profile-transformer-0.0.6.tgz 0ms (cache hit)
3389 http cache envinfo@https://registry.npmjs.org/envinfo/-/envinfo-7.21.0.tgz 0ms (cache hit)
3390 http cache command-exists@https://registry.npmjs.org/command-exists/-/command-exists-1.2.9.tgz 0ms (cache hit)
3391 http cache @react-native-community/cli-platform-apple@https://registry.npmjs.org/@react-native-community/cli-platform-apple/-/cli-platform-apple-13.6.9.tgz 0ms (cache hit)
3392 http cache serve-static@https://registry.npmjs.org/serve-static/-/serve-static-1.16.3.tgz 0ms (cache hit)
3393 http cache joi@https://registry.npmjs.org/joi/-/joi-17.13.3.tgz 0ms (cache hit)
3394 http cache cosmiconfig@https://registry.npmjs.org/cosmiconfig/-/cosmiconfig-5.2.1.tgz 0ms (cache hit)
3395 http cache fast-glob@https://registry.npmjs.org/fast-glob/-/fast-glob-3.3.3.tgz 0ms (cache hit)
3396 http cache prompts@https://registry.npmjs.org/prompts/-/prompts-2.4.2.tgz 0ms (cache hit)
3397 http cache graceful-fs@https://registry.npmjs.org/graceful-fs/-/graceful-fs-4.2.11.tgz 0ms (cache hit)
3398 http cache fs-extra@https://registry.npmjs.org/fs-extra/-/fs-extra-8.1.0.tgz 0ms (cache hit)
3399 http cache find-up@https://registry.npmjs.org/find-up/-/find-up-4.1.0.tgz 0ms (cache hit)
3400 http cache execa@https://registry.npmjs.org/execa/-/execa-5.1.1.tgz 0ms (cache hit)
3401 http cache commander@https://registry.npmjs.org/commander/-/commander-9.5.0.tgz 0ms (cache hit)
3402 http cache deepmerge@https://registry.npmjs.org/deepmerge/-/deepmerge-4.3.1.tgz 0ms (cache hit)
3403 http cache @react-native-community/cli-tools@https://registry.npmjs.org/@react-native-community/cli-tools/-/cli-tools-13.6.9.tgz 0ms (cache hit)
3404 http cache @react-native-community/cli-types@https://registry.npmjs.org/@react-native-community/cli-types/-/cli-types-13.6.9.tgz 0ms (cache hit)
3405 http cache @react-native-community/cli-server-api@https://registry.npmjs.org/@react-native-community/cli-server-api/-/cli-server-api-13.6.9.tgz 0ms (cache hit)
3406 http cache @react-native-community/cli-hermes@https://registry.npmjs.org/@react-native-community/cli-hermes/-/cli-hermes-13.6.9.tgz 0ms (cache hit)
3407 http cache @react-native-community/cli-doctor@https://registry.npmjs.org/@react-native-community/cli-doctor/-/cli-doctor-13.6.9.tgz 0ms (cache hit)
3408 http cache @react-native-community/cli-debugger-ui@https://registry.npmjs.org/@react-native-community/cli-debugger-ui/-/cli-debugger-ui-13.6.9.tgz 0ms (cache hit)
3409 http cache @react-native-community/cli-config@https://registry.npmjs.org/@react-native-community/cli-config/-/cli-config-13.6.9.tgz 0ms (cache hit)
3410 http cache @react-native-community/cli-clean@https://registry.npmjs.org/@react-native-community/cli-clean/-/cli-clean-13.6.9.tgz 0ms (cache hit)
3411 http cache @jridgewell/sourcemap-codec@https://registry.npmjs.org/@jridgewell/sourcemap-codec/-/sourcemap-codec-1.5.5.tgz 0ms (cache hit)
3412 http cache @sinclair/typebox@https://registry.npmjs.org/@sinclair/typebox/-/typebox-0.27.10.tgz 0ms (cache hit)
3413 http cache @jridgewell/resolve-uri@https://registry.npmjs.org/@jridgewell/resolve-uri/-/resolve-uri-3.1.2.tgz 0ms (cache hit)
3414 http cache @types/yargs@https://registry.npmjs.org/@types/yargs/-/yargs-17.0.35.tgz 0ms (cache hit)
3415 http cache @types/node@https://registry.npmjs.org/@types/node/-/node-25.9.2.tgz 0ms (cache hit)
3416 http cache @types/istanbul-reports@https://registry.npmjs.org/@types/istanbul-reports/-/istanbul-reports-3.0.4.tgz 0ms (cache hit)
3417 http cache @types/istanbul-lib-coverage@https://registry.npmjs.org/@types/istanbul-lib-coverage/-/istanbul-lib-coverage-2.0.6.tgz 0ms (cache hit)
3418 http cache @jest/schemas@https://registry.npmjs.org/@jest/schemas/-/schemas-29.6.3.tgz 0ms (cache hit)
3419 http cache @jest/types@https://registry.npmjs.org/@jest/types/-/types-29.6.3.tgz 0ms (cache hit)
3420 http cache esutils@https://registry.npmjs.org/esutils/-/esutils-2.0.3.tgz 0ms (cache hit)
3421 http cache @babel/helper-globals@https://registry.npmjs.org/@babel/helper-globals/-/helper-globals-7.29.7.tgz 0ms (cache hit)
3422 http cache @babel/helper-string-parser@https://registry.npmjs.org/@babel/helper-string-parser/-/helper-string-parser-7.29.7.tgz 0ms (cache hit)
3423 http cache @babel/helper-replace-supers@https://registry.npmjs.org/@babel/helper-replace-supers/-/helper-replace-supers-7.29.7.tgz 0ms (cache hit)
3424 http cache @babel/helper-optimise-call-expression@https://registry.npmjs.org/@babel/helper-optimise-call-expression/-/helper-optimise-call-expression-7.29.7.tgz 0ms (cache hit)
3425 http cache @babel/helper-member-expression-to-functions@https://registry.npmjs.org/@babel/helper-member-expression-to-functions/-/helper-member-expression-to-functions-7.29.7.tgz 0ms (cache hit)
3426 http cache @babel/helper-create-class-features-plugin@https://registry.npmjs.org/@babel/helper-create-class-features-plugin/-/helper-create-class-features-plugin-7.29.7.tgz 0ms (cache hit)
3427 http cache @babel/helper-remap-async-to-generator@https://registry.npmjs.org/@babel/helper-remap-async-to-generator/-/helper-remap-async-to-generator-7.29.7.tgz 0ms (cache hit)
3428 http cache @babel/helper-wrap-function@https://registry.npmjs.org/@babel/helper-wrap-function/-/helper-wrap-function-7.29.7.tgz 0ms (cache hit)
3429 http cache regexpu-core@https://registry.npmjs.org/regexpu-core/-/regexpu-core-6.4.0.tgz 0ms (cache hit)
3430 http cache @babel/helper-create-regexp-features-plugin@https://registry.npmjs.org/@babel/helper-create-regexp-features-plugin/-/helper-create-regexp-features-plugin-7.29.7.tgz 0ms (cache hit)
3431 http cache @babel/helper-skip-transparent-expression-wrappers@https://registry.npmjs.org/@babel/helper-skip-transparent-expression-wrappers/-/helper-skip-transparent-expression-wrappers-7.29.7.tgz 0ms (cache hit)
3432 http cache core-js-compat@https://registry.npmjs.org/core-js-compat/-/core-js-compat-3.49.0.tgz 0ms (cache hit)
3433 http cache @babel/helper-annotate-as-pure@https://registry.npmjs.org/@babel/helper-annotate-as-pure/-/helper-annotate-as-pure-7.29.7.tgz 0ms (cache hit)
3434 http cache babel-plugin-polyfill-regenerator@https://registry.npmjs.org/babel-plugin-polyfill-regenerator/-/babel-plugin-polyfill-regenerator-0.6.8.tgz 0ms (cache hit)
3435 http cache babel-plugin-polyfill-corejs2@https://registry.npmjs.org/babel-plugin-polyfill-corejs2/-/babel-plugin-polyfill-corejs2-0.4.17.tgz 0ms (cache hit)
3436 http cache babel-plugin-polyfill-corejs3@https://registry.npmjs.org/babel-plugin-polyfill-corejs3/-/babel-plugin-polyfill-corejs3-0.14.2.tgz 0ms (cache hit)
3437 http cache @babel/preset-modules@https://registry.npmjs.org/@babel/preset-modules/-/preset-modules-0.1.6-no-external-plugins.tgz 0ms (cache hit)
3438 http cache @babel/plugin-transform-unicode-sets-regex@https://registry.npmjs.org/@babel/plugin-transform-unicode-sets-regex/-/plugin-transform-unicode-sets-regex-7.29.7.tgz 0ms (cache hit)
3439 http cache @babel/plugin-transform-unicode-regex@https://registry.npmjs.org/@babel/plugin-transform-unicode-regex/-/plugin-transform-unicode-regex-7.29.7.tgz 0ms (cache hit)
3440 http cache @babel/plugin-transform-unicode-property-regex@https://registry.npmjs.org/@babel/plugin-transform-unicode-property-regex/-/plugin-transform-unicode-property-regex-7.29.7.tgz 0ms (cache hit)
3441 http cache @babel/plugin-transform-template-literals@https://registry.npmjs.org/@babel/plugin-transform-template-literals/-/plugin-transform-template-literals-7.29.7.tgz 0ms (cache hit)
3442 http cache @babel/plugin-transform-typeof-symbol@https://registry.npmjs.org/@babel/plugin-transform-typeof-symbol/-/plugin-transform-typeof-symbol-7.29.7.tgz 0ms (cache hit)
3443 http cache @babel/plugin-transform-unicode-escapes@https://registry.npmjs.org/@babel/plugin-transform-unicode-escapes/-/plugin-transform-unicode-escapes-7.29.7.tgz 0ms (cache hit)
3444 http cache @babel/plugin-transform-sticky-regex@https://registry.npmjs.org/@babel/plugin-transform-sticky-regex/-/plugin-transform-sticky-regex-7.29.7.tgz 0ms (cache hit)
3445 http cache @babel/plugin-transform-shorthand-properties@https://registry.npmjs.org/@babel/plugin-transform-shorthand-properties/-/plugin-transform-shorthand-properties-7.29.7.tgz 0ms (cache hit)
3446 http cache @babel/plugin-transform-reserved-words@https://registry.npmjs.org/@babel/plugin-transform-reserved-words/-/plugin-transform-reserved-words-7.29.7.tgz 0ms (cache hit)
3447 http cache @babel/plugin-transform-spread@https://registry.npmjs.org/@babel/plugin-transform-spread/-/plugin-transform-spread-7.29.7.tgz 0ms (cache hit)
3448 http cache @babel/plugin-transform-regexp-modifiers@https://registry.npmjs.org/@babel/plugin-transform-regexp-modifiers/-/plugin-transform-regexp-modifiers-7.29.7.tgz 0ms (cache hit)
3449 http cache @babel/plugin-transform-regenerator@https://registry.npmjs.org/@babel/plugin-transform-regenerator/-/plugin-transform-regenerator-7.29.7.tgz 0ms (cache hit)
3450 http cache @babel/plugin-transform-private-property-in-object@https://registry.npmjs.org/@babel/plugin-transform-private-property-in-object/-/plugin-transform-private-property-in-object-7.29.7.tgz 0ms (cache hit)
3451 http cache @babel/plugin-transform-property-literals@https://registry.npmjs.org/@babel/plugin-transform-property-literals/-/plugin-transform-property-literals-7.29.7.tgz 0ms (cache hit)
3452 http cache @babel/plugin-transform-private-methods@https://registry.npmjs.org/@babel/plugin-transform-private-methods/-/plugin-transform-private-methods-7.29.7.tgz 0ms (cache hit)
3453 http cache @babel/plugin-transform-parameters@https://registry.npmjs.org/@babel/plugin-transform-parameters/-/plugin-transform-parameters-7.29.7.tgz 0ms (cache hit)
3454 http cache @babel/plugin-transform-optional-chaining@https://registry.npmjs.org/@babel/plugin-transform-optional-chaining/-/plugin-transform-optional-chaining-7.29.7.tgz 0ms (cache hit)
3455 http cache @babel/plugin-transform-object-super@https://registry.npmjs.org/@babel/plugin-transform-object-super/-/plugin-transform-object-super-7.29.7.tgz 0ms (cache hit)
3456 http cache @babel/plugin-transform-object-rest-spread@https://registry.npmjs.org/@babel/plugin-transform-object-rest-spread/-/plugin-transform-object-rest-spread-7.29.7.tgz 0ms (cache hit)
3457 http cache @babel/plugin-transform-numeric-separator@https://registry.npmjs.org/@babel/plugin-transform-numeric-separator/-/plugin-transform-numeric-separator-7.29.7.tgz 0ms (cache hit)
3458 http cache @babel/plugin-transform-optional-catch-binding@https://registry.npmjs.org/@babel/plugin-transform-optional-catch-binding/-/plugin-transform-optional-catch-binding-7.29.7.tgz 0ms (cache hit)
3459 http cache @babel/plugin-transform-nullish-coalescing-operator@https://registry.npmjs.org/@babel/plugin-transform-nullish-coalescing-operator/-/plugin-transform-nullish-coalescing-operator-7.29.7.tgz 0ms (cache hit)
3460 http cache @babel/plugin-transform-new-target@https://registry.npmjs.org/@babel/plugin-transform-new-target/-/plugin-transform-new-target-7.29.7.tgz 0ms (cache hit)
3461 http cache @babel/plugin-transform-named-capturing-groups-regex@https://registry.npmjs.org/@babel/plugin-transform-named-capturing-groups-regex/-/plugin-transform-named-capturing-groups-regex-7.29.7.tgz 0ms (cache hit)
3462 http cache @babel/plugin-transform-modules-umd@https://registry.npmjs.org/@babel/plugin-transform-modules-umd/-/plugin-transform-modules-umd-7.29.7.tgz 0ms (cache hit)
3463 http cache @babel/plugin-transform-modules-commonjs@https://registry.npmjs.org/@babel/plugin-transform-modules-commonjs/-/plugin-transform-modules-commonjs-7.29.7.tgz 0ms (cache hit)
3464 http cache @babel/plugin-transform-modules-systemjs@https://registry.npmjs.org/@babel/plugin-transform-modules-systemjs/-/plugin-transform-modules-systemjs-7.29.7.tgz 0ms (cache hit)
3465 http cache @babel/plugin-transform-logical-assignment-operators@https://registry.npmjs.org/@babel/plugin-transform-logical-assignment-operators/-/plugin-transform-logical-assignment-operators-7.29.7.tgz 0ms (cache hit)
3466 http cache @babel/plugin-transform-modules-amd@https://registry.npmjs.org/@babel/plugin-transform-modules-amd/-/plugin-transform-modules-amd-7.29.7.tgz 0ms (cache hit)
3467 http cache @babel/plugin-transform-member-expression-literals@https://registry.npmjs.org/@babel/plugin-transform-member-expression-literals/-/plugin-transform-member-expression-literals-7.29.7.tgz 0ms (cache hit)
3468 http cache @babel/plugin-transform-literals@https://registry.npmjs.org/@babel/plugin-transform-literals/-/plugin-transform-literals-7.29.7.tgz 0ms (cache hit)
3469 http cache @babel/plugin-transform-json-strings@https://registry.npmjs.org/@babel/plugin-transform-json-strings/-/plugin-transform-json-strings-7.29.7.tgz 0ms (cache hit)
3470 http cache @babel/plugin-transform-for-of@https://registry.npmjs.org/@babel/plugin-transform-for-of/-/plugin-transform-for-of-7.29.7.tgz 0ms (cache hit)
3471 http cache @babel/plugin-transform-function-name@https://registry.npmjs.org/@babel/plugin-transform-function-name/-/plugin-transform-function-name-7.29.7.tgz 0ms (cache hit)
3472 http cache @babel/plugin-transform-export-namespace-from@https://registry.npmjs.org/@babel/plugin-transform-export-namespace-from/-/plugin-transform-export-namespace-from-7.29.7.tgz 0ms (cache hit)
3473 http cache @babel/plugin-transform-exponentiation-operator@https://registry.npmjs.org/@babel/plugin-transform-exponentiation-operator/-/plugin-transform-exponentiation-operator-7.29.7.tgz 0ms (cache hit)
3474 http cache @babel/plugin-transform-explicit-resource-management@https://registry.npmjs.org/@babel/plugin-transform-explicit-resource-management/-/plugin-transform-explicit-resource-management-7.29.7.tgz 0ms (cache hit)
3475 http cache @babel/plugin-transform-dynamic-import@https://registry.npmjs.org/@babel/plugin-transform-dynamic-import/-/plugin-transform-dynamic-import-7.29.7.tgz 0ms (cache hit)
3476 http cache @babel/plugin-transform-duplicate-keys@https://registry.npmjs.org/@babel/plugin-transform-duplicate-keys/-/plugin-transform-duplicate-keys-7.29.7.tgz 0ms (cache hit)
3477 http cache @babel/plugin-transform-duplicate-named-capturing-groups-regex@https://registry.npmjs.org/@babel/plugin-transform-duplicate-named-capturing-groups-regex/-/plugin-transform-duplicate-named-capturing-groups-regex-7.29.7.tgz 0ms (cache hit)
3478 http cache @babel/plugin-transform-dotall-regex@https://registry.npmjs.org/@babel/plugin-transform-dotall-regex/-/plugin-transform-dotall-regex-7.29.7.tgz 0ms (cache hit)
3479 http cache @babel/plugin-transform-destructuring@https://registry.npmjs.org/@babel/plugin-transform-destructuring/-/plugin-transform-destructuring-7.29.7.tgz 0ms (cache hit)
3480 http cache @babel/plugin-transform-classes@https://registry.npmjs.org/@babel/plugin-transform-classes/-/plugin-transform-classes-7.29.7.tgz 0ms (cache hit)
3481 http cache @babel/plugin-transform-computed-properties@https://registry.npmjs.org/@babel/plugin-transform-computed-properties/-/plugin-transform-computed-properties-7.29.7.tgz 0ms (cache hit)
3482 http cache @babel/plugin-transform-class-static-block@https://registry.npmjs.org/@babel/plugin-transform-class-static-block/-/plugin-transform-class-static-block-7.29.7.tgz 0ms (cache hit)
3483 http cache @babel/plugin-transform-block-scoping@https://registry.npmjs.org/@babel/plugin-transform-block-scoping/-/plugin-transform-block-scoping-7.29.7.tgz 0ms (cache hit)
3484 http cache @babel/plugin-transform-class-properties@https://registry.npmjs.org/@babel/plugin-transform-class-properties/-/plugin-transform-class-properties-7.29.7.tgz 0ms (cache hit)
3485 http cache @babel/plugin-transform-async-generator-functions@https://registry.npmjs.org/@babel/plugin-transform-async-generator-functions/-/plugin-transform-async-generator-functions-7.29.7.tgz 0ms (cache hit)
3486 http cache @babel/plugin-transform-block-scoped-functions@https://registry.npmjs.org/@babel/plugin-transform-block-scoped-functions/-/plugin-transform-block-scoped-functions-7.29.7.tgz 0ms (cache hit)
3487 http cache @babel/plugin-transform-async-to-generator@https://registry.npmjs.org/@babel/plugin-transform-async-to-generator/-/plugin-transform-async-to-generator-7.29.7.tgz 0ms (cache hit)
3488 http cache @babel/plugin-transform-arrow-functions@https://registry.npmjs.org/@babel/plugin-transform-arrow-functions/-/plugin-transform-arrow-functions-7.29.7.tgz 0ms (cache hit)
3489 http cache @babel/plugin-syntax-unicode-sets-regex@https://registry.npmjs.org/@babel/plugin-syntax-unicode-sets-regex/-/plugin-syntax-unicode-sets-regex-7.18.6.tgz 0ms (cache hit)
3490 http cache @babel/plugin-syntax-import-attributes@https://registry.npmjs.org/@babel/plugin-syntax-import-attributes/-/plugin-syntax-import-attributes-7.29.7.tgz 0ms (cache hit)
3491 http cache @babel/plugin-syntax-import-assertions@https://registry.npmjs.org/@babel/plugin-syntax-import-assertions/-/plugin-syntax-import-assertions-7.29.7.tgz 0ms (cache hit)
3492 http cache @babel/plugin-bugfix-v8-static-class-fields-redefine-readonly@https://registry.npmjs.org/@babel/plugin-bugfix-v8-static-class-fields-redefine-readonly/-/plugin-bugfix-v8-static-class-fields-redefine-readonly-7.29.7.tgz 0ms (cache hit)
3493 http cache @babel/plugin-proposal-private-property-in-object@https://registry.npmjs.org/@babel/plugin-proposal-private-property-in-object/-/plugin-proposal-private-property-in-object-7.21.0-placeholder-for-preset-env.2.tgz 0ms (cache hit)
3494 http cache @babel/plugin-bugfix-safari-rest-destructuring-rhs-array@https://registry.npmjs.org/@babel/plugin-bugfix-safari-rest-destructuring-rhs-array/-/plugin-bugfix-safari-rest-destructuring-rhs-array-7.29.7.tgz 0ms (cache hit)
3495 http cache @babel/plugin-bugfix-safari-class-field-initializer-scope@https://registry.npmjs.org/@babel/plugin-bugfix-safari-class-field-initializer-scope/-/plugin-bugfix-safari-class-field-initializer-scope-7.29.7.tgz 0ms (cache hit)
3496 http cache @babel/plugin-bugfix-v8-spread-parameters-in-optional-chaining@https://registry.npmjs.org/@babel/plugin-bugfix-v8-spread-parameters-in-optional-chaining/-/plugin-bugfix-v8-spread-parameters-in-optional-chaining-7.29.7.tgz 0ms (cache hit)
3497 http cache @babel/plugin-bugfix-firefox-class-in-computed-class-key@https://registry.npmjs.org/@babel/plugin-bugfix-firefox-class-in-computed-class-key/-/plugin-bugfix-firefox-class-in-computed-class-key-7.29.7.tgz 0ms (cache hit)
3498 http cache @babel/helper-plugin-utils@https://registry.npmjs.org/@babel/helper-plugin-utils/-/helper-plugin-utils-7.29.7.tgz 0ms (cache hit)
3499 http cache @babel/helper-module-imports@https://registry.npmjs.org/@babel/helper-module-imports/-/helper-module-imports-7.29.7.tgz 0ms (cache hit)
3500 http cache lru-cache@https://registry.npmjs.org/lru-cache/-/lru-cache-5.1.1.tgz 0ms (cache hit)
3501 http cache browserslist@https://registry.npmjs.org/browserslist/-/browserslist-4.28.2.tgz 0ms (cache hit)
3502 http cache @babel/plugin-bugfix-safari-id-destructuring-collision-in-function-expression@https://registry.npmjs.org/@babel/plugin-bugfix-safari-id-destructuring-collision-in-function-expression/-/plugin-bugfix-safari-id-destructuring-collision-in-function-expression-7.29.7.tgz 0ms (cache hit)
3503 http cache @babel/compat-data@https://registry.npmjs.org/@babel/compat-data/-/compat-data-7.29.7.tgz 0ms (cache hit)
3504 http cache jsesc@https://registry.npmjs.org/jsesc/-/jsesc-3.1.0.tgz 0ms (cache hit)
3505 http cache @babel/helper-validator-option@https://registry.npmjs.org/@babel/helper-validator-option/-/helper-validator-option-7.29.7.tgz 0ms (cache hit)
3506 http cache @jridgewell/trace-mapping@https://registry.npmjs.org/@jridgewell/trace-mapping/-/trace-mapping-0.3.31.tgz 0ms (cache hit)
3507 http cache @jridgewell/gen-mapping@https://registry.npmjs.org/@jridgewell/gen-mapping/-/gen-mapping-0.3.13.tgz 0ms (cache hit)
3508 http cache picocolors@https://registry.npmjs.org/picocolors/-/picocolors-1.1.1.tgz 0ms (cache hit)
3509 http cache @babel/helper-validator-identifier@https://registry.npmjs.org/@babel/helper-validator-identifier/-/helper-validator-identifier-7.29.7.tgz 0ms (cache hit)
3510 http cache gensync@https://registry.npmjs.org/gensync/-/gensync-1.0.0-beta.2.tgz 0ms (cache hit)
3511 http cache debug@https://registry.npmjs.org/debug/-/debug-4.4.3.tgz 0ms (cache hit)
3512 http cache semver@https://registry.npmjs.org/semver/-/semver-6.3.1.tgz 0ms (cache hit)
3513 http cache convert-source-map@https://registry.npmjs.org/convert-source-map/-/convert-source-map-2.0.0.tgz 0ms (cache hit)
3514 http cache json5@https://registry.npmjs.org/json5/-/json5-2.2.3.tgz 0ms (cache hit)
3515 http cache @jridgewell/remapping@https://registry.npmjs.org/@jridgewell/remapping/-/remapping-2.3.5.tgz 0ms (cache hit)
3516 http cache @babel/types@https://registry.npmjs.org/@babel/types/-/types-7.29.7.tgz 0ms (cache hit)
3517 http cache @babel/traverse@https://registry.npmjs.org/@babel/traverse/-/traverse-7.29.7.tgz 0ms (cache hit)
3518 http cache @babel/template@https://registry.npmjs.org/@babel/template/-/template-7.29.7.tgz 0ms (cache hit)
3519 http cache @babel/parser@https://registry.npmjs.org/@babel/parser/-/parser-7.29.7.tgz 0ms (cache hit)
3520 http cache @babel/helper-module-transforms@https://registry.npmjs.org/@babel/helper-module-transforms/-/helper-module-transforms-7.29.7.tgz 0ms (cache hit)
3521 http cache @babel/helpers@https://registry.npmjs.org/@babel/helpers/-/helpers-7.29.7.tgz 0ms (cache hit)
3522 http cache @babel/generator@https://registry.npmjs.org/@babel/generator/-/generator-7.29.7.tgz 0ms (cache hit)
3523 http cache @babel/helper-compilation-targets@https://registry.npmjs.org/@babel/helper-compilation-targets/-/helper-compilation-targets-7.29.7.tgz 0ms (cache hit)
3524 http cache @babel/code-frame@https://registry.npmjs.org/@babel/code-frame/-/code-frame-7.29.7.tgz 0ms (cache hit)
3525 http cache yargs@https://registry.npmjs.org/yargs/-/yargs-17.7.2.tgz 0ms (cache hit)
3526 http cache ws@https://registry.npmjs.org/ws/-/ws-6.2.4.tgz 0ms (cache hit)
3527 http cache stacktrace-parser@https://registry.npmjs.org/stacktrace-parser/-/stacktrace-parser-0.1.11.tgz 0ms (cache hit)
3528 http cache whatwg-fetch@https://registry.npmjs.org/whatwg-fetch/-/whatwg-fetch-3.6.20.tgz 0ms (cache hit)
3529 http cache scheduler@https://registry.npmjs.org/scheduler/-/scheduler-0.24.0-canary-efb381bbf-20230505.tgz 0ms (cache hit)
3530 http cache regenerator-runtime@https://registry.npmjs.org/regenerator-runtime/-/regenerator-runtime-0.13.11.tgz 0ms (cache hit)
3531 http cache react-shallow-renderer@https://registry.npmjs.org/react-shallow-renderer/-/react-shallow-renderer-16.15.0.tgz 0ms (cache hit)
3532 http cache react-devtools-core@https://registry.npmjs.org/react-devtools-core/-/react-devtools-core-5.3.2.tgz 0ms (cache hit)
3533 http cache react-refresh@https://registry.npmjs.org/react-refresh/-/react-refresh-0.14.2.tgz 0ms (cache hit)
3534 http cache pretty-format@https://registry.npmjs.org/pretty-format/-/pretty-format-26.6.2.tgz 0ms (cache hit)
3535 http cache promise@https://registry.npmjs.org/promise/-/promise-8.3.0.tgz 0ms (cache hit)
3536 http cache nullthrows@https://registry.npmjs.org/nullthrows/-/nullthrows-1.1.1.tgz 0ms (cache hit)
3537 http cache metro-source-map@https://registry.npmjs.org/metro-source-map/-/metro-source-map-0.80.12.tgz 0ms (cache hit)
3538 http cache metro-runtime@https://registry.npmjs.org/metro-runtime/-/metro-runtime-0.80.12.tgz 0ms (cache hit)
3539 http cache memoize-one@https://registry.npmjs.org/memoize-one/-/memoize-one-5.2.1.tgz 0ms (cache hit)
3540 http cache mkdirp@https://registry.npmjs.org/mkdirp/-/mkdirp-0.5.6.tgz 0ms (cache hit)
3541 http cache jsc-android@https://registry.npmjs.org/jsc-android/-/jsc-android-250231.0.0.tgz 0ms (cache hit)
3542 http cache jest-environment-node@https://registry.npmjs.org/jest-environment-node/-/jest-environment-node-29.7.0.tgz 0ms (cache hit)
3543 http cache invariant@https://registry.npmjs.org/invariant/-/invariant-2.2.4.tgz 0ms (cache hit)
3544 http cache flow-enums-runtime@https://registry.npmjs.org/flow-enums-runtime/-/flow-enums-runtime-0.0.6.tgz 0ms (cache hit)
3545 http cache event-target-shim@https://registry.npmjs.org/event-target-shim/-/event-target-shim-5.0.1.tgz 0ms (cache hit)
3546 http cache chalk@https://registry.npmjs.org/chalk/-/chalk-4.1.2.tgz 0ms (cache hit)
3547 http cache ansi-regex@https://registry.npmjs.org/ansi-regex/-/ansi-regex-5.0.1.tgz 0ms (cache hit)
3548 http cache anser@https://registry.npmjs.org/anser/-/anser-1.4.10.tgz 0ms (cache hit)
3549 http cache abort-controller@https://registry.npmjs.org/abort-controller/-/abort-controller-3.0.0.tgz 0ms (cache hit)
3550 http cache base64-js@https://registry.npmjs.org/base64-js/-/base64-js-1.5.1.tgz 0ms (cache hit)
3551 http cache @react-native/virtualized-lists@https://registry.npmjs.org/@react-native/virtualized-lists/-/virtualized-lists-0.74.87.tgz 0ms (cache hit)
3552 http cache @react-native/normalize-colors@https://registry.npmjs.org/@react-native/normalize-colors/-/normalize-colors-0.74.87.tgz 0ms (cache hit)
3553 http cache @react-native/community-cli-plugin@https://registry.npmjs.org/@react-native/community-cli-plugin/-/community-cli-plugin-0.74.87.tgz 0ms (cache hit)
3554 http cache @react-native/js-polyfills@https://registry.npmjs.org/@react-native/js-polyfills/-/js-polyfills-0.74.87.tgz 0ms (cache hit)
3555 http cache @babel/core@https://registry.npmjs.org/@babel/core/-/core-7.29.7.tgz 0ms (cache hit)
3556 http cache @react-native/gradle-plugin@https://registry.npmjs.org/@react-native/gradle-plugin/-/gradle-plugin-0.74.87.tgz 0ms (cache hit)
3557 http cache @react-native/codegen@https://registry.npmjs.org/@react-native/codegen/-/codegen-0.74.87.tgz 0ms (cache hit)
3558 http cache @babel/preset-env@https://registry.npmjs.org/@babel/preset-env/-/preset-env-7.29.7.tgz 0ms (cache hit)
3559 http cache @react-native/assets-registry@https://registry.npmjs.org/@react-native/assets-registry/-/assets-registry-0.74.87.tgz 0ms (cache hit)
3560 http cache @react-native-community/cli-platform-ios@https://registry.npmjs.org/@react-native-community/cli-platform-ios/-/cli-platform-ios-13.6.9.tgz 0ms (cache hit)
3561 http cache @react-native-community/cli-platform-android@https://registry.npmjs.org/@react-native-community/cli-platform-android/-/cli-platform-android-13.6.9.tgz 0ms (cache hit)
3562 http cache @jest/create-cache-key-function@https://registry.npmjs.org/@jest/create-cache-key-function/-/create-cache-key-function-29.7.0.tgz 0ms (cache hit)
3563 http cache js-tokens@https://registry.npmjs.org/js-tokens/-/js-tokens-4.0.0.tgz 0ms (cache hit)
3564 http cache @react-native-community/cli@https://registry.npmjs.org/@react-native-community/cli/-/cli-13.6.9.tgz 0ms (cache hit)
3565 http cache loose-envify@https://registry.npmjs.org/loose-envify/-/loose-envify-1.4.0.tgz 0ms (cache hit)
3566 http cache react-native@https://registry.npmjs.org/react-native/-/react-native-0.74.5.tgz 0ms (cache hit)
3567 http cache react@https://registry.npmjs.org/react/-/react-18.2.0.tgz 0ms (cache hit)
3568 http cache strip-ansi@https://registry.npmjs.org/strip-ansi/-/strip-ansi-6.0.1.tgz 0ms (cache hit)
3569 http cache is-fullwidth-code-point@https://registry.npmjs.org/is-fullwidth-code-point/-/is-fullwidth-code-point-3.0.0.tgz 0ms (cache hit)
3570 http cache strip-ansi@https://registry.npmjs.org/strip-ansi/-/strip-ansi-6.0.1.tgz 0ms (cache hit)
3571 http cache strip-ansi@https://registry.npmjs.org/strip-ansi/-/strip-ansi-6.0.1.tgz 0ms (cache hit)
3572 http cache statuses@https://registry.npmjs.org/statuses/-/statuses-2.0.2.tgz 0ms (cache hit)
3573 http cache on-finished@https://registry.npmjs.org/on-finished/-/on-finished-2.4.1.tgz 0ms (cache hit)
3574 http cache encodeurl@https://registry.npmjs.org/encodeurl/-/encodeurl-2.0.0.tgz 0ms (cache hit)
3575 http cache statuses@https://registry.npmjs.org/statuses/-/statuses-2.0.2.tgz 0ms (cache hit)
3576 http cache mime@https://registry.npmjs.org/mime/-/mime-1.6.0.tgz 0ms (cache hit)
3577 http cache commander@https://registry.npmjs.org/commander/-/commander-2.20.3.tgz 0ms (cache hit)
3578 http cache debug@https://registry.npmjs.org/debug/-/debug-2.6.9.tgz 0ms (cache hit)
3579 http cache ms@https://registry.npmjs.org/ms/-/ms-2.0.0.tgz 0ms (cache hit)
3580 http cache string_decoder@https://registry.npmjs.org/string_decoder/-/string_decoder-1.1.1.tgz 0ms (cache hit)
3581 http cache safe-buffer@https://registry.npmjs.org/safe-buffer/-/safe-buffer-5.1.2.tgz 0ms (cache hit)
3582 http cache readable-stream@https://registry.npmjs.org/readable-stream/-/readable-stream-2.3.8.tgz 0ms (cache hit)
3583 http cache ansi-styles@https://registry.npmjs.org/ansi-styles/-/ansi-styles-5.2.0.tgz 0ms (cache hit)
3584 http cache react-is@https://registry.npmjs.org/react-is/-/react-is-18.3.1.tgz 0ms (cache hit)
3585 http cache source-map@https://registry.npmjs.org/source-map/-/source-map-0.5.7.tgz 0ms (cache hit)
3586 http cache ms@https://registry.npmjs.org/ms/-/ms-2.0.0.tgz 0ms (cache hit)
3587 http cache debug@https://registry.npmjs.org/debug/-/debug-2.6.9.tgz 0ms (cache hit)
3588 http cache pretty-format@https://registry.npmjs.org/pretty-format/-/pretty-format-29.7.0.tgz 0ms (cache hit)
3589 http cache hermes-estree@https://registry.npmjs.org/hermes-estree/-/hermes-estree-0.23.1.tgz 0ms (cache hit)
3590 http cache hermes-parser@https://registry.npmjs.org/hermes-parser/-/hermes-parser-0.23.1.tgz 0ms (cache hit)
3591 http cache supports-color@https://registry.npmjs.org/supports-color/-/supports-color-8.1.1.tgz 0ms (cache hit)
3592 http cache color-name@https://registry.npmjs.org/color-name/-/color-name-1.1.3.tgz 0ms (cache hit)
3593 http cache color-convert@https://registry.npmjs.org/color-convert/-/color-convert-1.9.3.tgz 0ms (cache hit)
3594 http cache ansi-styles@https://registry.npmjs.org/ansi-styles/-/ansi-styles-3.2.1.tgz 0ms (cache hit)
3595 http cache p-locate@https://registry.npmjs.org/p-locate/-/p-locate-3.0.0.tgz 0ms (cache hit)
3596 http cache path-exists@https://registry.npmjs.org/path-exists/-/path-exists-3.0.0.tgz 0ms (cache hit)
3597 http cache locate-path@https://registry.npmjs.org/locate-path/-/locate-path-3.0.0.tgz 0ms (cache hit)
3598 http cache find-up@https://registry.npmjs.org/find-up/-/find-up-3.0.0.tgz 0ms (cache hit)
3599 http cache source-map@https://registry.npmjs.org/source-map/-/source-map-0.6.1.tgz 0ms (cache hit)
3600 http cache semver@https://registry.npmjs.org/semver/-/semver-5.7.2.tgz 0ms (cache hit)
3601 http cache rimraf@https://registry.npmjs.org/rimraf/-/rimraf-2.6.3.tgz 0ms (cache hit)
3602 http cache source-map@https://registry.npmjs.org/source-map/-/source-map-0.6.1.tgz 0ms (cache hit)
3603 http cache escape-string-regexp@https://registry.npmjs.org/escape-string-regexp/-/escape-string-regexp-2.0.0.tgz 0ms (cache hit)
3604 http cache react-is@https://registry.npmjs.org/react-is/-/react-is-18.3.1.tgz 0ms (cache hit)
3605 http cache pretty-format@https://registry.npmjs.org/pretty-format/-/pretty-format-29.7.0.tgz 0ms (cache hit)
3606 http cache ansi-styles@https://registry.npmjs.org/ansi-styles/-/ansi-styles-5.2.0.tgz 0ms (cache hit)
3607 http cache mime-db@https://registry.npmjs.org/mime-db/-/mime-db-1.52.0.tgz 0ms (cache hit)
3608 http cache ms@https://registry.npmjs.org/ms/-/ms-2.0.0.tgz 0ms (cache hit)
3609 http cache debug@https://registry.npmjs.org/debug/-/debug-2.6.9.tgz 0ms (cache hit)
3610 http cache ms@https://registry.npmjs.org/ms/-/ms-2.0.0.tgz 0ms (cache hit)
3611 http cache negotiator@https://registry.npmjs.org/negotiator/-/negotiator-0.6.3.tgz 0ms (cache hit)
3612 http cache debug@https://registry.npmjs.org/debug/-/debug-2.6.9.tgz 0ms (cache hit)
3613 http cache babel-plugin-polyfill-corejs3@https://registry.npmjs.org/babel-plugin-polyfill-corejs3/-/babel-plugin-polyfill-corejs3-0.13.0.tgz 0ms (cache hit)
3614 http cache mkdirp@https://registry.npmjs.org/mkdirp/-/mkdirp-1.0.4.tgz 0ms (cache hit)
3615 http cache hermes-estree@https://registry.npmjs.org/hermes-estree/-/hermes-estree-0.23.1.tgz 0ms (cache hit)
3616 http cache ms@https://registry.npmjs.org/ms/-/ms-2.0.0.tgz 0ms (cache hit)
3617 http cache undici-types@https://registry.npmjs.org/undici-types/-/undici-types-5.26.5.tgz 0ms (cache hit)
3618 http cache @types/node@https://registry.npmjs.org/@types/node/-/node-18.19.130.tgz 0ms (cache hit)
3619 http cache ws@https://registry.npmjs.org/ws/-/ws-7.5.11.tgz 0ms (cache hit)
3620 http cache strip-ansi@https://registry.npmjs.org/strip-ansi/-/strip-ansi-6.0.1.tgz 0ms (cache hit)
3621 http cache hermes-parser@https://registry.npmjs.org/hermes-parser/-/hermes-parser-0.23.1.tgz 0ms (cache hit)
3622 http cache source-map@https://registry.npmjs.org/source-map/-/source-map-0.5.7.tgz 0ms (cache hit)
3623 http cache debug@https://registry.npmjs.org/debug/-/debug-2.6.9.tgz 0ms (cache hit)
3624 http cache ms@https://registry.npmjs.org/ms/-/ms-2.0.0.tgz 0ms (cache hit)
3625 http cache ci-info@https://registry.npmjs.org/ci-info/-/ci-info-2.0.0.tgz 0ms (cache hit)
3626 http cache is-wsl@https://registry.npmjs.org/is-wsl/-/is-wsl-1.1.0.tgz 0ms (cache hit)
3627 http cache debug@https://registry.npmjs.org/debug/-/debug-2.6.9.tgz 0ms (cache hit)
3628 http cache open@https://registry.npmjs.org/open/-/open-7.4.2.tgz 0ms (cache hit)
3629 http cache ms@https://registry.npmjs.org/ms/-/ms-2.0.0.tgz 0ms (cache hit)
3630 http cache debug@https://registry.npmjs.org/debug/-/debug-2.6.9.tgz 0ms (cache hit)
3631 http cache ms@https://registry.npmjs.org/ms/-/ms-2.0.0.tgz 0ms (cache hit)
3632 http cache debug@https://registry.npmjs.org/debug/-/debug-2.6.9.tgz 0ms (cache hit)
3633 http cache camelcase@https://registry.npmjs.org/camelcase/-/camelcase-5.3.1.tgz 0ms (cache hit)
3634 http cache wrap-ansi@https://registry.npmjs.org/wrap-ansi/-/wrap-ansi-6.2.0.tgz 0ms (cache hit)
3635 http cache strip-ansi@https://registry.npmjs.org/strip-ansi/-/strip-ansi-6.0.1.tgz 0ms (cache hit)
3636 http cache yargs-parser@https://registry.npmjs.org/yargs-parser/-/yargs-parser-18.1.3.tgz 0ms (cache hit)
3637 http cache y18n@https://registry.npmjs.org/y18n/-/y18n-4.0.3.tgz 0ms (cache hit)
3638 http cache cliui@https://registry.npmjs.org/cliui/-/cliui-6.0.0.tgz 0ms (cache hit)
3639 http cache yargs@https://registry.npmjs.org/yargs/-/yargs-15.4.1.tgz 0ms (cache hit)
3640 http cache ansi-regex@https://registry.npmjs.org/ansi-regex/-/ansi-regex-4.1.1.tgz 0ms (cache hit)
3641 http cache strip-ansi@https://registry.npmjs.org/strip-ansi/-/strip-ansi-6.0.1.tgz 0ms (cache hit)
3642 http cache encodeurl@https://registry.npmjs.org/encodeurl/-/encodeurl-2.0.0.tgz 0ms (cache hit)
3643 http cache p-limit@https://registry.npmjs.org/p-limit/-/p-limit-3.1.0.tgz 0ms (cache hit)
3644 http cache p-locate@https://registry.npmjs.org/p-locate/-/p-locate-5.0.0.tgz 0ms (cache hit)
3645 http cache locate-path@https://registry.npmjs.org/locate-path/-/locate-path-6.0.0.tgz 0ms (cache hit)
3646 http cache semver@https://registry.npmjs.org/semver/-/semver-7.8.3.tgz 0ms (cache hit)
3647 http cache find-up@https://registry.npmjs.org/find-up/-/find-up-5.0.0.tgz 0ms (cache hit)
3648 http cache semver@https://registry.npmjs.org/semver/-/semver-7.8.3.tgz 0ms (cache hit)
3649 http cache ws@https://registry.npmjs.org/ws/-/ws-7.5.11.tgz 0ms (cache hit)
3650 http cache @types/yargs@https://registry.npmjs.org/@types/yargs/-/yargs-15.0.20.tgz 0ms (cache hit)
3651 http cache @jest/types@https://registry.npmjs.org/@jest/types/-/types-26.6.2.tgz 0ms (cache hit)
3652 http cache source-map@https://registry.npmjs.org/source-map/-/source-map-0.5.7.tgz 0ms (cache hit)
3653 http cache semver@https://registry.npmjs.org/semver/-/semver-7.8.3.tgz 0ms (cache hit)
3654 http fetch POST 200 https://registry.npmjs.org/-/npm/v1/security/advisories/bulk 1747ms
3655 silly audit report {
3655 silly audit report   'fast-xml-parser': [
3655 silly audit report     {
3655 silly audit report       id: 1117911,
3655 silly audit report       url: 'https://github.com/advisories/GHSA-gh4j-gqv2-49f6',
3655 silly audit report       title: 'fast-xml-parser XMLBuilder: XML Comment and CDATA Injection via Unescaped Delimiters',
3655 silly audit report       severity: 'moderate',
3655 silly audit report       vulnerable_versions: '<5.7.0',
3655 silly audit report       cwe: [Array],
3655 silly audit report       cvss: [Object]
3655 silly audit report     }
3655 silly audit report   ]
3655 silly audit report }
3656 silly packumentCache corgi:https://registry.npmjs.org/fast-xml-parser cache-miss
3657 warn deprecated inflight@1.0.6: This module is not supported, and leaks memory. Do not use it. Check out lru-cache if you want a good and tested way to coalesce async requests by a key value, which is much more comprehensive and powerful.
3658 warn deprecated @babel/plugin-proposal-optional-catch-binding@7.18.6: This proposal has been merged to the ECMAScript standard and thus this plugin is no longer maintained. Please use @babel/plugin-transform-optional-catch-binding instead.
3659 warn deprecated @babel/plugin-proposal-nullish-coalescing-operator@7.18.6: This proposal has been merged to the ECMAScript standard and thus this plugin is no longer maintained. Please use @babel/plugin-transform-nullish-coalescing-operator instead.
3660 warn deprecated @babel/plugin-proposal-numeric-separator@7.18.6: This proposal has been merged to the ECMAScript standard and thus this plugin is no longer maintained. Please use @babel/plugin-transform-numeric-separator instead.
3661 warn deprecated @babel/plugin-proposal-class-properties@7.18.6: This proposal has been merged to the ECMAScript standard and thus this plugin is no longer maintained. Please use @babel/plugin-transform-class-properties instead.
3662 warn deprecated rimraf@2.6.3: Rimraf versions prior to v4 are no longer supported
3663 warn deprecated rimraf@3.0.2: Rimraf versions prior to v4 are no longer supported
3664 warn deprecated @babel/plugin-proposal-logical-assignment-operators@7.20.7: This proposal has been merged to the ECMAScript standard and thus this plugin is no longer maintained. Please use @babel/plugin-transform-logical-assignment-operators instead.
3665 warn deprecated @babel/plugin-proposal-optional-chaining@7.21.0: This proposal has been merged to the ECMAScript standard and thus this plugin is no longer maintained. Please use @babel/plugin-transform-optional-chaining instead.
3666 warn deprecated glob@7.2.3: Old versions of glob are not supported, and contain widely publicized security vulnerabilities, which have been fixed in the current version. Please update. Support for old versions may be purchased (at exorbitant rates) by contacting i@izs.me
3667 warn deprecated querystring@0.2.1: The querystring API is considered Legacy. new code should use the URLSearchParams API instead.
3668 warn deprecated sudo-prompt@9.2.1: Package no longer supported. Contact Support at https://www.npmjs.com/support for more info.
3669 warn deprecated @babel/plugin-proposal-async-generator-functions@7.20.7: This proposal has been merged to the ECMAScript standard and thus this plugin is no longer maintained. Please use @babel/plugin-transform-async-generator-functions instead.
3670 warn deprecated @babel/plugin-proposal-object-rest-spread@7.20.7: This proposal has been merged to the ECMAScript standard and thus this plugin is no longer maintained. Please use @babel/plugin-transform-object-rest-spread instead.
3671 http fetch GET 200 https://registry.npmjs.org/fast-xml-parser 433ms (cache revalidated)
3672 silly packumentCache corgi:https://registry.npmjs.org/fast-xml-parser set size:256186 disposed:false
3673 silly packumentCache corgi:https://registry.npmjs.org/@react-native-community%2fcli-platform-android cache-miss
3674 silly packumentCache corgi:https://registry.npmjs.org/@react-native-community%2fcli-platform-apple cache-miss
3675 http fetch GET 200 https://registry.npmjs.org/@react-native-community%2fcli-platform-android 682ms (cache revalidated)
3676 silly packumentCache corgi:https://registry.npmjs.org/@react-native-community%2fcli-platform-android set size:337344 disposed:false
3677 http fetch GET 200 https://registry.npmjs.org/@react-native-community%2fcli-platform-apple 877ms (cache revalidated)
3678 silly packumentCache corgi:https://registry.npmjs.org/@react-native-community%2fcli-platform-apple set size:56996 disposed:false
3679 silly packumentCache corgi:https://registry.npmjs.org/react-native cache-miss
3680 silly packumentCache corgi:https://registry.npmjs.org/@react-native-community%2fcli-doctor cache-miss
3681 silly packumentCache corgi:https://registry.npmjs.org/@react-native-community%2fcli-hermes cache-miss
3682 http cache https://registry.npmjs.org/react-native 37ms (cache hit)
3683 silly packumentCache corgi:https://registry.npmjs.org/react-native set size:7035394 disposed:false
3684 http fetch GET 200 https://registry.npmjs.org/@react-native-community%2fcli-hermes 781ms (cache revalidated)
3685 silly packumentCache corgi:https://registry.npmjs.org/@react-native-community%2fcli-hermes set size:162123 disposed:false
3686 http fetch GET 200 https://registry.npmjs.org/@react-native-community%2fcli-doctor 824ms (cache revalidated)
3687 silly packumentCache corgi:https://registry.npmjs.org/@react-native-community%2fcli-doctor set size:258604 disposed:false
3688 silly packumentCache corgi:https://registry.npmjs.org/@react-native-community%2fcli-platform-ios cache-miss
3689 http fetch GET 200 https://registry.npmjs.org/@react-native-community%2fcli-platform-ios 792ms (cache revalidated)
3690 silly packumentCache corgi:https://registry.npmjs.org/@react-native-community%2fcli-platform-ios set size:298940 disposed:false
3691 silly packumentCache corgi:https://registry.npmjs.org/@react-native%2fvirtualized-lists cache-miss
3692 http fetch GET 200 https://registry.npmjs.org/@react-native%2fvirtualized-lists 576ms (cache revalidated)
3693 silly packumentCache corgi:https://registry.npmjs.org/@react-native%2fvirtualized-lists set size:969957 disposed:false
3694 silly packumentCache corgi:https://registry.npmjs.org/@react-native-community%2fcli cache-miss
3695 info run fsevents@2.3.3 install node_modules/fsevents node-gyp rebuild
3696 http fetch GET 200 https://registry.npmjs.org/@react-native-community%2fcli 596ms (cache revalidated)
3697 silly packumentCache corgi:https://registry.npmjs.org/@react-native-community%2fcli set size:705880 disposed:false
3698 info run fsevents@2.3.3 install { code: 1, signal: null }
3699 verbose reify failed optional dependency /private/var/folders/8w/6bt0s6791sgfprqd3lwk_26r0000gn/T/rncli-init-template-7Y6e6l/node_modules/fsevents
3700 silly reify mark deleted [
3700 silly reify   '/private/var/folders/8w/6bt0s6791sgfprqd3lwk_26r0000gn/T/rncli-init-template-7Y6e6l/node_modules/fsevents'
3700 silly reify ]
3701 silly ADD node_modules/process-nextick-args
3702 silly ADD node_modules/isarray
3703 silly ADD node_modules/core-util-is
3704 silly ADD node_modules/which-module
3705 silly ADD node_modules/set-blocking
3706 silly ADD node_modules/require-main-filename
3707 silly ADD node_modules/decamelize
3708 silly ADD node_modules/yocto-queue
3709 silly ADD node_modules/emoji-regex
3710 silly ADD node_modules/wrap-ansi
3711 silly ADD node_modules/wrap-ansi/node_modules/strip-ansi
3712 silly ADD node_modules/yargs-parser
3713 silly ADD node_modules/y18n
3714 silly ADD node_modules/string-width
3715 silly ADD node_modules/string-width/node_modules/strip-ansi
3716 silly ADD node_modules/string-width/node_modules/is-fullwidth-code-point
3717 silly ADD node_modules/require-directory
3718 silly ADD node_modules/get-caller-file
3719 silly ADD node_modules/cliui
3720 silly ADD node_modules/cliui/node_modules/strip-ansi
3721 silly ADD node_modules/async-limiter
3722 silly ADD node_modules/imurmurhash
3723 silly ADD node_modules/isexe
3724 silly ADD node_modules/webidl-conversions
3725 silly ADD node_modules/tr46
3726 silly ADD node_modules/clone
3727 silly ADD node_modules/defaults
3728 silly ADD node_modules/tmpl
3729 silly ADD node_modules/makeerror
3730 silly ADD node_modules/escalade
3731 silly ADD node_modules/unicode-property-aliases-ecmascript
3732 silly ADD node_modules/unicode-canonical-property-names-ecmascript
3733 silly ADD node_modules/is-number
3734 silly ADD node_modules/xtend
3735 silly ADD node_modules/acorn
3736 silly ADD node_modules/@jridgewell/source-map
3737 silly ADD node_modules/has-flag
3738 silly ADD node_modules/type-fest
3739 silly ADD node_modules/buffer-from
3740 silly ADD node_modules/is-fullwidth-code-point
3741 silly ADD node_modules/astral-regex
3742 silly ADD node_modules/shebang-regex
3743 silly ADD node_modules/toidentifier
3744 silly ADD node_modules/setprototypeof
3745 silly ADD node_modules/range-parser
3746 silly ADD node_modules/http-errors
3747 silly ADD node_modules/http-errors/node_modules/statuses
3748 silly ADD node_modules/fresh
3749 silly ADD node_modules/etag
3750 silly ADD node_modules/destroy
3751 silly ADD node_modules/depd
3752 silly ADD node_modules/send
3753 silly ADD node_modules/send/node_modules/statuses
3754 silly ADD node_modules/send/node_modules/on-finished
3755 silly ADD node_modules/send/node_modules/mime
3756 silly ADD node_modules/send/node_modules/encodeurl
3757 silly ADD node_modules/send/node_modules/debug
3758 silly ADD node_modules/send/node_modules/debug/node_modules/ms
3759 silly ADD node_modules/node-forge
3760 silly ADD node_modules/@types/node-forge
3761 silly ADD node_modules/queue-microtask
3762 silly ADD node_modules/function-bind
3763 silly ADD node_modules/hasown
3764 silly ADD node_modules/supports-preserve-symlinks-flag
3765 silly ADD node_modules/path-parse
3766 silly ADD node_modules/is-core-module
3767 silly ADD node_modules/es-errors
3768 silly ADD node_modules/unicode-match-property-value-ecmascript
3769 silly ADD node_modules/unicode-match-property-ecmascript
3770 silly ADD node_modules/regjsparser
3771 silly ADD node_modules/regjsgen
3772 silly ADD node_modules/regenerate-unicode-properties
3773 silly ADD node_modules/regenerate
3774 silly ADD node_modules/tslib
3775 silly ADD node_modules/ast-types
3776 silly ADD node_modules/util-deprecate
3777 silly ADD node_modules/string_decoder
3778 silly ADD node_modules/object-assign
3779 silly ADD node_modules/sisteransi
3780 silly ADD node_modules/kleur
3781 silly ADD node_modules/asap
3782 silly ADD node_modules/react-is
3783 silly ADD node_modules/is-arrayish
3784 silly ADD node_modules/json-parse-better-errors
3785 silly ADD node_modules/error-ex
3786 silly ADD node_modules/p-try
3787 silly ADD node_modules/p-limit
3788 silly ADD node_modules/restore-cursor
3789 silly ADD node_modules/ieee754
3790 silly ADD node_modules/readable-stream
3791 silly ADD node_modules/buffer
3792 silly ADD node_modules/log-symbols
3793 silly ADD node_modules/is-unicode-supported
3794 silly ADD node_modules/is-interactive
3795 silly ADD node_modules/cli-spinners
3796 silly ADD node_modules/cli-cursor
3797 silly ADD node_modules/bl
3798 silly ADD node_modules/mimic-fn
3799 silly ADD node_modules/ee-first
3800 silly ADD node_modules/whatwg-url
3801 silly ADD node_modules/minimist
3802 silly ADD node_modules/concat-map
3803 silly ADD node_modules/balanced-match
3804 silly ADD node_modules/brace-expansion
3805 silly ADD node_modules/to-regex-range
3806 silly ADD node_modules/fill-range
3807 silly ADD node_modules/braces
3808 silly ADD node_modules/terser
3809 silly ADD node_modules/terser/node_modules/commander
3810 silly ADD node_modules/metro-minify-terser
3811 silly ADD node_modules/through2
3812 silly ADD node_modules/through2/node_modules/string_decoder
3813 silly ADD node_modules/through2/node_modules/safe-buffer
3814 silly ADD node_modules/through2/node_modules/readable-stream
3815 silly ADD node_modules/vlq
3816 silly ADD node_modules/ob1
3817 silly ADD node_modules/@babel/runtime
3818 silly ADD node_modules/node-int64
3819 silly ADD node_modules/bser
3820 silly ADD node_modules/normalize-path
3821 silly ADD node_modules/walker
3822 silly ADD node_modules/node-abort-controller
3823 silly ADD
3824 silly ADD node_modules/fb-watchman
3825 silly ADD node_modules/anymatch
3826 silly ADD node_modules/leven
3827 silly ADD node_modules/jest-get-type
3828 silly ADD node_modules/camelcase
3829 silly ADD node_modules/jest-validate
3830 silly ADD node_modules/jest-validate/node_modules/react-is
3831 silly ADD node_modules/jest-validate/node_modules/ansi-styles
3832 silly ADD node_modules/jest-validate/node_modules/pretty-format
3833 silly ADD node_modules/exponential-backoff
3834 silly ADD node_modules/queue
3835 silly ADD node_modules/stackframe
3836 silly ADD node_modules/throat
3837 silly ADD node_modules/serialize-error
3838 silly ADD node_modules/metro-transform-worker
3839 silly ADD node_modules/metro-transform-plugins
3840 silly ADD node_modules/metro-symbolicate
3841 silly ADD node_modules/metro-symbolicate/node_modules/source-map
3842 silly ADD node_modules/metro-resolver
3843 silly ADD node_modules/metro-file-map
3844 silly ADD node_modules/metro-file-map/node_modules/ms
3845 silly ADD node_modules/metro-file-map/node_modules/debug
3846 silly ADD node_modules/metro-cache-key
3847 silly ADD node_modules/metro-cache
3848 silly ADD node_modules/metro-babel-transformer
3849 silly ADD node_modules/metro-babel-transformer/node_modules/hermes-estree
3850 silly ADD node_modules/metro-babel-transformer/node_modules/hermes-parser
3851 silly ADD node_modules/lodash.throttle
3852 silly ADD node_modules/jsc-safe-url
3853 silly ADD node_modules/jest-worker
3854 silly ADD node_modules/jest-worker/node_modules/supports-color
3855 silly ADD node_modules/image-size
3856 silly ADD node_modules/error-stack-parser
3857 silly ADD node_modules/denodeify
3858 silly ADD node_modules/pify
3859 silly ADD node_modules/yallist
3860 silly ADD node_modules/slice-ansi
3861 silly ADD node_modules/slice-ansi/node_modules/color-name
3862 silly ADD node_modules/slice-ansi/node_modules/color-convert
3863 silly ADD node_modules/slice-ansi/node_modules/ansi-styles
3864 silly ADD node_modules/colorette
3865 silly ADD node_modules/dayjs
3866 silly ADD node_modules/ansi-fragments
3867 silly ADD node_modules/p-locate
3868 silly ADD node_modules/marky
3869 silly ADD node_modules/isobject
3870 silly ADD node_modules/pkg-dir
3871 silly ADD node_modules/pkg-dir/node_modules/path-exists
3872 silly ADD node_modules/pkg-dir/node_modules/p-locate
3873 silly ADD node_modules/pkg-dir/node_modules/locate-path
3874 silly ADD node_modules/pkg-dir/node_modules/find-up
3875 silly ADD node_modules/commondir
3876 silly ADD node_modules/shallow-clone
3877 silly ADD node_modules/kind-of
3878 silly ADD node_modules/is-plain-object
3879 silly ADD node_modules/source-map-support
3880 silly ADD node_modules/source-map-support/node_modules/source-map
3881 silly ADD node_modules/pirates
3882 silly ADD node_modules/make-dir
3883 silly ADD node_modules/make-dir/node_modules/semver
3884 silly ADD node_modules/find-cache-dir
3885 silly ADD node_modules/clone-deep
3886 silly ADD node_modules/write-file-atomic
3887 silly ADD node_modules/temp
3888 silly ADD node_modules/temp/node_modules/rimraf
3889 silly ADD node_modules/recast
3890 silly ADD node_modules/recast/node_modules/source-map
3891 silly ADD node_modules/node-dir
3892 silly ADD node_modules/neo-async
3893 silly ADD node_modules/flow-parser
3894 silly ADD node_modules/babel-core
3895 silly ADD node_modules/@babel/register
3896 silly ADD node_modules/@babel/preset-typescript
3897 silly ADD node_modules/@babel/preset-flow
3898 silly ADD node_modules/sprintf-js
3899 silly ADD node_modules/esprima
3900 silly ADD node_modules/argparse
3901 silly ADD node_modules/@sideway/pinpoint
3902 silly ADD node_modules/@sideway/formula
3903 silly ADD node_modules/@sideway/address
3904 silly ADD node_modules/@hapi/topo
3905 silly ADD node_modules/@hapi/hoek
3906 silly ADD node_modules/picomatch
3907 silly ADD node_modules/ci-info
3908 silly ADD node_modules/stack-utils
3909 silly ADD node_modules/stack-utils/node_modules/escape-string-regexp
3910 silly ADD node_modules/slash
3911 silly ADD node_modules/@types/stack-utils
3912 silly ADD node_modules/type-detect
3913 silly ADD node_modules/@sinonjs/commons
3914 silly ADD node_modules/jest-message-util
3915 silly ADD node_modules/jest-message-util/node_modules/react-is
3916 silly ADD node_modules/jest-message-util/node_modules/ansi-styles
3917 silly ADD node_modules/jest-message-util/node_modules/pretty-format
3918 silly ADD node_modules/@sinonjs/fake-timers
3919 silly ADD node_modules/jest-util
3920 silly ADD node_modules/jest-mock
3921 silly ADD node_modules/@jest/fake-timers
3922 silly ADD node_modules/@jest/environment
3923 silly ADD node_modules/is-docker
3924 silly ADD node_modules/is-extglob
3925 silly ADD node_modules/wrappy
3926 silly ADD node_modules/callsites
3927 silly ADD node_modules/caller-callsite
3928 silly ADD node_modules/resolve-from
3929 silly ADD node_modules/caller-path
3930 silly ADD node_modules/source-map
3931 silly ADD node_modules/hermes-estree
3932 silly ADD node_modules/is-glob
3933 silly ADD node_modules/path-is-absolute
3934 silly ADD node_modules/once
3935 silly ADD node_modules/minimatch
3936 silly ADD node_modules/inherits
3937 silly ADD node_modules/inflight
3938 silly ADD node_modules/fs.realpath
3939 silly ADD node_modules/universalify
3940 silly ADD node_modules/jsonfile
3941 silly ADD node_modules/path-exists
3942 silly ADD node_modules/locate-path
3943 silly ADD node_modules/unpipe
3944 silly ADD node_modules/statuses
3945 silly ADD node_modules/on-finished
3946 silly ADD node_modules/encodeurl
3947 silly ADD node_modules/reusify
3948 silly ADD node_modules/strnum
3949 silly ADD node_modules/run-parallel
3950 silly ADD node_modules/fastq
3951 silly ADD node_modules/@nodelib/fs.scandir
3952 silly ADD node_modules/micromatch
3953 silly ADD node_modules/merge2
3954 silly ADD node_modules/glob-parent
3955 silly ADD node_modules/@nodelib/fs.walk
3956 silly ADD node_modules/@nodelib/fs.stat
3957 silly ADD node_modules/which
3958 silly ADD node_modules/shebang-command
3959 silly ADD node_modules/path-key
3960 silly ADD node_modules/strip-final-newline
3961 silly ADD node_modules/signal-exit
3962 silly ADD node_modules/onetime
3963 silly ADD node_modules/npm-run-path
3964 silly ADD node_modules/merge-stream
3965 silly ADD node_modules/is-stream
3966 silly ADD node_modules/human-signals
3967 silly ADD node_modules/get-stream
3968 silly ADD node_modules/cross-spawn
3969 silly ADD node_modules/mime-types
3970 silly ADD node_modules/mime-types/node_modules/mime-db
3971 silly ADD node_modules/escape-html
3972 silly ADD node_modules/accepts
3973 silly ADD node_modules/accepts/node_modules/negotiator
3974 silly ADD node_modules/ms
3975 silly ADD node_modules/parse-json
3976 silly ADD node_modules/js-yaml
3977 silly ADD node_modules/is-directory
3978 silly ADD node_modules/import-fresh
3979 silly ADD node_modules/utils-merge
3980 silly ADD node_modules/parseurl
3981 silly ADD node_modules/finalhandler
3982 silly ADD node_modules/finalhandler/node_modules/ms
3983 silly ADD node_modules/finalhandler/node_modules/debug
3984 silly ADD node_modules/mime-db
3985 silly ADD node_modules/vary
3986 silly ADD node_modules/safe-buffer
3987 silly ADD node_modules/on-headers
3988 silly ADD node_modules/negotiator
3989 silly ADD node_modules/compressible
3990 silly ADD node_modules/bytes
3991 silly ADD node_modules/color-name
3992 silly ADD node_modules/color-convert
3993 silly ADD node_modules/supports-color
3994 silly ADD node_modules/ansi-styles
3995 silly ADD node_modules/update-browserslist-db
3996 silly ADD node_modules/node-releases
3997 silly ADD node_modules/electron-to-chromium
3998 silly ADD node_modules/caniuse-lite
3999 silly ADD node_modules/baseline-browser-mapping
4000 silly ADD node_modules/resolve
4001 silly ADD node_modules/lodash.debounce
4002 silly ADD node_modules/@babel/helper-define-polyfill-provider
4003 silly ADD node_modules/@types/yargs-parser
4004 silly ADD node_modules/undici-types
4005 silly ADD node_modules/@types/istanbul-lib-report
4006 silly ADD node_modules/rimraf
4007 silly ADD node_modules/lighthouse-logger
4008 silly ADD node_modules/lighthouse-logger/node_modules/ms
4009 silly ADD node_modules/lighthouse-logger/node_modules/debug
4010 silly ADD node_modules/is-wsl
4011 silly ADD node_modules/escape-string-regexp
4012 silly ADD node_modules/@babel/plugin-syntax-typescript
4013 silly ADD node_modules/@babel/plugin-syntax-jsx
4014 silly ADD node_modules/@babel/plugin-syntax-optional-catch-binding
4015 silly ADD node_modules/@babel/plugin-syntax-object-rest-spread
4016 silly ADD node_modules/@babel/plugin-syntax-numeric-separator
4017 silly ADD node_modules/@babel/plugin-syntax-logical-assignment-operators
4018 silly ADD node_modules/@babel/plugin-syntax-async-generators
4019 silly ADD node_modules/@babel/helper-environment-visitor
4020 silly ADD node_modules/babel-plugin-transform-flow-enums
4021 silly ADD node_modules/@react-native/babel-plugin-codegen
4022 silly ADD node_modules/@babel/plugin-transform-typescript
4023 silly ADD node_modules/@babel/plugin-transform-runtime
4024 silly ADD node_modules/@babel/plugin-transform-runtime/node_modules/babel-plugin-polyfill-corejs3
4025 silly ADD node_modules/@babel/plugin-transform-react-jsx-source
4026 silly ADD node_modules/@babel/plugin-transform-react-jsx-self
4027 silly ADD node_modules/@babel/plugin-transform-react-jsx
4028 silly ADD node_modules/@babel/plugin-transform-react-display-name
4029 silly ADD node_modules/@babel/plugin-transform-flow-strip-types
4030 silly ADD node_modules/@babel/plugin-syntax-optional-chaining
4031 silly ADD node_modules/@babel/plugin-syntax-nullish-coalescing-operator
4032 silly ADD node_modules/@babel/plugin-syntax-flow
4033 silly ADD node_modules/@babel/plugin-syntax-export-default-from
4034 silly ADD node_modules/@babel/plugin-syntax-dynamic-import
4035 silly ADD node_modules/@babel/plugin-proposal-optional-chaining
4036 silly ADD node_modules/@babel/plugin-proposal-optional-catch-binding
4037 silly ADD node_modules/@babel/plugin-proposal-object-rest-spread
4038 silly ADD node_modules/@babel/plugin-proposal-numeric-separator
4039 silly ADD node_modules/@babel/plugin-proposal-nullish-coalescing-operator
4040 silly ADD node_modules/@babel/plugin-proposal-logical-assignment-operators
4041 silly ADD node_modules/@babel/plugin-proposal-export-default-from
4042 silly ADD node_modules/@babel/plugin-proposal-class-properties
4043 silly ADD node_modules/@babel/plugin-proposal-async-generator-functions
4044 silly ADD node_modules/@react-native/babel-preset
4045 silly ADD node_modules/temp-dir
4046 silly ADD node_modules/selfsigned
4047 silly ADD node_modules/chrome-launcher
4048 silly ADD node_modules/@rnx-kit/chromium-edge-launcher
4049 silly ADD node_modules/@rnx-kit/chromium-edge-launcher/node_modules/undici-types
4050 silly ADD node_modules/@rnx-kit/chromium-edge-launcher/node_modules/mkdirp
4051 silly ADD node_modules/@rnx-kit/chromium-edge-launcher/node_modules/@types/node
4052 silly ADD node_modules/@react-native/debugger-frontend
4053 silly ADD node_modules/@isaacs/ttlcache
4054 silly ADD node_modules/readline
4055 silly ADD node_modules/querystring
4056 silly ADD node_modules/metro-core
4057 silly ADD node_modules/metro-config
4058 silly ADD node_modules/metro
4059 silly ADD node_modules/metro/node_modules/hermes-estree
4060 silly ADD node_modules/metro/node_modules/ms
4061 silly ADD node_modules/metro/node_modules/ws
4062 silly ADD node_modules/metro/node_modules/strip-ansi
4063 silly ADD node_modules/metro/node_modules/source-map
4064 silly ADD node_modules/metro/node_modules/hermes-parser
4065 silly ADD node_modules/metro/node_modules/debug
4066 silly ADD node_modules/metro/node_modules/ci-info
4067 silly ADD node_modules/@react-native/metro-babel-transformer
4068 silly ADD node_modules/@react-native/dev-middleware
4069 silly ADD node_modules/@react-native/dev-middleware/node_modules/ms
4070 silly ADD node_modules/@react-native/dev-middleware/node_modules/open
4071 silly ADD node_modules/@react-native/dev-middleware/node_modules/debug
4072 silly ADD node_modules/jscodeshift
4073 silly ADD node_modules/hermes-parser
4074 silly ADD node_modules/glob
4075 silly ADD node_modules/sudo-prompt
4076 silly ADD node_modules/shell-quote
4077 silly ADD node_modules/open
4078 silly ADD node_modules/open/node_modules/is-wsl
4079 silly ADD node_modules/node-fetch
4080 silly ADD node_modules/mime
4081 silly ADD node_modules/appdirsjs
4082 silly ADD node_modules/nocache
4083 silly ADD node_modules/errorhandler
4084 silly ADD node_modules/connect
4085 silly ADD node_modules/connect/node_modules/ms
4086 silly ADD node_modules/connect/node_modules/debug
4087 silly ADD node_modules/compression
4088 silly ADD node_modules/compression/node_modules/ms
4089 silly ADD node_modules/compression/node_modules/debug
4090 silly ADD node_modules/logkitty
4091 silly ADD node_modules/logkitty/node_modules/camelcase
4092 silly ADD node_modules/logkitty/node_modules/wrap-ansi
4093 silly ADD node_modules/logkitty/node_modules/strip-ansi
4094 silly ADD node_modules/logkitty/node_modules/yargs-parser
4095 silly ADD node_modules/logkitty/node_modules/y18n
4096 silly ADD node_modules/logkitty/node_modules/cliui
4097 silly ADD node_modules/logkitty/node_modules/yargs
4098 silly ADD node_modules/fast-xml-parser
4099 silly ADD node_modules/yaml
4100 silly ADD node_modules/wcwidth
4101 silly ADD node_modules/strip-ansi
4102 silly ADD node_modules/strip-ansi/node_modules/ansi-regex
4103 silly ADD node_modules/ora
4104 silly ADD node_modules/ora/node_modules/strip-ansi
4105 silly ADD node_modules/node-stream-zip
4106 silly ADD node_modules/hermes-profile-transformer
4107 silly ADD node_modules/envinfo
4108 silly ADD node_modules/command-exists
4109 silly ADD node_modules/@react-native-community/cli-platform-apple
4110 silly ADD node_modules/serve-static
4111 silly ADD node_modules/serve-static/node_modules/encodeurl
4112 silly ADD node_modules/joi
4113 silly ADD node_modules/cosmiconfig
4114 silly ADD node_modules/fast-glob
4115 silly ADD node_modules/prompts
4116 silly ADD node_modules/graceful-fs
4117 silly ADD node_modules/fs-extra
4118 silly ADD node_modules/find-up
4119 silly ADD node_modules/execa
4120 silly ADD node_modules/deepmerge
4121 silly ADD node_modules/commander
4122 silly ADD node_modules/@react-native-community/cli-types
4123 silly ADD node_modules/@react-native-community/cli-tools
4124 silly ADD node_modules/@react-native-community/cli-tools/node_modules/p-limit
4125 silly ADD node_modules/@react-native-community/cli-tools/node_modules/p-locate
4126 silly ADD node_modules/@react-native-community/cli-tools/node_modules/locate-path
4127 silly ADD node_modules/@react-native-community/cli-tools/node_modules/semver
4128 silly ADD node_modules/@react-native-community/cli-tools/node_modules/find-up
4129 silly ADD node_modules/@react-native-community/cli-server-api
4130 silly ADD node_modules/@react-native-community/cli-hermes
4131 silly ADD node_modules/@react-native-community/cli-doctor
4132 silly ADD node_modules/@react-native-community/cli-doctor/node_modules/semver
4133 silly ADD node_modules/@react-native-community/cli-debugger-ui
4134 silly ADD node_modules/@react-native-community/cli-config
4135 silly ADD node_modules/@react-native-community/cli-clean
4136 silly ADD node_modules/@jridgewell/resolve-uri
4137 silly ADD node_modules/@jridgewell/sourcemap-codec
4138 silly ADD node_modules/@sinclair/typebox
4139 silly ADD node_modules/@types/yargs
4140 silly ADD node_modules/@types/node
4141 silly ADD node_modules/@types/istanbul-reports
4142 silly ADD node_modules/@types/istanbul-lib-coverage
4143 silly ADD node_modules/@jest/schemas
4144 silly ADD node_modules/@jest/types
4145 silly ADD node_modules/@babel/helper-string-parser
4146 silly ADD node_modules/esutils
4147 silly ADD node_modules/@babel/helper-globals
4148 silly ADD node_modules/@babel/helper-replace-supers
4149 silly ADD node_modules/@babel/helper-optimise-call-expression
4150 silly ADD node_modules/@babel/helper-member-expression-to-functions
4151 silly ADD node_modules/@babel/helper-create-class-features-plugin
4152 silly ADD node_modules/@babel/helper-wrap-function
4153 silly ADD node_modules/@babel/helper-remap-async-to-generator
4154 silly ADD node_modules/regexpu-core
4155 silly ADD node_modules/@babel/helper-annotate-as-pure
4156 silly ADD node_modules/@babel/helper-create-regexp-features-plugin
4157 silly ADD node_modules/@babel/helper-skip-transparent-expression-wrappers
4158 silly ADD node_modules/core-js-compat
4159 silly ADD node_modules/babel-plugin-polyfill-regenerator
4160 silly ADD node_modules/babel-plugin-polyfill-corejs3
4161 silly ADD node_modules/babel-plugin-polyfill-corejs2
4162 silly ADD node_modules/@babel/preset-modules
4163 silly ADD node_modules/@babel/plugin-transform-unicode-sets-regex
4164 silly ADD node_modules/@babel/plugin-transform-unicode-regex
4165 silly ADD node_modules/@babel/plugin-transform-unicode-property-regex
4166 silly ADD node_modules/@babel/plugin-transform-unicode-escapes
4167 silly ADD node_modules/@babel/plugin-transform-typeof-symbol
4168 silly ADD node_modules/@babel/plugin-transform-template-literals
4169 silly ADD node_modules/@babel/plugin-transform-sticky-regex
4170 silly ADD node_modules/@babel/plugin-transform-spread
4171 silly ADD node_modules/@babel/plugin-transform-shorthand-properties
4172 silly ADD node_modules/@babel/plugin-transform-reserved-words
4173 silly ADD node_modules/@babel/plugin-transform-regexp-modifiers
4174 silly ADD node_modules/@babel/plugin-transform-regenerator
4175 silly ADD node_modules/@babel/plugin-transform-property-literals
4176 silly ADD node_modules/@babel/plugin-transform-private-property-in-object
4177 silly ADD node_modules/@babel/plugin-transform-private-methods
4178 silly ADD node_modules/@babel/plugin-transform-parameters
4179 silly ADD node_modules/@babel/plugin-transform-optional-chaining
4180 silly ADD node_modules/@babel/plugin-transform-optional-catch-binding
4181 silly ADD node_modules/@babel/plugin-transform-object-super
4182 silly ADD node_modules/@babel/plugin-transform-object-rest-spread
4183 silly ADD node_modules/@babel/plugin-transform-numeric-separator
4184 silly ADD node_modules/@babel/plugin-transform-nullish-coalescing-operator
4185 silly ADD node_modules/@babel/plugin-transform-new-target
4186 silly ADD node_modules/@babel/plugin-transform-named-capturing-groups-regex
4187 silly ADD node_modules/@babel/plugin-transform-modules-umd
4188 silly ADD node_modules/@babel/plugin-transform-modules-systemjs
4189 silly ADD node_modules/@babel/plugin-transform-modules-commonjs
4190 silly ADD node_modules/@babel/plugin-transform-modules-amd
4191 silly ADD node_modules/@babel/plugin-transform-member-expression-literals
4192 silly ADD node_modules/@babel/plugin-transform-logical-assignment-operators
4193 silly ADD node_modules/@babel/plugin-transform-literals
4194 silly ADD node_modules/@babel/plugin-transform-json-strings
4195 silly ADD node_modules/@babel/plugin-transform-function-name
4196 silly ADD node_modules/@babel/plugin-transform-for-of
4197 silly ADD node_modules/@babel/plugin-transform-export-namespace-from
4198 silly ADD node_modules/@babel/plugin-transform-exponentiation-operator
4199 silly ADD node_modules/@babel/plugin-transform-explicit-resource-management
4200 silly ADD node_modules/@babel/plugin-transform-dynamic-import
4201 silly ADD node_modules/@babel/plugin-transform-duplicate-named-capturing-groups-regex
4202 silly ADD node_modules/@babel/plugin-transform-duplicate-keys
4203 silly ADD node_modules/@babel/plugin-transform-dotall-regex
4204 silly ADD node_modules/@babel/plugin-transform-destructuring
4205 silly ADD node_modules/@babel/plugin-transform-computed-properties
4206 silly ADD node_modules/@babel/plugin-transform-classes
4207 silly ADD node_modules/@babel/plugin-transform-class-static-block
4208 silly ADD node_modules/@babel/plugin-transform-class-properties
4209 silly ADD node_modules/@babel/plugin-transform-block-scoping
4210 silly ADD node_modules/@babel/plugin-transform-block-scoped-functions
4211 silly ADD node_modules/@babel/plugin-transform-async-to-generator
4212 silly ADD node_modules/@babel/plugin-transform-async-generator-functions
4213 silly ADD node_modules/@babel/plugin-transform-arrow-functions
4214 silly ADD node_modules/@babel/plugin-syntax-unicode-sets-regex
4215 silly ADD node_modules/@babel/plugin-syntax-import-attributes
4216 silly ADD node_modules/@babel/plugin-syntax-import-assertions
4217 silly ADD node_modules/@babel/plugin-proposal-private-property-in-object
4218 silly ADD node_modules/@babel/plugin-bugfix-v8-static-class-fields-redefine-readonly
4219 silly ADD node_modules/@babel/plugin-bugfix-v8-spread-parameters-in-optional-chaining
4220 silly ADD node_modules/@babel/plugin-bugfix-safari-rest-destructuring-rhs-array
4221 silly ADD node_modules/@babel/plugin-bugfix-safari-id-destructuring-collision-in-function-expression
4222 silly ADD node_modules/@babel/plugin-bugfix-safari-class-field-initializer-scope
4223 silly ADD node_modules/@babel/plugin-bugfix-firefox-class-in-computed-class-key
4224 silly ADD node_modules/@babel/helper-plugin-utils
4225 silly ADD node_modules/@babel/helper-module-imports
4226 silly ADD node_modules/lru-cache
4227 silly ADD node_modules/browserslist
4228 silly ADD node_modules/@babel/helper-validator-option
4229 silly ADD node_modules/@babel/compat-data
4230 silly ADD node_modules/jsesc
4231 silly ADD node_modules/@jridgewell/trace-mapping
4232 silly ADD node_modules/@jridgewell/gen-mapping
4233 silly ADD node_modules/picocolors
4234 silly ADD node_modules/@babel/helper-validator-identifier
4235 silly ADD node_modules/semver
4236 silly ADD node_modules/json5
4237 silly ADD node_modules/gensync
4238 silly ADD node_modules/debug
4239 silly ADD node_modules/convert-source-map
4240 silly ADD node_modules/@jridgewell/remapping
4241 silly ADD node_modules/@babel/types
4242 silly ADD node_modules/@babel/traverse
4243 silly ADD node_modules/@babel/template
4244 silly ADD node_modules/@babel/parser
4245 silly ADD node_modules/@babel/helpers
4246 silly ADD node_modules/@babel/helper-module-transforms
4247 silly ADD node_modules/@babel/helper-compilation-targets
4248 silly ADD node_modules/@babel/generator
4249 silly ADD node_modules/@babel/code-frame
4250 silly ADD node_modules/yargs
4251 silly ADD node_modules/ws
4252 silly ADD node_modules/whatwg-fetch
4253 silly ADD node_modules/stacktrace-parser
4254 silly ADD node_modules/scheduler
4255 silly ADD node_modules/regenerator-runtime
4256 silly ADD node_modules/react-shallow-renderer
4257 silly ADD node_modules/react-refresh
4258 silly ADD node_modules/react-devtools-core
4259 silly ADD node_modules/react-devtools-core/node_modules/ws
4260 silly ADD node_modules/promise
4261 silly ADD node_modules/pretty-format
4262 silly ADD node_modules/pretty-format/node_modules/@types/yargs
4263 silly ADD node_modules/pretty-format/node_modules/@jest/types
4264 silly ADD node_modules/nullthrows
4265 silly ADD node_modules/mkdirp
4266 silly ADD node_modules/metro-source-map
4267 silly ADD node_modules/metro-source-map/node_modules/source-map
4268 silly ADD node_modules/metro-runtime
4269 silly ADD node_modules/memoize-one
4270 silly ADD node_modules/jsc-android
4271 silly ADD node_modules/jest-environment-node
4272 silly ADD node_modules/invariant
4273 silly ADD node_modules/flow-enums-runtime
4274 silly ADD node_modules/event-target-shim
4275 silly ADD node_modules/chalk
4276 silly ADD node_modules/base64-js
4277 silly ADD node_modules/ansi-regex
4278 silly ADD node_modules/anser
4279 silly ADD node_modules/abort-controller
4280 silly ADD node_modules/@react-native/virtualized-lists
4281 silly ADD node_modules/@react-native/normalize-colors
4282 silly ADD node_modules/@react-native/js-polyfills
4283 silly ADD node_modules/@react-native/gradle-plugin
4284 silly ADD node_modules/@react-native/community-cli-plugin
4285 silly ADD node_modules/@babel/core
4286 silly ADD node_modules/@babel/preset-env
4287 silly ADD node_modules/@react-native/codegen
4288 silly ADD node_modules/@react-native/assets-registry
4289 silly ADD node_modules/@react-native-community/cli-platform-ios
4290 silly ADD node_modules/@react-native-community/cli-platform-android
4291 silly ADD node_modules/@react-native-community/cli
4292 silly ADD node_modules/@react-native-community/cli/node_modules/semver
4293 silly ADD node_modules/@jest/create-cache-key-function
4294 silly ADD node_modules/js-tokens
4295 silly ADD node_modules/loose-envify
4296 silly ADD node_modules/react
4297 silly ADD node_modules/react-native
4298 verbose cwd /private/var/folders/8w/6bt0s6791sgfprqd3lwk_26r0000gn/T/rncli-init-template-7Y6e6l
4299 verbose os Darwin 25.5.0
4300 verbose node v24.12.0
4301 verbose npm  v11.6.2
4302 verbose exit 0
4303 info ok
